26-05-11.10:05:45.616 [org.springframework.amqp.rabbit.RabbitListenerEndpointContainer#1-1] ERROR CreditAdjustSuccessCustomer - 监听积分账户调整成功消息，进行交易商品发货失败 topic: credit_adjust_success message: {"data":{"amount":-1.68,"orderId":"849555347552","outBusinessNo":"700091009200","userId":"xiaofuge"},"id":"36319250145","timestamp":1778465143977}
org.springframework.dao.DataIntegrityViolationException: 
### Error updating database.  Cause: java.sql.SQLIntegrityConstraintViolationException: Column 'user_id' cannot be null
### The error may exist in file [E:\project_java\big-market\big-market-app\target\classes\mybatis\mapper\raffle_activity_account_mapper.xml]
### The error may involve cn.gzy.infrastructure.persistent.dao.IRaffleActivityAccountDao.insert-Inline
### The error occurred while setting parameters
### SQL: insert into raffle_activity_account         (user_id, activity_id, total_count, total_count_surplus, day_count,          day_count_surplus, month_count, month_count_surplus, create_time, update_time)         values             (?, ?, ?, ?, ?,              ?, ?, ?, now(), now())
### Cause: java.sql.SQLIntegrityConstraintViolationException: Column 'user_id' cannot be null
; Column 'user_id' cannot be null; nested exception is java.sql.SQLIntegrityConstraintViolationException: Column 'user_id' cannot be null
	at org.springframework.jdbc.support.SQLExceptionSubclassTranslator.doTranslate(SQLExceptionSubclassTranslator.java:87)
	at org.springframework.jdbc.support.AbstractFallbackSQLExceptionTranslator.translate(AbstractFallbackSQLExceptionTranslator.java:70)
	at org.springframework.jdbc.support.AbstractFallbackSQLExceptionTranslator.translate(AbstractFallbackSQLExceptionTranslator.java:79)
	at org.mybatis.spring.MyBatisExceptionTranslator.translateExceptionIfPossible(MyBatisExceptionTranslator.java:91)
	at org.mybatis.spring.SqlSessionTemplate$SqlSessionInterceptor.invoke(SqlSessionTemplate.java:441)
	at com.sun.proxy.$Proxy109.insert(Unknown Source)
	at org.mybatis.spring.SqlSessionTemplate.insert(SqlSessionTemplate.java:272)
	at org.apache.ibatis.binding.MapperMethod.execute(MapperMethod.java:62)
	at org.apache.ibatis.binding.MapperProxy$PlainMethodInvoker.invoke(MapperProxy.java:152)
	at org.apache.ibatis.binding.MapperProxy.invoke(MapperProxy.java:85)
	at com.sun.proxy.$Proxy115.insert(Unknown Source)
	at sun.reflect.NativeMethodAccessorImpl.invoke0(Native Method)
	at sun.reflect.NativeMethodAccessorImpl.invoke(NativeMethodAccessorImpl.java:62)
	at sun.reflect.DelegatingMethodAccessorImpl.invoke(DelegatingMethodAccessorImpl.java:43)
	at java.lang.reflect.Method.invoke(Method.java:498)
	at org.springframework.aop.support.AopUtils.invokeJoinpointUsingReflection(AopUtils.java:344)
	at org.springframework.aop.framework.ReflectiveMethodInvocation.invokeJoinpoint(ReflectiveMethodInvocation.java:198)
	at org.springframework.aop.framework.ReflectiveMethodInvocation.proceed(ReflectiveMethodInvocation.java:163)
	at org.springframework.aop.interceptor.ExposeInvocationInterceptor.invoke(ExposeInvocationInterceptor.java:97)
	at org.springframework.aop.framework.ReflectiveMethodInvocation.proceed(ReflectiveMethodInvocation.java:186)
	at org.springframework.aop.framework.JdkDynamicAopProxy.invoke(JdkDynamicAopProxy.java:220)
	at com.sun.proxy.$Proxy116.insert(Unknown Source)
	at cn.gzy.infrastructure.persistent.repository.ActivityRepository.lambda$updateOrder$3(ActivityRepository.java:686)
	at org.springframework.transaction.support.TransactionTemplate.execute(TransactionTemplate.java:140)
	at cn.gzy.infrastructure.persistent.repository.ActivityRepository.updateOrder(ActivityRepository.java:675)
	at cn.gzy.infrastructure.persistent.repository.ActivityRepository$$FastClassBySpringCGLIB$$9abb50c6.invoke(<generated>)
	at org.springframework.cglib.proxy.MethodProxy.invoke(MethodProxy.java:218)
	at org.springframework.aop.framework.CglibAopProxy$CglibMethodInvocation.invokeJoinpoint(CglibAopProxy.java:793)
	at org.springframework.aop.framework.ReflectiveMethodInvocation.proceed(ReflectiveMethodInvocation.java:163)
	at org.springframework.aop.framework.CglibAopProxy$CglibMethodInvocation.proceed(CglibAopProxy.java:763)
	at org.springframework.dao.support.PersistenceExceptionTranslationInterceptor.invoke(PersistenceExceptionTranslationInterceptor.java:137)
	at org.springframework.aop.framework.ReflectiveMethodInvocation.proceed(ReflectiveMethodInvocation.java:186)
	at org.springframework.aop.framework.CglibAopProxy$CglibMethodInvocation.proceed(CglibAopProxy.java:763)
	at org.springframework.aop.framework.CglibAopProxy$DynamicAdvisedInterceptor.intercept(CglibAopProxy.java:708)
	at cn.gzy.infrastructure.persistent.repository.ActivityRepository$$EnhancerBySpringCGLIB$$d40f7c36.updateOrder(<generated>)
	at cn.gzy.domain.activity.service.quota.RaffleActivityAccountQuotaService.updateOrder(RaffleActivityAccountQuotaService.java:97)
	at cn.gzy.trigger.listener.CreditAdjustSuccessCustomer.listener(CreditAdjustSuccessCustomer.java:45)
	at sun.reflect.NativeMethodAccessorImpl.invoke0(Native Method)
	at sun.reflect.NativeMethodAccessorImpl.invoke(NativeMethodAccessorImpl.java:62)
	at sun.reflect.DelegatingMethodAccessorImpl.invoke(DelegatingMethodAccessorImpl.java:43)
	at java.lang.reflect.Method.invoke(Method.java:498)
	at org.springframework.messaging.handler.invocation.InvocableHandlerMethod.doInvoke(InvocableHandlerMethod.java:169)
	at org.springframework.messaging.handler.invocation.InvocableHandlerMethod.invoke(InvocableHandlerMethod.java:119)
	at org.springframework.amqp.rabbit.listener.adapter.HandlerAdapter.invoke(HandlerAdapter.java:77)
	at org.springframework.amqp.rabbit.listener.adapter.MessagingMessageListenerAdapter.invokeHandler(MessagingMessageListenerAdapter.java:263)
	at org.springframework.amqp.rabbit.listener.adapter.MessagingMessageListenerAdapter.invokeHandlerAndProcessResult(MessagingMessageListenerAdapter.java:209)
	at org.springframework.amqp.rabbit.listener.adapter.MessagingMessageListenerAdapter.onMessage(MessagingMessageListenerAdapter.java:148)
	at org.springframework.amqp.rabbit.listener.AbstractMessageListenerContainer.doInvokeListener(AbstractMessageListenerContainer.java:1674)
	at org.springframework.amqp.rabbit.listener.AbstractMessageListenerContainer.actualInvokeListener(AbstractMessageListenerContainer.java:1593)
	at org.springframework.amqp.rabbit.listener.AbstractMessageListenerContainer.invokeListener(AbstractMessageListenerContainer.java:1581)
	at org.springframework.amqp.rabbit.listener.AbstractMessageListenerContainer.doExecuteListener(AbstractMessageListenerContainer.java:1572)
	at org.springframework.amqp.rabbit.listener.AbstractMessageListenerContainer.executeListener(AbstractMessageListenerContainer.java:1516)
	at org.springframework.amqp.rabbit.listener.SimpleMessageListenerContainer.doReceiveAndExecute(SimpleMessageListenerContainer.java:1001)
	at org.springframework.amqp.rabbit.listener.SimpleMessageListenerContainer.receiveAndExecute(SimpleMessageListenerContainer.java:948)
	at org.springframework.amqp.rabbit.listener.SimpleMessageListenerContainer.access$1600(SimpleMessageListenerContainer.java:86)
	at org.springframework.amqp.rabbit.listener.SimpleMessageListenerContainer$AsyncMessageProcessingConsumer.mainLoop(SimpleMessageListenerContainer.java:1326)
	at org.springframework.amqp.rabbit.listener.SimpleMessageListenerContainer$AsyncMessageProcessingConsumer.run(SimpleMessageListenerContainer.java:1232)
	at java.lang.Thread.run(Thread.java:748)
Caused by: java.sql.SQLIntegrityConstraintViolationException: Column 'user_id' cannot be null
	at com.mysql.cj.jdbc.exceptions.SQLError.createSQLException(SQLError.java:117)
	at com.mysql.cj.jdbc.exceptions.SQLError.createSQLException(SQLError.java:97)
	at com.mysql.cj.jdbc.exceptions.SQLExceptionsMapping.translateException(SQLExceptionsMapping.java:122)
	at com.mysql.cj.jdbc.ClientPreparedStatement.executeInternal(ClientPreparedStatement.java:953)
	at com.mysql.cj.jdbc.ClientPreparedStatement.execute(ClientPreparedStatement.java:370)
	at com.zaxxer.hikari.pool.ProxyPreparedStatement.execute(ProxyPreparedStatement.java:44)
	at com.zaxxer.hikari.pool.HikariProxyPreparedStatement.execute(HikariProxyPreparedStatement.java)
	at org.apache.ibatis.executor.statement.PreparedStatementHandler.update(PreparedStatementHandler.java:47)
	at org.apache.ibatis.executor.statement.RoutingStatementHandler.update(RoutingStatementHandler.java:74)
	at sun.reflect.NativeMethodAccessorImpl.invoke0(Native Method)
	at sun.reflect.NativeMethodAccessorImpl.invoke(NativeMethodAccessorImpl.java:62)
	at sun.reflect.DelegatingMethodAccessorImpl.invoke(DelegatingMethodAccessorImpl.java:43)
	at java.lang.reflect.Method.invoke(Method.java:498)
	at org.apache.ibatis.plugin.Plugin.invoke(Plugin.java:63)
	at com.sun.proxy.$Proxy207.update(Unknown Source)
	at org.apache.ibatis.executor.SimpleExecutor.doUpdate(SimpleExecutor.java:50)
	at org.apache.ibatis.executor.BaseExecutor.update(BaseExecutor.java:117)
	at org.apache.ibatis.executor.CachingExecutor.update(CachingExecutor.java:76)
	at org.apache.ibatis.session.defaults.DefaultSqlSession.update(DefaultSqlSession.java:197)
	at org.apache.ibatis.session.defaults.DefaultSqlSession.insert(DefaultSqlSession.java:184)
	at sun.reflect.NativeMethodAccessorImpl.invoke0(Native Method)
	at sun.reflect.NativeMethodAccessorImpl.invoke(NativeMethodAccessorImpl.java:62)
	at sun.reflect.DelegatingMethodAccessorImpl.invoke(DelegatingMethodAccessorImpl.java:43)
	at java.lang.reflect.Method.invoke(Method.java:498)
	at org.mybatis.spring.SqlSessionTemplate$SqlSessionInterceptor.invoke(SqlSessionTemplate.java:427)
	... 53 common frames omitted
26-05-11.10:05:45.617 [org.springframework.amqp.rabbit.RabbitListenerEndpointContainer#1-1] WARN  ConditionalRejectingErrorHandler - Execution of Rabbit message listener failed.
org.springframework.amqp.rabbit.support.ListenerExecutionFailedException: Listener method 'public void cn.gzy.trigger.listener.CreditAdjustSuccessCustomer.listener(java.lang.String)' threw exception
	at org.springframework.amqp.rabbit.listener.adapter.MessagingMessageListenerAdapter.invokeHandler(MessagingMessageListenerAdapter.java:272)
	at org.springframework.amqp.rabbit.listener.adapter.MessagingMessageListenerAdapter.invokeHandlerAndProcessResult(MessagingMessageListenerAdapter.java:209)
	at org.springframework.amqp.rabbit.listener.adapter.MessagingMessageListenerAdapter.onMessage(MessagingMessageListenerAdapter.java:148)
	at org.springframework.amqp.rabbit.listener.AbstractMessageListenerContainer.doInvokeListener(AbstractMessageListenerContainer.java:1674)
	at org.springframework.amqp.rabbit.listener.AbstractMessageListenerContainer.actualInvokeListener(AbstractMessageListenerContainer.java:1593)
	at org.springframework.amqp.rabbit.listener.AbstractMessageListenerContainer.invokeListener(AbstractMessageListenerContainer.java:1581)
	at org.springframework.amqp.rabbit.listener.AbstractMessageListenerContainer.doExecuteListener(AbstractMessageListenerContainer.java:1572)
	at org.springframework.amqp.rabbit.listener.AbstractMessageListenerContainer.executeListener(AbstractMessageListenerContainer.java:1516)
	at org.springframework.amqp.rabbit.listener.SimpleMessageListenerContainer.doReceiveAndExecute(SimpleMessageListenerContainer.java:1001)
	at org.springframework.amqp.rabbit.listener.SimpleMessageListenerContainer.receiveAndExecute(SimpleMessageListenerContainer.java:948)
	at org.springframework.amqp.rabbit.listener.SimpleMessageListenerContainer.access$1600(SimpleMessageListenerContainer.java:86)
	at org.springframework.amqp.rabbit.listener.SimpleMessageListenerContainer$AsyncMessageProcessingConsumer.mainLoop(SimpleMessageListenerContainer.java:1326)
	at org.springframework.amqp.rabbit.listener.SimpleMessageListenerContainer$AsyncMessageProcessingConsumer.run(SimpleMessageListenerContainer.java:1232)
	at java.lang.Thread.run(Thread.java:748)
Caused by: org.springframework.dao.DataIntegrityViolationException: 
### Error updating database.  Cause: java.sql.SQLIntegrityConstraintViolationException: Column 'user_id' cannot be null
### The error may exist in file [E:\project_java\big-market\big-market-app\target\classes\mybatis\mapper\raffle_activity_account_mapper.xml]
### The error may involve cn.gzy.infrastructure.persistent.dao.IRaffleActivityAccountDao.insert-Inline
### The error occurred while setting parameters
### SQL: insert into raffle_activity_account         (user_id, activity_id, total_count, total_count_surplus, day_count,          day_count_surplus, month_count, month_count_surplus, create_time, update_time)         values             (?, ?, ?, ?, ?,              ?, ?, ?, now(), now())
### Cause: java.sql.SQLIntegrityConstraintViolationException: Column 'user_id' cannot be null
; Column 'user_id' cannot be null; nested exception is java.sql.SQLIntegrityConstraintViolationException: Column 'user_id' cannot be null
	at org.springframework.jdbc.support.SQLExceptionSubclassTranslator.doTranslate(SQLExceptionSubclassTranslator.java:87)
	at org.springframework.jdbc.support.AbstractFallbackSQLExceptionTranslator.translate(AbstractFallbackSQLExceptionTranslator.java:70)
	at org.springframework.jdbc.support.AbstractFallbackSQLExceptionTranslator.translate(AbstractFallbackSQLExceptionTranslator.java:79)
	at org.mybatis.spring.MyBatisExceptionTranslator.translateExceptionIfPossible(MyBatisExceptionTranslator.java:91)
	at org.mybatis.spring.SqlSessionTemplate$SqlSessionInterceptor.invoke(SqlSessionTemplate.java:441)
	at com.sun.proxy.$Proxy109.insert(Unknown Source)
	at org.mybatis.spring.SqlSessionTemplate.insert(SqlSessionTemplate.java:272)
	at org.apache.ibatis.binding.MapperMethod.execute(MapperMethod.java:62)
	at org.apache.ibatis.binding.MapperProxy$PlainMethodInvoker.invoke(MapperProxy.java:152)
	at org.apache.ibatis.binding.MapperProxy.invoke(MapperProxy.java:85)
	at com.sun.proxy.$Proxy115.insert(Unknown Source)
	at sun.reflect.NativeMethodAccessorImpl.invoke0(Native Method)
	at sun.reflect.NativeMethodAccessorImpl.invoke(NativeMethodAccessorImpl.java:62)
	at sun.reflect.DelegatingMethodAccessorImpl.invoke(DelegatingMethodAccessorImpl.java:43)
	at java.lang.reflect.Method.invoke(Method.java:498)
	at org.springframework.aop.support.AopUtils.invokeJoinpointUsingReflection(AopUtils.java:344)
	at org.springframework.aop.framework.ReflectiveMethodInvocation.invokeJoinpoint(ReflectiveMethodInvocation.java:198)
	at org.springframework.aop.framework.ReflectiveMethodInvocation.proceed(ReflectiveMethodInvocation.java:163)
	at org.springframework.aop.interceptor.ExposeInvocationInterceptor.invoke(ExposeInvocationInterceptor.java:97)
	at org.springframework.aop.framework.ReflectiveMethodInvocation.proceed(ReflectiveMethodInvocation.java:186)
	at org.springframework.aop.framework.JdkDynamicAopProxy.invoke(JdkDynamicAopProxy.java:220)
	at com.sun.proxy.$Proxy116.insert(Unknown Source)
	at cn.gzy.infrastructure.persistent.repository.ActivityRepository.lambda$updateOrder$3(ActivityRepository.java:686)
	at org.springframework.transaction.support.TransactionTemplate.execute(TransactionTemplate.java:140)
	at cn.gzy.infrastructure.persistent.repository.ActivityRepository.updateOrder(ActivityRepository.java:675)
	at cn.gzy.infrastructure.persistent.repository.ActivityRepository$$FastClassBySpringCGLIB$$9abb50c6.invoke(<generated>)
	at org.springframework.cglib.proxy.MethodProxy.invoke(MethodProxy.java:218)
	at org.springframework.aop.framework.CglibAopProxy$CglibMethodInvocation.invokeJoinpoint(CglibAopProxy.java:793)
	at org.springframework.aop.framework.ReflectiveMethodInvocation.proceed(ReflectiveMethodInvocation.java:163)
	at org.springframework.aop.framework.CglibAopProxy$CglibMethodInvocation.proceed(CglibAopProxy.java:763)
	at org.springframework.dao.support.PersistenceExceptionTranslationInterceptor.invoke(PersistenceExceptionTranslationInterceptor.java:137)
	at org.springframework.aop.framework.ReflectiveMethodInvocation.proceed(ReflectiveMethodInvocation.java:186)
	at org.springframework.aop.framework.CglibAopProxy$CglibMethodInvocation.proceed(CglibAopProxy.java:763)
	at org.springframework.aop.framework.CglibAopProxy$DynamicAdvisedInterceptor.intercept(CglibAopProxy.java:708)
	at cn.gzy.infrastructure.persistent.repository.ActivityRepository$$EnhancerBySpringCGLIB$$d40f7c36.updateOrder(<generated>)
	at cn.gzy.domain.activity.service.quota.RaffleActivityAccountQuotaService.updateOrder(RaffleActivityAccountQuotaService.java:97)
	at cn.gzy.trigger.listener.CreditAdjustSuccessCustomer.listener(CreditAdjustSuccessCustomer.java:45)
	at sun.reflect.NativeMethodAccessorImpl.invoke0(Native Method)
	at sun.reflect.NativeMethodAccessorImpl.invoke(NativeMethodAccessorImpl.java:62)
	at sun.reflect.DelegatingMethodAccessorImpl.invoke(DelegatingMethodAccessorImpl.java:43)
	at java.lang.reflect.Method.invoke(Method.java:498)
	at org.springframework.messaging.handler.invocation.InvocableHandlerMethod.doInvoke(InvocableHandlerMethod.java:169)
	at org.springframework.messaging.handler.invocation.InvocableHandlerMethod.invoke(InvocableHandlerMethod.java:119)
	at org.springframework.amqp.rabbit.listener.adapter.HandlerAdapter.invoke(HandlerAdapter.java:77)
	at org.springframework.amqp.rabbit.listener.adapter.MessagingMessageListenerAdapter.invokeHandler(MessagingMessageListenerAdapter.java:263)
	... 13 common frames omitted
Caused by: java.sql.SQLIntegrityConstraintViolationException: Column 'user_id' cannot be null
	at com.mysql.cj.jdbc.exceptions.SQLError.createSQLException(SQLError.java:117)
	at com.mysql.cj.jdbc.exceptions.SQLError.createSQLException(SQLError.java:97)
	at com.mysql.cj.jdbc.exceptions.SQLExceptionsMapping.translateException(SQLExceptionsMapping.java:122)
	at com.mysql.cj.jdbc.ClientPreparedStatement.executeInternal(ClientPreparedStatement.java:953)
	at com.mysql.cj.jdbc.ClientPreparedStatement.execute(ClientPreparedStatement.java:370)
	at com.zaxxer.hikari.pool.ProxyPreparedStatement.execute(ProxyPreparedStatement.java:44)
	at com.zaxxer.hikari.pool.HikariProxyPreparedStatement.execute(HikariProxyPreparedStatement.java)
	at org.apache.ibatis.executor.statement.PreparedStatementHandler.update(PreparedStatementHandler.java:47)
	at org.apache.ibatis.executor.statement.RoutingStatementHandler.update(RoutingStatementHandler.java:74)
	at sun.reflect.NativeMethodAccessorImpl.invoke0(Native Method)
	at sun.reflect.NativeMethodAccessorImpl.invoke(NativeMethodAccessorImpl.java:62)
	at sun.reflect.DelegatingMethodAccessorImpl.invoke(DelegatingMethodAccessorImpl.java:43)
	at java.lang.reflect.Method.invoke(Method.java:498)
	at org.apache.ibatis.plugin.Plugin.invoke(Plugin.java:63)
	at com.sun.proxy.$Proxy207.update(Unknown Source)
	at org.apache.ibatis.executor.SimpleExecutor.doUpdate(SimpleExecutor.java:50)
	at org.apache.ibatis.executor.BaseExecutor.update(BaseExecutor.java:117)
	at org.apache.ibatis.executor.CachingExecutor.update(CachingExecutor.java:76)
	at org.apache.ibatis.session.defaults.DefaultSqlSession.update(DefaultSqlSession.java:197)
	at org.apache.ibatis.session.defaults.DefaultSqlSession.insert(DefaultSqlSession.java:184)
	at sun.reflect.NativeMethodAccessorImpl.invoke0(Native Method)
	at sun.reflect.NativeMethodAccessorImpl.invoke(NativeMethodAccessorImpl.java:62)
	at sun.reflect.DelegatingMethodAccessorImpl.invoke(DelegatingMethodAccessorImpl.java:43)
	at java.lang.reflect.Method.invoke(Method.java:498)
	at org.mybatis.spring.SqlSessionTemplate$SqlSessionInterceptor.invoke(SqlSessionTemplate.java:427)
	... 53 common frames omitted
26-05-11.10:05:46.013 [org.springframework.amqp.rabbit.RabbitListenerEndpointContainer#1-1] ERROR CreditAdjustSuccessCustomer - 监听积分账户调整成功消息，进行交易商品发货失败 topic: credit_adjust_success message: {"data":{"amount":-1.68,"orderId":"849555347552","outBusinessNo":"700091009200","userId":"xiaofuge"},"id":"36319250145","timestamp":1778465143977}
org.springframework.dao.DataIntegrityViolationException: 
### Error updating database.  Cause: java.sql.SQLIntegrityConstraintViolationException: Column 'user_id' cannot be null
### The error may exist in file [E:\project_java\big-market\big-market-app\target\classes\mybatis\mapper\raffle_activity_account_mapper.xml]
### The error may involve cn.gzy.infrastructure.persistent.dao.IRaffleActivityAccountDao.insert-Inline
### The error occurred while setting parameters
### SQL: insert into raffle_activity_account         (user_id, activity_id, total_count, total_count_surplus, day_count,          day_count_surplus, month_count, month_count_surplus, create_time, update_time)         values             (?, ?, ?, ?, ?,              ?, ?, ?, now(), now())
### Cause: java.sql.SQLIntegrityConstraintViolationException: Column 'user_id' cannot be null
; Column 'user_id' cannot be null; nested exception is java.sql.SQLIntegrityConstraintViolationException: Column 'user_id' cannot be null
	at org.springframework.jdbc.support.SQLExceptionSubclassTranslator.doTranslate(SQLExceptionSubclassTranslator.java:87)
	at org.springframework.jdbc.support.AbstractFallbackSQLExceptionTranslator.translate(AbstractFallbackSQLExceptionTranslator.java:70)
	at org.springframework.jdbc.support.AbstractFallbackSQLExceptionTranslator.translate(AbstractFallbackSQLExceptionTranslator.java:79)
	at org.mybatis.spring.MyBatisExceptionTranslator.translateExceptionIfPossible(MyBatisExceptionTranslator.java:91)
	at org.mybatis.spring.SqlSessionTemplate$SqlSessionInterceptor.invoke(SqlSessionTemplate.java:441)
	at com.sun.proxy.$Proxy109.insert(Unknown Source)
	at org.mybatis.spring.SqlSessionTemplate.insert(SqlSessionTemplate.java:272)
	at org.apache.ibatis.binding.MapperMethod.execute(MapperMethod.java:62)
	at org.apache.ibatis.binding.MapperProxy$PlainMethodInvoker.invoke(MapperProxy.java:152)
	at org.apache.ibatis.binding.MapperProxy.invoke(MapperProxy.java:85)
	at com.sun.proxy.$Proxy115.insert(Unknown Source)
	at sun.reflect.NativeMethodAccessorImpl.invoke0(Native Method)
	at sun.reflect.NativeMethodAccessorImpl.invoke(NativeMethodAccessorImpl.java:62)
	at sun.reflect.DelegatingMethodAccessorImpl.invoke(DelegatingMethodAccessorImpl.java:43)
	at java.lang.reflect.Method.invoke(Method.java:498)
	at org.springframework.aop.support.AopUtils.invokeJoinpointUsingReflection(AopUtils.java:344)
	at org.springframework.aop.framework.ReflectiveMethodInvocation.invokeJoinpoint(ReflectiveMethodInvocation.java:198)
	at org.springframework.aop.framework.ReflectiveMethodInvocation.proceed(ReflectiveMethodInvocation.java:163)
	at org.springframework.aop.interceptor.ExposeInvocationInterceptor.invoke(ExposeInvocationInterceptor.java:97)
	at org.springframework.aop.framework.ReflectiveMethodInvocation.proceed(ReflectiveMethodInvocation.java:186)
	at org.springframework.aop.framework.JdkDynamicAopProxy.invoke(JdkDynamicAopProxy.java:220)
	at com.sun.proxy.$Proxy116.insert(Unknown Source)
	at cn.gzy.infrastructure.persistent.repository.ActivityRepository.lambda$updateOrder$3(ActivityRepository.java:686)
	at org.springframework.transaction.support.TransactionTemplate.execute(TransactionTemplate.java:140)
	at cn.gzy.infrastructure.persistent.repository.ActivityRepository.updateOrder(ActivityRepository.java:675)
	at cn.gzy.infrastructure.persistent.repository.ActivityRepository$$FastClassBySpringCGLIB$$9abb50c6.invoke(<generated>)
	at org.springframework.cglib.proxy.MethodProxy.invoke(MethodProxy.java:218)
	at org.springframework.aop.framework.CglibAopProxy$CglibMethodInvocation.invokeJoinpoint(CglibAopProxy.java:793)
	at org.springframework.aop.framework.ReflectiveMethodInvocation.proceed(ReflectiveMethodInvocation.java:163)
	at org.springframework.aop.framework.CglibAopProxy$CglibMethodInvocation.proceed(CglibAopProxy.java:763)
	at org.springframework.dao.support.PersistenceExceptionTranslationInterceptor.invoke(PersistenceExceptionTranslationInterceptor.java:137)
	at org.springframework.aop.framework.ReflectiveMethodInvocation.proceed(ReflectiveMethodInvocation.java:186)
	at org.springframework.aop.framework.CglibAopProxy$CglibMethodInvocation.proceed(CglibAopProxy.java:763)
	at org.springframework.aop.framework.CglibAopProxy$DynamicAdvisedInterceptor.intercept(CglibAopProxy.java:708)
	at cn.gzy.infrastructure.persistent.repository.ActivityRepository$$EnhancerBySpringCGLIB$$d40f7c36.updateOrder(<generated>)
	at cn.gzy.domain.activity.service.quota.RaffleActivityAccountQuotaService.updateOrder(RaffleActivityAccountQuotaService.java:97)
	at cn.gzy.trigger.listener.CreditAdjustSuccessCustomer.listener(CreditAdjustSuccessCustomer.java:45)
	at sun.reflect.NativeMethodAccessorImpl.invoke0(Native Method)
	at sun.reflect.NativeMethodAccessorImpl.invoke(NativeMethodAccessorImpl.java:62)
	at sun.reflect.DelegatingMethodAccessorImpl.invoke(DelegatingMethodAccessorImpl.java:43)
	at java.lang.reflect.Method.invoke(Method.java:498)
	at org.springframework.messaging.handler.invocation.InvocableHandlerMethod.doInvoke(InvocableHandlerMethod.java:169)
	at org.springframework.messaging.handler.invocation.InvocableHandlerMethod.invoke(InvocableHandlerMethod.java:119)
	at org.springframework.amqp.rabbit.listener.adapter.HandlerAdapter.invoke(HandlerAdapter.java:77)
	at org.springframework.amqp.rabbit.listener.adapter.MessagingMessageListenerAdapter.invokeHandler(MessagingMessageListenerAdapter.java:263)
	at org.springframework.amqp.rabbit.listener.adapter.MessagingMessageListenerAdapter.invokeHandlerAndProcessResult(MessagingMessageListenerAdapter.java:209)
	at org.springframework.amqp.rabbit.listener.adapter.MessagingMessageListenerAdapter.onMessage(MessagingMessageListenerAdapter.java:148)
	at org.springframework.amqp.rabbit.listener.AbstractMessageListenerContainer.doInvokeListener(AbstractMessageListenerContainer.java:1674)
	at org.springframework.amqp.rabbit.listener.AbstractMessageListenerContainer.actualInvokeListener(AbstractMessageListenerContainer.java:1593)
	at org.springframework.amqp.rabbit.listener.AbstractMessageListenerContainer.invokeListener(AbstractMessageListenerContainer.java:1581)
	at org.springframework.amqp.rabbit.listener.AbstractMessageListenerContainer.doExecuteListener(AbstractMessageListenerContainer.java:1572)
	at org.springframework.amqp.rabbit.listener.AbstractMessageListenerContainer.executeListener(AbstractMessageListenerContainer.java:1516)
	at org.springframework.amqp.rabbit.listener.SimpleMessageListenerContainer.doReceiveAndExecute(SimpleMessageListenerContainer.java:1001)
	at org.springframework.amqp.rabbit.listener.SimpleMessageListenerContainer.receiveAndExecute(SimpleMessageListenerContainer.java:948)
	at org.springframework.amqp.rabbit.listener.SimpleMessageListenerContainer.access$1600(SimpleMessageListenerContainer.java:86)
	at org.springframework.amqp.rabbit.listener.SimpleMessageListenerContainer$AsyncMessageProcessingConsumer.mainLoop(SimpleMessageListenerContainer.java:1326)
	at org.springframework.amqp.rabbit.listener.SimpleMessageListenerContainer$AsyncMessageProcessingConsumer.run(SimpleMessageListenerContainer.java:1232)
	at java.lang.Thread.run(Thread.java:748)
Caused by: java.sql.SQLIntegrityConstraintViolationException: Column 'user_id' cannot be null
	at com.mysql.cj.jdbc.exceptions.SQLError.createSQLException(SQLError.java:117)
	at com.mysql.cj.jdbc.exceptions.SQLError.createSQLException(SQLError.java:97)
	at com.mysql.cj.jdbc.exceptions.SQLExceptionsMapping.translateException(SQLExceptionsMapping.java:122)
	at com.mysql.cj.jdbc.ClientPreparedStatement.executeInternal(ClientPreparedStatement.java:953)
	at com.mysql.cj.jdbc.ClientPreparedStatement.execute(ClientPreparedStatement.java:370)
	at com.zaxxer.hikari.pool.ProxyPreparedStatement.execute(ProxyPreparedStatement.java:44)
	at com.zaxxer.hikari.pool.HikariProxyPreparedStatement.execute(HikariProxyPreparedStatement.java)
	at org.apache.ibatis.executor.statement.PreparedStatementHandler.update(PreparedStatementHandler.java:47)
	at org.apache.ibatis.executor.statement.RoutingStatementHandler.update(RoutingStatementHandler.java:74)
	at sun.reflect.NativeMethodAccessorImpl.invoke0(Native Method)
	at sun.reflect.NativeMethodAccessorImpl.invoke(NativeMethodAccessorImpl.java:62)
	at sun.reflect.DelegatingMethodAccessorImpl.invoke(DelegatingMethodAccessorImpl.java:43)
	at java.lang.reflect.Method.invoke(Method.java:498)
	at org.apache.ibatis.plugin.Plugin.invoke(Plugin.java:63)
	at com.sun.proxy.$Proxy207.update(Unknown Source)
	at org.apache.ibatis.executor.SimpleExecutor.doUpdate(SimpleExecutor.java:50)
	at org.apache.ibatis.executor.BaseExecutor.update(BaseExecutor.java:117)
	at org.apache.ibatis.executor.CachingExecutor.update(CachingExecutor.java:76)
	at org.apache.ibatis.session.defaults.DefaultSqlSession.update(DefaultSqlSession.java:197)
	at org.apache.ibatis.session.defaults.DefaultSqlSession.insert(DefaultSqlSession.java:184)
	at sun.reflect.NativeMethodAccessorImpl.invoke0(Native Method)
	at sun.reflect.NativeMethodAccessorImpl.invoke(NativeMethodAccessorImpl.java:62)
	at sun.reflect.DelegatingMethodAccessorImpl.invoke(DelegatingMethodAccessorImpl.java:43)
	at java.lang.reflect.Method.invoke(Method.java:498)
	at org.mybatis.spring.SqlSessionTemplate$SqlSessionInterceptor.invoke(SqlSessionTemplate.java:427)
	... 53 common frames omitted
26-05-11.10:05:46.013 [org.springframework.amqp.rabbit.RabbitListenerEndpointContainer#1-1] WARN  ConditionalRejectingErrorHandler - Execution of Rabbit message listener failed.
org.springframework.amqp.rabbit.support.ListenerExecutionFailedException: Listener method 'public void cn.gzy.trigger.listener.CreditAdjustSuccessCustomer.listener(java.lang.String)' threw exception
	at org.springframework.amqp.rabbit.listener.adapter.MessagingMessageListenerAdapter.invokeHandler(MessagingMessageListenerAdapter.java:272)
	at org.springframework.amqp.rabbit.listener.adapter.MessagingMessageListenerAdapter.invokeHandlerAndProcessResult(MessagingMessageListenerAdapter.java:209)
	at org.springframework.amqp.rabbit.listener.adapter.MessagingMessageListenerAdapter.onMessage(MessagingMessageListenerAdapter.java:148)
	at org.springframework.amqp.rabbit.listener.AbstractMessageListenerContainer.doInvokeListener(AbstractMessageListenerContainer.java:1674)
	at org.springframework.amqp.rabbit.listener.AbstractMessageListenerContainer.actualInvokeListener(AbstractMessageListenerContainer.java:1593)
	at org.springframework.amqp.rabbit.listener.AbstractMessageListenerContainer.invokeListener(AbstractMessageListenerContainer.java:1581)
	at org.springframework.amqp.rabbit.listener.AbstractMessageListenerContainer.doExecuteListener(AbstractMessageListenerContainer.java:1572)
	at org.springframework.amqp.rabbit.listener.AbstractMessageListenerContainer.executeListener(AbstractMessageListenerContainer.java:1516)
	at org.springframework.amqp.rabbit.listener.SimpleMessageListenerContainer.doReceiveAndExecute(SimpleMessageListenerContainer.java:1001)
	at org.springframework.amqp.rabbit.listener.SimpleMessageListenerContainer.receiveAndExecute(SimpleMessageListenerContainer.java:948)
	at org.springframework.amqp.rabbit.listener.SimpleMessageListenerContainer.access$1600(SimpleMessageListenerContainer.java:86)
	at org.springframework.amqp.rabbit.listener.SimpleMessageListenerContainer$AsyncMessageProcessingConsumer.mainLoop(SimpleMessageListenerContainer.java:1326)
	at org.springframework.amqp.rabbit.listener.SimpleMessageListenerContainer$AsyncMessageProcessingConsumer.run(SimpleMessageListenerContainer.java:1232)
	at java.lang.Thread.run(Thread.java:748)
Caused by: org.springframework.dao.DataIntegrityViolationException: 
### Error updating database.  Cause: java.sql.SQLIntegrityConstraintViolationException: Column 'user_id' cannot be null
### The error may exist in file [E:\project_java\big-market\big-market-app\target\classes\mybatis\mapper\raffle_activity_account_mapper.xml]
### The error may involve cn.gzy.infrastructure.persistent.dao.IRaffleActivityAccountDao.insert-Inline
### The error occurred while setting parameters
### SQL: insert into raffle_activity_account         (user_id, activity_id, total_count, total_count_surplus, day_count,          day_count_surplus, month_count, month_count_surplus, create_time, update_time)         values             (?, ?, ?, ?, ?,              ?, ?, ?, now(), now())
### Cause: java.sql.SQLIntegrityConstraintViolationException: Column 'user_id' cannot be null
; Column 'user_id' cannot be null; nested exception is java.sql.SQLIntegrityConstraintViolationException: Column 'user_id' cannot be null
	at org.springframework.jdbc.support.SQLExceptionSubclassTranslator.doTranslate(SQLExceptionSubclassTranslator.java:87)
	at org.springframework.jdbc.support.AbstractFallbackSQLExceptionTranslator.translate(AbstractFallbackSQLExceptionTranslator.java:70)
	at org.springframework.jdbc.support.AbstractFallbackSQLExceptionTranslator.translate(AbstractFallbackSQLExceptionTranslator.java:79)
	at org.mybatis.spring.MyBatisExceptionTranslator.translateExceptionIfPossible(MyBatisExceptionTranslator.java:91)
	at org.mybatis.spring.SqlSessionTemplate$SqlSessionInterceptor.invoke(SqlSessionTemplate.java:441)
	at com.sun.proxy.$Proxy109.insert(Unknown Source)
	at org.mybatis.spring.SqlSessionTemplate.insert(SqlSessionTemplate.java:272)
	at org.apache.ibatis.binding.MapperMethod.execute(MapperMethod.java:62)
	at org.apache.ibatis.binding.MapperProxy$PlainMethodInvoker.invoke(MapperProxy.java:152)
	at org.apache.ibatis.binding.MapperProxy.invoke(MapperProxy.java:85)
	at com.sun.proxy.$Proxy115.insert(Unknown Source)
	at sun.reflect.NativeMethodAccessorImpl.invoke0(Native Method)
	at sun.reflect.NativeMethodAccessorImpl.invoke(NativeMethodAccessorImpl.java:62)
	at sun.reflect.DelegatingMethodAccessorImpl.invoke(DelegatingMethodAccessorImpl.java:43)
	at java.lang.reflect.Method.invoke(Method.java:498)
	at org.springframework.aop.support.AopUtils.invokeJoinpointUsingReflection(AopUtils.java:344)
	at org.springframework.aop.framework.ReflectiveMethodInvocation.invokeJoinpoint(ReflectiveMethodInvocation.java:198)
	at org.springframework.aop.framework.ReflectiveMethodInvocation.proceed(ReflectiveMethodInvocation.java:163)
	at org.springframework.aop.interceptor.ExposeInvocationInterceptor.invoke(ExposeInvocationInterceptor.java:97)
	at org.springframework.aop.framework.ReflectiveMethodInvocation.proceed(ReflectiveMethodInvocation.java:186)
	at org.springframework.aop.framework.JdkDynamicAopProxy.invoke(JdkDynamicAopProxy.java:220)
	at com.sun.proxy.$Proxy116.insert(Unknown Source)
	at cn.gzy.infrastructure.persistent.repository.ActivityRepository.lambda$updateOrder$3(ActivityRepository.java:686)
	at org.springframework.transaction.support.TransactionTemplate.execute(TransactionTemplate.java:140)
	at cn.gzy.infrastructure.persistent.repository.ActivityRepository.updateOrder(ActivityRepository.java:675)
	at cn.gzy.infrastructure.persistent.repository.ActivityRepository$$FastClassBySpringCGLIB$$9abb50c6.invoke(<generated>)
	at org.springframework.cglib.proxy.MethodProxy.invoke(MethodProxy.java:218)
	at org.springframework.aop.framework.CglibAopProxy$CglibMethodInvocation.invokeJoinpoint(CglibAopProxy.java:793)
	at org.springframework.aop.framework.ReflectiveMethodInvocation.proceed(ReflectiveMethodInvocation.java:163)
	at org.springframework.aop.framework.CglibAopProxy$CglibMethodInvocation.proceed(CglibAopProxy.java:763)
	at org.springframework.dao.support.PersistenceExceptionTranslationInterceptor.invoke(PersistenceExceptionTranslationInterceptor.java:137)
	at org.springframework.aop.framework.ReflectiveMethodInvocation.proceed(ReflectiveMethodInvocation.java:186)
	at org.springframework.aop.framework.CglibAopProxy$CglibMethodInvocation.proceed(CglibAopProxy.java:763)
	at org.springframework.aop.framework.CglibAopProxy$DynamicAdvisedInterceptor.intercept(CglibAopProxy.java:708)
	at cn.gzy.infrastructure.persistent.repository.ActivityRepository$$EnhancerBySpringCGLIB$$d40f7c36.updateOrder(<generated>)
	at cn.gzy.domain.activity.service.quota.RaffleActivityAccountQuotaService.updateOrder(RaffleActivityAccountQuotaService.java:97)
	at cn.gzy.trigger.listener.CreditAdjustSuccessCustomer.listener(CreditAdjustSuccessCustomer.java:45)
	at sun.reflect.NativeMethodAccessorImpl.invoke0(Native Method)
	at sun.reflect.NativeMethodAccessorImpl.invoke(NativeMethodAccessorImpl.java:62)
	at sun.reflect.DelegatingMethodAccessorImpl.invoke(DelegatingMethodAccessorImpl.java:43)
	at java.lang.reflect.Method.invoke(Method.java:498)
	at org.springframework.messaging.handler.invocation.InvocableHandlerMethod.doInvoke(InvocableHandlerMethod.java:169)
	at org.springframework.messaging.handler.invocation.InvocableHandlerMethod.invoke(InvocableHandlerMethod.java:119)
	at org.springframework.amqp.rabbit.listener.adapter.HandlerAdapter.invoke(HandlerAdapter.java:77)
	at org.springframework.amqp.rabbit.listener.adapter.MessagingMessageListenerAdapter.invokeHandler(MessagingMessageListenerAdapter.java:263)
	... 13 common frames omitted
Caused by: java.sql.SQLIntegrityConstraintViolationException: Column 'user_id' cannot be null
	at com.mysql.cj.jdbc.exceptions.SQLError.createSQLException(SQLError.java:117)
	at com.mysql.cj.jdbc.exceptions.SQLError.createSQLException(SQLError.java:97)
	at com.mysql.cj.jdbc.exceptions.SQLExceptionsMapping.translateException(SQLExceptionsMapping.java:122)
	at com.mysql.cj.jdbc.ClientPreparedStatement.executeInternal(ClientPreparedStatement.java:953)
	at com.mysql.cj.jdbc.ClientPreparedStatement.execute(ClientPreparedStatement.java:370)
	at com.zaxxer.hikari.pool.ProxyPreparedStatement.execute(ProxyPreparedStatement.java:44)
	at com.zaxxer.hikari.pool.HikariProxyPreparedStatement.execute(HikariProxyPreparedStatement.java)
	at org.apache.ibatis.executor.statement.PreparedStatementHandler.update(PreparedStatementHandler.java:47)
	at org.apache.ibatis.executor.statement.RoutingStatementHandler.update(RoutingStatementHandler.java:74)
	at sun.reflect.NativeMethodAccessorImpl.invoke0(Native Method)
	at sun.reflect.NativeMethodAccessorImpl.invoke(NativeMethodAccessorImpl.java:62)
	at sun.reflect.DelegatingMethodAccessorImpl.invoke(DelegatingMethodAccessorImpl.java:43)
	at java.lang.reflect.Method.invoke(Method.java:498)
	at org.apache.ibatis.plugin.Plugin.invoke(Plugin.java:63)
	at com.sun.proxy.$Proxy207.update(Unknown Source)
	at org.apache.ibatis.executor.SimpleExecutor.doUpdate(SimpleExecutor.java:50)
	at org.apache.ibatis.executor.BaseExecutor.update(BaseExecutor.java:117)
	at org.apache.ibatis.executor.CachingExecutor.update(CachingExecutor.java:76)
	at org.apache.ibatis.session.defaults.DefaultSqlSession.update(DefaultSqlSession.java:197)
	at org.apache.ibatis.session.defaults.DefaultSqlSession.insert(DefaultSqlSession.java:184)
	at sun.reflect.NativeMethodAccessorImpl.invoke0(Native Method)
	at sun.reflect.NativeMethodAccessorImpl.invoke(NativeMethodAccessorImpl.java:62)
	at sun.reflect.DelegatingMethodAccessorImpl.invoke(DelegatingMethodAccessorImpl.java:43)
	at java.lang.reflect.Method.invoke(Method.java:498)
	at org.mybatis.spring.SqlSessionTemplate$SqlSessionInterceptor.invoke(SqlSessionTemplate.java:427)
	... 53 common frames omitted
26-05-11.10:05:46.418 [org.springframework.amqp.rabbit.RabbitListenerEndpointContainer#1-1] ERROR CreditAdjustSuccessCustomer - 监听积分账户调整成功消息，进行交易商品发货失败 topic: credit_adjust_success message: {"data":{"amount":-1.68,"orderId":"849555347552","outBusinessNo":"700091009200","userId":"xiaofuge"},"id":"36319250145","timestamp":1778465143977}
org.springframework.dao.DataIntegrityViolationException: 
### Error updating database.  Cause: java.sql.SQLIntegrityConstraintViolationException: Column 'user_id' cannot be null
### The error may exist in file [E:\project_java\big-market\big-market-app\target\classes\mybatis\mapper\raffle_activity_account_mapper.xml]
### The error may involve cn.gzy.infrastructure.persistent.dao.IRaffleActivityAccountDao.insert-Inline
### The error occurred while setting parameters
### SQL: insert into raffle_activity_account         (user_id, activity_id, total_count, total_count_surplus, day_count,          day_count_surplus, month_count, month_count_surplus, create_time, update_time)         values             (?, ?, ?, ?, ?,              ?, ?, ?, now(), now())
### Cause: java.sql.SQLIntegrityConstraintViolationException: Column 'user_id' cannot be null
; Column 'user_id' cannot be null; nested exception is java.sql.SQLIntegrityConstraintViolationException: Column 'user_id' cannot be null
	at org.springframework.jdbc.support.SQLExceptionSubclassTranslator.doTranslate(SQLExceptionSubclassTranslator.java:87)
	at org.springframework.jdbc.support.AbstractFallbackSQLExceptionTranslator.translate(AbstractFallbackSQLExceptionTranslator.java:70)
	at org.springframework.jdbc.support.AbstractFallbackSQLExceptionTranslator.translate(AbstractFallbackSQLExceptionTranslator.java:79)
	at org.mybatis.spring.MyBatisExceptionTranslator.translateExceptionIfPossible(MyBatisExceptionTranslator.java:91)
	at org.mybatis.spring.SqlSessionTemplate$SqlSessionInterceptor.invoke(SqlSessionTemplate.java:441)
	at com.sun.proxy.$Proxy109.insert(Unknown Source)
	at org.mybatis.spring.SqlSessionTemplate.insert(SqlSessionTemplate.java:272)
	at org.apache.ibatis.binding.MapperMethod.execute(MapperMethod.java:62)
	at org.apache.ibatis.binding.MapperProxy$PlainMethodInvoker.invoke(MapperProxy.java:152)
	at org.apache.ibatis.binding.MapperProxy.invoke(MapperProxy.java:85)
	at com.sun.proxy.$Proxy115.insert(Unknown Source)
	at sun.reflect.NativeMethodAccessorImpl.invoke0(Native Method)
	at sun.reflect.NativeMethodAccessorImpl.invoke(NativeMethodAccessorImpl.java:62)
	at sun.reflect.DelegatingMethodAccessorImpl.invoke(DelegatingMethodAccessorImpl.java:43)
	at java.lang.reflect.Method.invoke(Method.java:498)
	at org.springframework.aop.support.AopUtils.invokeJoinpointUsingReflection(AopUtils.java:344)
	at org.springframework.aop.framework.ReflectiveMethodInvocation.invokeJoinpoint(ReflectiveMethodInvocation.java:198)
	at org.springframework.aop.framework.ReflectiveMethodInvocation.proceed(ReflectiveMethodInvocation.java:163)
	at org.springframework.aop.interceptor.ExposeInvocationInterceptor.invoke(ExposeInvocationInterceptor.java:97)
	at org.springframework.aop.framework.ReflectiveMethodInvocation.proceed(ReflectiveMethodInvocation.java:186)
	at org.springframework.aop.framework.JdkDynamicAopProxy.invoke(JdkDynamicAopProxy.java:220)
	at com.sun.proxy.$Proxy116.insert(Unknown Source)
	at cn.gzy.infrastructure.persistent.repository.ActivityRepository.lambda$updateOrder$3(ActivityRepository.java:686)
	at org.springframework.transaction.support.TransactionTemplate.execute(TransactionTemplate.java:140)
	at cn.gzy.infrastructure.persistent.repository.ActivityRepository.updateOrder(ActivityRepository.java:675)
	at cn.gzy.infrastructure.persistent.repository.ActivityRepository$$FastClassBySpringCGLIB$$9abb50c6.invoke(<generated>)
	at org.springframework.cglib.proxy.MethodProxy.invoke(MethodProxy.java:218)
	at org.springframework.aop.framework.CglibAopProxy$CglibMethodInvocation.invokeJoinpoint(CglibAopProxy.java:793)
	at org.springframework.aop.framework.ReflectiveMethodInvocation.proceed(ReflectiveMethodInvocation.java:163)
	at org.springframework.aop.framework.CglibAopProxy$CglibMethodInvocation.proceed(CglibAopProxy.java:763)
	at org.springframework.dao.support.PersistenceExceptionTranslationInterceptor.invoke(PersistenceExceptionTranslationInterceptor.java:137)
	at org.springframework.aop.framework.ReflectiveMethodInvocation.proceed(ReflectiveMethodInvocation.java:186)
	at org.springframework.aop.framework.CglibAopProxy$CglibMethodInvocation.proceed(CglibAopProxy.java:763)
	at org.springframework.aop.framework.CglibAopProxy$DynamicAdvisedInterceptor.intercept(CglibAopProxy.java:708)
	at cn.gzy.infrastructure.persistent.repository.ActivityRepository$$EnhancerBySpringCGLIB$$d40f7c36.updateOrder(<generated>)
	at cn.gzy.domain.activity.service.quota.RaffleActivityAccountQuotaService.updateOrder(RaffleActivityAccountQuotaService.java:97)
	at cn.gzy.trigger.listener.CreditAdjustSuccessCustomer.listener(CreditAdjustSuccessCustomer.java:45)
	at sun.reflect.NativeMethodAccessorImpl.invoke0(Native Method)
	at sun.reflect.NativeMethodAccessorImpl.invoke(NativeMethodAccessorImpl.java:62)
	at sun.reflect.DelegatingMethodAccessorImpl.invoke(DelegatingMethodAccessorImpl.java:43)
	at java.lang.reflect.Method.invoke(Method.java:498)
	at org.springframework.messaging.handler.invocation.InvocableHandlerMethod.doInvoke(InvocableHandlerMethod.java:169)
	at org.springframework.messaging.handler.invocation.InvocableHandlerMethod.invoke(InvocableHandlerMethod.java:119)
	at org.springframework.amqp.rabbit.listener.adapter.HandlerAdapter.invoke(HandlerAdapter.java:77)
	at org.springframework.amqp.rabbit.listener.adapter.MessagingMessageListenerAdapter.invokeHandler(MessagingMessageListenerAdapter.java:263)
	at org.springframework.amqp.rabbit.listener.adapter.MessagingMessageListenerAdapter.invokeHandlerAndProcessResult(MessagingMessageListenerAdapter.java:209)
	at org.springframework.amqp.rabbit.listener.adapter.MessagingMessageListenerAdapter.onMessage(MessagingMessageListenerAdapter.java:148)
	at org.springframework.amqp.rabbit.listener.AbstractMessageListenerContainer.doInvokeListener(AbstractMessageListenerContainer.java:1674)
	at org.springframework.amqp.rabbit.listener.AbstractMessageListenerContainer.actualInvokeListener(AbstractMessageListenerContainer.java:1593)
	at org.springframework.amqp.rabbit.listener.AbstractMessageListenerContainer.invokeListener(AbstractMessageListenerContainer.java:1581)
	at org.springframework.amqp.rabbit.listener.AbstractMessageListenerContainer.doExecuteListener(AbstractMessageListenerContainer.java:1572)
	at org.springframework.amqp.rabbit.listener.AbstractMessageListenerContainer.executeListener(AbstractMessageListenerContainer.java:1516)
	at org.springframework.amqp.rabbit.listener.SimpleMessageListenerContainer.doReceiveAndExecute(SimpleMessageListenerContainer.java:1001)
	at org.springframework.amqp.rabbit.listener.SimpleMessageListenerContainer.receiveAndExecute(SimpleMessageListenerContainer.java:948)
	at org.springframework.amqp.rabbit.listener.SimpleMessageListenerContainer.access$1600(SimpleMessageListenerContainer.java:86)
	at org.springframework.amqp.rabbit.listener.SimpleMessageListenerContainer$AsyncMessageProcessingConsumer.mainLoop(SimpleMessageListenerContainer.java:1326)
	at org.springframework.amqp.rabbit.listener.SimpleMessageListenerContainer$AsyncMessageProcessingConsumer.run(SimpleMessageListenerContainer.java:1232)
	at java.lang.Thread.run(Thread.java:748)
Caused by: java.sql.SQLIntegrityConstraintViolationException: Column 'user_id' cannot be null
	at com.mysql.cj.jdbc.exceptions.SQLError.createSQLException(SQLError.java:117)
	at com.mysql.cj.jdbc.exceptions.SQLError.createSQLException(SQLError.java:97)
	at com.mysql.cj.jdbc.exceptions.SQLExceptionsMapping.translateException(SQLExceptionsMapping.java:122)
	at com.mysql.cj.jdbc.ClientPreparedStatement.executeInternal(ClientPreparedStatement.java:953)
	at com.mysql.cj.jdbc.ClientPreparedStatement.execute(ClientPreparedStatement.java:370)
	at com.zaxxer.hikari.pool.ProxyPreparedStatement.execute(ProxyPreparedStatement.java:44)
	at com.zaxxer.hikari.pool.HikariProxyPreparedStatement.execute(HikariProxyPreparedStatement.java)
	at org.apache.ibatis.executor.statement.PreparedStatementHandler.update(PreparedStatementHandler.java:47)
	at org.apache.ibatis.executor.statement.RoutingStatementHandler.update(RoutingStatementHandler.java:74)
	at sun.reflect.NativeMethodAccessorImpl.invoke0(Native Method)
	at sun.reflect.NativeMethodAccessorImpl.invoke(NativeMethodAccessorImpl.java:62)
	at sun.reflect.DelegatingMethodAccessorImpl.invoke(DelegatingMethodAccessorImpl.java:43)
	at java.lang.reflect.Method.invoke(Method.java:498)
	at org.apache.ibatis.plugin.Plugin.invoke(Plugin.java:63)
	at com.sun.proxy.$Proxy207.update(Unknown Source)
	at org.apache.ibatis.executor.SimpleExecutor.doUpdate(SimpleExecutor.java:50)
	at org.apache.ibatis.executor.BaseExecutor.update(BaseExecutor.java:117)
	at org.apache.ibatis.executor.CachingExecutor.update(CachingExecutor.java:76)
	at org.apache.ibatis.session.defaults.DefaultSqlSession.update(DefaultSqlSession.java:197)
	at org.apache.ibatis.session.defaults.DefaultSqlSession.insert(DefaultSqlSession.java:184)
	at sun.reflect.NativeMethodAccessorImpl.invoke0(Native Method)
	at sun.reflect.NativeMethodAccessorImpl.invoke(NativeMethodAccessorImpl.java:62)
	at sun.reflect.DelegatingMethodAccessorImpl.invoke(DelegatingMethodAccessorImpl.java:43)
	at java.lang.reflect.Method.invoke(Method.java:498)
	at org.mybatis.spring.SqlSessionTemplate$SqlSessionInterceptor.invoke(SqlSessionTemplate.java:427)
	... 53 common frames omitted
26-05-11.10:05:46.418 [org.springframework.amqp.rabbit.RabbitListenerEndpointContainer#1-1] WARN  ConditionalRejectingErrorHandler - Execution of Rabbit message listener failed.
org.springframework.amqp.rabbit.support.ListenerExecutionFailedException: Listener method 'public void cn.gzy.trigger.listener.CreditAdjustSuccessCustomer.listener(java.lang.String)' threw exception
	at org.springframework.amqp.rabbit.listener.adapter.MessagingMessageListenerAdapter.invokeHandler(MessagingMessageListenerAdapter.java:272)
	at org.springframework.amqp.rabbit.listener.adapter.MessagingMessageListenerAdapter.invokeHandlerAndProcessResult(MessagingMessageListenerAdapter.java:209)
	at org.springframework.amqp.rabbit.listener.adapter.MessagingMessageListenerAdapter.onMessage(MessagingMessageListenerAdapter.java:148)
	at org.springframework.amqp.rabbit.listener.AbstractMessageListenerContainer.doInvokeListener(AbstractMessageListenerContainer.java:1674)
	at org.springframework.amqp.rabbit.listener.AbstractMessageListenerContainer.actualInvokeListener(AbstractMessageListenerContainer.java:1593)
	at org.springframework.amqp.rabbit.listener.AbstractMessageListenerContainer.invokeListener(AbstractMessageListenerContainer.java:1581)
	at org.springframework.amqp.rabbit.listener.AbstractMessageListenerContainer.doExecuteListener(AbstractMessageListenerContainer.java:1572)
	at org.springframework.amqp.rabbit.listener.AbstractMessageListenerContainer.executeListener(AbstractMessageListenerContainer.java:1516)
	at org.springframework.amqp.rabbit.listener.SimpleMessageListenerContainer.doReceiveAndExecute(SimpleMessageListenerContainer.java:1001)
	at org.springframework.amqp.rabbit.listener.SimpleMessageListenerContainer.receiveAndExecute(SimpleMessageListenerContainer.java:948)
	at org.springframework.amqp.rabbit.listener.SimpleMessageListenerContainer.access$1600(SimpleMessageListenerContainer.java:86)
	at org.springframework.amqp.rabbit.listener.SimpleMessageListenerContainer$AsyncMessageProcessingConsumer.mainLoop(SimpleMessageListenerContainer.java:1326)
	at org.springframework.amqp.rabbit.listener.SimpleMessageListenerContainer$AsyncMessageProcessingConsumer.run(SimpleMessageListenerContainer.java:1232)
	at java.lang.Thread.run(Thread.java:748)
Caused by: org.springframework.dao.DataIntegrityViolationException: 
### Error updating database.  Cause: java.sql.SQLIntegrityConstraintViolationException: Column 'user_id' cannot be null
### The error may exist in file [E:\project_java\big-market\big-market-app\target\classes\mybatis\mapper\raffle_activity_account_mapper.xml]
### The error may involve cn.gzy.infrastructure.persistent.dao.IRaffleActivityAccountDao.insert-Inline
### The error occurred while setting parameters
### SQL: insert into raffle_activity_account         (user_id, activity_id, total_count, total_count_surplus, day_count,          day_count_surplus, month_count, month_count_surplus, create_time, update_time)         values             (?, ?, ?, ?, ?,              ?, ?, ?, now(), now())
### Cause: java.sql.SQLIntegrityConstraintViolationException: Column 'user_id' cannot be null
; Column 'user_id' cannot be null; nested exception is java.sql.SQLIntegrityConstraintViolationException: Column 'user_id' cannot be null
	at org.springframework.jdbc.support.SQLExceptionSubclassTranslator.doTranslate(SQLExceptionSubclassTranslator.java:87)
	at org.springframework.jdbc.support.AbstractFallbackSQLExceptionTranslator.translate(AbstractFallbackSQLExceptionTranslator.java:70)
	at org.springframework.jdbc.support.AbstractFallbackSQLExceptionTranslator.translate(AbstractFallbackSQLExceptionTranslator.java:79)
	at org.mybatis.spring.MyBatisExceptionTranslator.translateExceptionIfPossible(MyBatisExceptionTranslator.java:91)
	at org.mybatis.spring.SqlSessionTemplate$SqlSessionInterceptor.invoke(SqlSessionTemplate.java:441)
	at com.sun.proxy.$Proxy109.insert(Unknown Source)
	at org.mybatis.spring.SqlSessionTemplate.insert(SqlSessionTemplate.java:272)
	at org.apache.ibatis.binding.MapperMethod.execute(MapperMethod.java:62)
	at org.apache.ibatis.binding.MapperProxy$PlainMethodInvoker.invoke(MapperProxy.java:152)
	at org.apache.ibatis.binding.MapperProxy.invoke(MapperProxy.java:85)
	at com.sun.proxy.$Proxy115.insert(Unknown Source)
	at sun.reflect.NativeMethodAccessorImpl.invoke0(Native Method)
	at sun.reflect.NativeMethodAccessorImpl.invoke(NativeMethodAccessorImpl.java:62)
	at sun.reflect.DelegatingMethodAccessorImpl.invoke(DelegatingMethodAccessorImpl.java:43)
	at java.lang.reflect.Method.invoke(Method.java:498)
	at org.springframework.aop.support.AopUtils.invokeJoinpointUsingReflection(AopUtils.java:344)
	at org.springframework.aop.framework.ReflectiveMethodInvocation.invokeJoinpoint(ReflectiveMethodInvocation.java:198)
	at org.springframework.aop.framework.ReflectiveMethodInvocation.proceed(ReflectiveMethodInvocation.java:163)
	at org.springframework.aop.interceptor.ExposeInvocationInterceptor.invoke(ExposeInvocationInterceptor.java:97)
	at org.springframework.aop.framework.ReflectiveMethodInvocation.proceed(ReflectiveMethodInvocation.java:186)
	at org.springframework.aop.framework.JdkDynamicAopProxy.invoke(JdkDynamicAopProxy.java:220)
	at com.sun.proxy.$Proxy116.insert(Unknown Source)
	at cn.gzy.infrastructure.persistent.repository.ActivityRepository.lambda$updateOrder$3(ActivityRepository.java:686)
	at org.springframework.transaction.support.TransactionTemplate.execute(TransactionTemplate.java:140)
	at cn.gzy.infrastructure.persistent.repository.ActivityRepository.updateOrder(ActivityRepository.java:675)
	at cn.gzy.infrastructure.persistent.repository.ActivityRepository$$FastClassBySpringCGLIB$$9abb50c6.invoke(<generated>)
	at org.springframework.cglib.proxy.MethodProxy.invoke(MethodProxy.java:218)
	at org.springframework.aop.framework.CglibAopProxy$CglibMethodInvocation.invokeJoinpoint(CglibAopProxy.java:793)
	at org.springframework.aop.framework.ReflectiveMethodInvocation.proceed(ReflectiveMethodInvocation.java:163)
	at org.springframework.aop.framework.CglibAopProxy$CglibMethodInvocation.proceed(CglibAopProxy.java:763)
	at org.springframework.dao.support.PersistenceExceptionTranslationInterceptor.invoke(PersistenceExceptionTranslationInterceptor.java:137)
	at org.springframework.aop.framework.ReflectiveMethodInvocation.proceed(ReflectiveMethodInvocation.java:186)
	at org.springframework.aop.framework.CglibAopProxy$CglibMethodInvocation.proceed(CglibAopProxy.java:763)
	at org.springframework.aop.framework.CglibAopProxy$DynamicAdvisedInterceptor.intercept(CglibAopProxy.java:708)
	at cn.gzy.infrastructure.persistent.repository.ActivityRepository$$EnhancerBySpringCGLIB$$d40f7c36.updateOrder(<generated>)
	at cn.gzy.domain.activity.service.quota.RaffleActivityAccountQuotaService.updateOrder(RaffleActivityAccountQuotaService.java:97)
	at cn.gzy.trigger.listener.CreditAdjustSuccessCustomer.listener(CreditAdjustSuccessCustomer.java:45)
	at sun.reflect.NativeMethodAccessorImpl.invoke0(Native Method)
	at sun.reflect.NativeMethodAccessorImpl.invoke(NativeMethodAccessorImpl.java:62)
	at sun.reflect.DelegatingMethodAccessorImpl.invoke(DelegatingMethodAccessorImpl.java:43)
	at java.lang.reflect.Method.invoke(Method.java:498)
	at org.springframework.messaging.handler.invocation.InvocableHandlerMethod.doInvoke(InvocableHandlerMethod.java:169)
	at org.springframework.messaging.handler.invocation.InvocableHandlerMethod.invoke(InvocableHandlerMethod.java:119)
	at org.springframework.amqp.rabbit.listener.adapter.HandlerAdapter.invoke(HandlerAdapter.java:77)
	at org.springframework.amqp.rabbit.listener.adapter.MessagingMessageListenerAdapter.invokeHandler(MessagingMessageListenerAdapter.java:263)
	... 13 common frames omitted
Caused by: java.sql.SQLIntegrityConstraintViolationException: Column 'user_id' cannot be null
	at com.mysql.cj.jdbc.exceptions.SQLError.createSQLException(SQLError.java:117)
	at com.mysql.cj.jdbc.exceptions.SQLError.createSQLException(SQLError.java:97)
	at com.mysql.cj.jdbc.exceptions.SQLExceptionsMapping.translateException(SQLExceptionsMapping.java:122)
	at com.mysql.cj.jdbc.ClientPreparedStatement.executeInternal(ClientPreparedStatement.java:953)
	at com.mysql.cj.jdbc.ClientPreparedStatement.execute(ClientPreparedStatement.java:370)
	at com.zaxxer.hikari.pool.ProxyPreparedStatement.execute(ProxyPreparedStatement.java:44)
	at com.zaxxer.hikari.pool.HikariProxyPreparedStatement.execute(HikariProxyPreparedStatement.java)
	at org.apache.ibatis.executor.statement.PreparedStatementHandler.update(PreparedStatementHandler.java:47)
	at org.apache.ibatis.executor.statement.RoutingStatementHandler.update(RoutingStatementHandler.java:74)
	at sun.reflect.NativeMethodAccessorImpl.invoke0(Native Method)
	at sun.reflect.NativeMethodAccessorImpl.invoke(NativeMethodAccessorImpl.java:62)
	at sun.reflect.DelegatingMethodAccessorImpl.invoke(DelegatingMethodAccessorImpl.java:43)
	at java.lang.reflect.Method.invoke(Method.java:498)
	at org.apache.ibatis.plugin.Plugin.invoke(Plugin.java:63)
	at com.sun.proxy.$Proxy207.update(Unknown Source)
	at org.apache.ibatis.executor.SimpleExecutor.doUpdate(SimpleExecutor.java:50)
	at org.apache.ibatis.executor.BaseExecutor.update(BaseExecutor.java:117)
	at org.apache.ibatis.executor.CachingExecutor.update(CachingExecutor.java:76)
	at org.apache.ibatis.session.defaults.DefaultSqlSession.update(DefaultSqlSession.java:197)
	at org.apache.ibatis.session.defaults.DefaultSqlSession.insert(DefaultSqlSession.java:184)
	at sun.reflect.NativeMethodAccessorImpl.invoke0(Native Method)
	at sun.reflect.NativeMethodAccessorImpl.invoke(NativeMethodAccessorImpl.java:62)
	at sun.reflect.DelegatingMethodAccessorImpl.invoke(DelegatingMethodAccessorImpl.java:43)
	at java.lang.reflect.Method.invoke(Method.java:498)
	at org.mybatis.spring.SqlSessionTemplate$SqlSessionInterceptor.invoke(SqlSessionTemplate.java:427)
	... 53 common frames omitted
26-05-11.10:05:46.822 [org.springframework.amqp.rabbit.RabbitListenerEndpointContainer#1-1] ERROR CreditAdjustSuccessCustomer - 监听积分账户调整成功消息，进行交易商品发货失败 topic: credit_adjust_success message: {"data":{"amount":-1.68,"orderId":"849555347552","outBusinessNo":"700091009200","userId":"xiaofuge"},"id":"36319250145","timestamp":1778465143977}
org.springframework.dao.DataIntegrityViolationException: 
### Error updating database.  Cause: java.sql.SQLIntegrityConstraintViolationException: Column 'user_id' cannot be null
### The error may exist in file [E:\project_java\big-market\big-market-app\target\classes\mybatis\mapper\raffle_activity_account_mapper.xml]
### The error may involve cn.gzy.infrastructure.persistent.dao.IRaffleActivityAccountDao.insert-Inline
### The error occurred while setting parameters
### SQL: insert into raffle_activity_account         (user_id, activity_id, total_count, total_count_surplus, day_count,          day_count_surplus, month_count, month_count_surplus, create_time, update_time)         values             (?, ?, ?, ?, ?,              ?, ?, ?, now(), now())
### Cause: java.sql.SQLIntegrityConstraintViolationException: Column 'user_id' cannot be null
; Column 'user_id' cannot be null; nested exception is java.sql.SQLIntegrityConstraintViolationException: Column 'user_id' cannot be null
	at org.springframework.jdbc.support.SQLExceptionSubclassTranslator.doTranslate(SQLExceptionSubclassTranslator.java:87)
	at org.springframework.jdbc.support.AbstractFallbackSQLExceptionTranslator.translate(AbstractFallbackSQLExceptionTranslator.java:70)
	at org.springframework.jdbc.support.AbstractFallbackSQLExceptionTranslator.translate(AbstractFallbackSQLExceptionTranslator.java:79)
	at org.mybatis.spring.MyBatisExceptionTranslator.translateExceptionIfPossible(MyBatisExceptionTranslator.java:91)
	at org.mybatis.spring.SqlSessionTemplate$SqlSessionInterceptor.invoke(SqlSessionTemplate.java:441)
	at com.sun.proxy.$Proxy109.insert(Unknown Source)
	at org.mybatis.spring.SqlSessionTemplate.insert(SqlSessionTemplate.java:272)
	at org.apache.ibatis.binding.MapperMethod.execute(MapperMethod.java:62)
	at org.apache.ibatis.binding.MapperProxy$PlainMethodInvoker.invoke(MapperProxy.java:152)
	at org.apache.ibatis.binding.MapperProxy.invoke(MapperProxy.java:85)
	at com.sun.proxy.$Proxy115.insert(Unknown Source)
	at sun.reflect.NativeMethodAccessorImpl.invoke0(Native Method)
	at sun.reflect.NativeMethodAccessorImpl.invoke(NativeMethodAccessorImpl.java:62)
	at sun.reflect.DelegatingMethodAccessorImpl.invoke(DelegatingMethodAccessorImpl.java:43)
	at java.lang.reflect.Method.invoke(Method.java:498)
	at org.springframework.aop.support.AopUtils.invokeJoinpointUsingReflection(AopUtils.java:344)
	at org.springframework.aop.framework.ReflectiveMethodInvocation.invokeJoinpoint(ReflectiveMethodInvocation.java:198)
	at org.springframework.aop.framework.ReflectiveMethodInvocation.proceed(ReflectiveMethodInvocation.java:163)
	at org.springframework.aop.interceptor.ExposeInvocationInterceptor.invoke(ExposeInvocationInterceptor.java:97)
	at org.springframework.aop.framework.ReflectiveMethodInvocation.proceed(ReflectiveMethodInvocation.java:186)
	at org.springframework.aop.framework.JdkDynamicAopProxy.invoke(JdkDynamicAopProxy.java:220)
	at com.sun.proxy.$Proxy116.insert(Unknown Source)
	at cn.gzy.infrastructure.persistent.repository.ActivityRepository.lambda$updateOrder$3(ActivityRepository.java:686)
	at org.springframework.transaction.support.TransactionTemplate.execute(TransactionTemplate.java:140)
	at cn.gzy.infrastructure.persistent.repository.ActivityRepository.updateOrder(ActivityRepository.java:675)
	at cn.gzy.infrastructure.persistent.repository.ActivityRepository$$FastClassBySpringCGLIB$$9abb50c6.invoke(<generated>)
	at org.springframework.cglib.proxy.MethodProxy.invoke(MethodProxy.java:218)
	at org.springframework.aop.framework.CglibAopProxy$CglibMethodInvocation.invokeJoinpoint(CglibAopProxy.java:793)
	at org.springframework.aop.framework.ReflectiveMethodInvocation.proceed(ReflectiveMethodInvocation.java:163)
	at org.springframework.aop.framework.CglibAopProxy$CglibMethodInvocation.proceed(CglibAopProxy.java:763)
	at org.springframework.dao.support.PersistenceExceptionTranslationInterceptor.invoke(PersistenceExceptionTranslationInterceptor.java:137)
	at org.springframework.aop.framework.ReflectiveMethodInvocation.proceed(ReflectiveMethodInvocation.java:186)
	at org.springframework.aop.framework.CglibAopProxy$CglibMethodInvocation.proceed(CglibAopProxy.java:763)
	at org.springframework.aop.framework.CglibAopProxy$DynamicAdvisedInterceptor.intercept(CglibAopProxy.java:708)
	at cn.gzy.infrastructure.persistent.repository.ActivityRepository$$EnhancerBySpringCGLIB$$d40f7c36.updateOrder(<generated>)
	at cn.gzy.domain.activity.service.quota.RaffleActivityAccountQuotaService.updateOrder(RaffleActivityAccountQuotaService.java:97)
	at cn.gzy.trigger.listener.CreditAdjustSuccessCustomer.listener(CreditAdjustSuccessCustomer.java:45)
	at sun.reflect.NativeMethodAccessorImpl.invoke0(Native Method)
	at sun.reflect.NativeMethodAccessorImpl.invoke(NativeMethodAccessorImpl.java:62)
	at sun.reflect.DelegatingMethodAccessorImpl.invoke(DelegatingMethodAccessorImpl.java:43)
	at java.lang.reflect.Method.invoke(Method.java:498)
	at org.springframework.messaging.handler.invocation.InvocableHandlerMethod.doInvoke(InvocableHandlerMethod.java:169)
	at org.springframework.messaging.handler.invocation.InvocableHandlerMethod.invoke(InvocableHandlerMethod.java:119)
	at org.springframework.amqp.rabbit.listener.adapter.HandlerAdapter.invoke(HandlerAdapter.java:77)
	at org.springframework.amqp.rabbit.listener.adapter.MessagingMessageListenerAdapter.invokeHandler(MessagingMessageListenerAdapter.java:263)
	at org.springframework.amqp.rabbit.listener.adapter.MessagingMessageListenerAdapter.invokeHandlerAndProcessResult(MessagingMessageListenerAdapter.java:209)
	at org.springframework.amqp.rabbit.listener.adapter.MessagingMessageListenerAdapter.onMessage(MessagingMessageListenerAdapter.java:148)
	at org.springframework.amqp.rabbit.listener.AbstractMessageListenerContainer.doInvokeListener(AbstractMessageListenerContainer.java:1674)
	at org.springframework.amqp.rabbit.listener.AbstractMessageListenerContainer.actualInvokeListener(AbstractMessageListenerContainer.java:1593)
	at org.springframework.amqp.rabbit.listener.AbstractMessageListenerContainer.invokeListener(AbstractMessageListenerContainer.java:1581)
	at org.springframework.amqp.rabbit.listener.AbstractMessageListenerContainer.doExecuteListener(AbstractMessageListenerContainer.java:1572)
	at org.springframework.amqp.rabbit.listener.AbstractMessageListenerContainer.executeListener(AbstractMessageListenerContainer.java:1516)
	at org.springframework.amqp.rabbit.listener.SimpleMessageListenerContainer.doReceiveAndExecute(SimpleMessageListenerContainer.java:1001)
	at org.springframework.amqp.rabbit.listener.SimpleMessageListenerContainer.receiveAndExecute(SimpleMessageListenerContainer.java:948)
	at org.springframework.amqp.rabbit.listener.SimpleMessageListenerContainer.access$1600(SimpleMessageListenerContainer.java:86)
	at org.springframework.amqp.rabbit.listener.SimpleMessageListenerContainer$AsyncMessageProcessingConsumer.mainLoop(SimpleMessageListenerContainer.java:1326)
	at org.springframework.amqp.rabbit.listener.SimpleMessageListenerContainer$AsyncMessageProcessingConsumer.run(SimpleMessageListenerContainer.java:1232)
	at java.lang.Thread.run(Thread.java:748)
Caused by: java.sql.SQLIntegrityConstraintViolationException: Column 'user_id' cannot be null
	at com.mysql.cj.jdbc.exceptions.SQLError.createSQLException(SQLError.java:117)
	at com.mysql.cj.jdbc.exceptions.SQLError.createSQLException(SQLError.java:97)
	at com.mysql.cj.jdbc.exceptions.SQLExceptionsMapping.translateException(SQLExceptionsMapping.java:122)
	at com.mysql.cj.jdbc.ClientPreparedStatement.executeInternal(ClientPreparedStatement.java:953)
	at com.mysql.cj.jdbc.ClientPreparedStatement.execute(ClientPreparedStatement.java:370)
	at com.zaxxer.hikari.pool.ProxyPreparedStatement.execute(ProxyPreparedStatement.java:44)
	at com.zaxxer.hikari.pool.HikariProxyPreparedStatement.execute(HikariProxyPreparedStatement.java)
	at org.apache.ibatis.executor.statement.PreparedStatementHandler.update(PreparedStatementHandler.java:47)
	at org.apache.ibatis.executor.statement.RoutingStatementHandler.update(RoutingStatementHandler.java:74)
	at sun.reflect.NativeMethodAccessorImpl.invoke0(Native Method)
	at sun.reflect.NativeMethodAccessorImpl.invoke(NativeMethodAccessorImpl.java:62)
	at sun.reflect.DelegatingMethodAccessorImpl.invoke(DelegatingMethodAccessorImpl.java:43)
	at java.lang.reflect.Method.invoke(Method.java:498)
	at org.apache.ibatis.plugin.Plugin.invoke(Plugin.java:63)
	at com.sun.proxy.$Proxy207.update(Unknown Source)
	at org.apache.ibatis.executor.SimpleExecutor.doUpdate(SimpleExecutor.java:50)
	at org.apache.ibatis.executor.BaseExecutor.update(BaseExecutor.java:117)
	at org.apache.ibatis.executor.CachingExecutor.update(CachingExecutor.java:76)
	at org.apache.ibatis.session.defaults.DefaultSqlSession.update(DefaultSqlSession.java:197)
	at org.apache.ibatis.session.defaults.DefaultSqlSession.insert(DefaultSqlSession.java:184)
	at sun.reflect.NativeMethodAccessorImpl.invoke0(Native Method)
	at sun.reflect.NativeMethodAccessorImpl.invoke(NativeMethodAccessorImpl.java:62)
	at sun.reflect.DelegatingMethodAccessorImpl.invoke(DelegatingMethodAccessorImpl.java:43)
	at java.lang.reflect.Method.invoke(Method.java:498)
	at org.mybatis.spring.SqlSessionTemplate$SqlSessionInterceptor.invoke(SqlSessionTemplate.java:427)
	... 53 common frames omitted
26-05-11.10:05:46.822 [org.springframework.amqp.rabbit.RabbitListenerEndpointContainer#1-1] WARN  ConditionalRejectingErrorHandler - Execution of Rabbit message listener failed.
org.springframework.amqp.rabbit.support.ListenerExecutionFailedException: Listener method 'public void cn.gzy.trigger.listener.CreditAdjustSuccessCustomer.listener(java.lang.String)' threw exception
	at org.springframework.amqp.rabbit.listener.adapter.MessagingMessageListenerAdapter.invokeHandler(MessagingMessageListenerAdapter.java:272)
	at org.springframework.amqp.rabbit.listener.adapter.MessagingMessageListenerAdapter.invokeHandlerAndProcessResult(MessagingMessageListenerAdapter.java:209)
	at org.springframework.amqp.rabbit.listener.adapter.MessagingMessageListenerAdapter.onMessage(MessagingMessageListenerAdapter.java:148)
	at org.springframework.amqp.rabbit.listener.AbstractMessageListenerContainer.doInvokeListener(AbstractMessageListenerContainer.java:1674)
	at org.springframework.amqp.rabbit.listener.AbstractMessageListenerContainer.actualInvokeListener(AbstractMessageListenerContainer.java:1593)
	at org.springframework.amqp.rabbit.listener.AbstractMessageListenerContainer.invokeListener(AbstractMessageListenerContainer.java:1581)
	at org.springframework.amqp.rabbit.listener.AbstractMessageListenerContainer.doExecuteListener(AbstractMessageListenerContainer.java:1572)
	at org.springframework.amqp.rabbit.listener.AbstractMessageListenerContainer.executeListener(AbstractMessageListenerContainer.java:1516)
	at org.springframework.amqp.rabbit.listener.SimpleMessageListenerContainer.doReceiveAndExecute(SimpleMessageListenerContainer.java:1001)
	at org.springframework.amqp.rabbit.listener.SimpleMessageListenerContainer.receiveAndExecute(SimpleMessageListenerContainer.java:948)
	at org.springframework.amqp.rabbit.listener.SimpleMessageListenerContainer.access$1600(SimpleMessageListenerContainer.java:86)
	at org.springframework.amqp.rabbit.listener.SimpleMessageListenerContainer$AsyncMessageProcessingConsumer.mainLoop(SimpleMessageListenerContainer.java:1326)
	at org.springframework.amqp.rabbit.listener.SimpleMessageListenerContainer$AsyncMessageProcessingConsumer.run(SimpleMessageListenerContainer.java:1232)
	at java.lang.Thread.run(Thread.java:748)
Caused by: org.springframework.dao.DataIntegrityViolationException: 
### Error updating database.  Cause: java.sql.SQLIntegrityConstraintViolationException: Column 'user_id' cannot be null
### The error may exist in file [E:\project_java\big-market\big-market-app\target\classes\mybatis\mapper\raffle_activity_account_mapper.xml]
### The error may involve cn.gzy.infrastructure.persistent.dao.IRaffleActivityAccountDao.insert-Inline
### The error occurred while setting parameters
### SQL: insert into raffle_activity_account         (user_id, activity_id, total_count, total_count_surplus, day_count,          day_count_surplus, month_count, month_count_surplus, create_time, update_time)         values             (?, ?, ?, ?, ?,              ?, ?, ?, now(), now())
### Cause: java.sql.SQLIntegrityConstraintViolationException: Column 'user_id' cannot be null
; Column 'user_id' cannot be null; nested exception is java.sql.SQLIntegrityConstraintViolationException: Column 'user_id' cannot be null
	at org.springframework.jdbc.support.SQLExceptionSubclassTranslator.doTranslate(SQLExceptionSubclassTranslator.java:87)
	at org.springframework.jdbc.support.AbstractFallbackSQLExceptionTranslator.translate(AbstractFallbackSQLExceptionTranslator.java:70)
	at org.springframework.jdbc.support.AbstractFallbackSQLExceptionTranslator.translate(AbstractFallbackSQLExceptionTranslator.java:79)
	at org.mybatis.spring.MyBatisExceptionTranslator.translateExceptionIfPossible(MyBatisExceptionTranslator.java:91)
	at org.mybatis.spring.SqlSessionTemplate$SqlSessionInterceptor.invoke(SqlSessionTemplate.java:441)
	at com.sun.proxy.$Proxy109.insert(Unknown Source)
	at org.mybatis.spring.SqlSessionTemplate.insert(SqlSessionTemplate.java:272)
	at org.apache.ibatis.binding.MapperMethod.execute(MapperMethod.java:62)
	at org.apache.ibatis.binding.MapperProxy$PlainMethodInvoker.invoke(MapperProxy.java:152)
	at org.apache.ibatis.binding.MapperProxy.invoke(MapperProxy.java:85)
	at com.sun.proxy.$Proxy115.insert(Unknown Source)
	at sun.reflect.NativeMethodAccessorImpl.invoke0(Native Method)
	at sun.reflect.NativeMethodAccessorImpl.invoke(NativeMethodAccessorImpl.java:62)
	at sun.reflect.DelegatingMethodAccessorImpl.invoke(DelegatingMethodAccessorImpl.java:43)
	at java.lang.reflect.Method.invoke(Method.java:498)
	at org.springframework.aop.support.AopUtils.invokeJoinpointUsingReflection(AopUtils.java:344)
	at org.springframework.aop.framework.ReflectiveMethodInvocation.invokeJoinpoint(ReflectiveMethodInvocation.java:198)
	at org.springframework.aop.framework.ReflectiveMethodInvocation.proceed(ReflectiveMethodInvocation.java:163)
	at org.springframework.aop.interceptor.ExposeInvocationInterceptor.invoke(ExposeInvocationInterceptor.java:97)
	at org.springframework.aop.framework.ReflectiveMethodInvocation.proceed(ReflectiveMethodInvocation.java:186)
	at org.springframework.aop.framework.JdkDynamicAopProxy.invoke(JdkDynamicAopProxy.java:220)
	at com.sun.proxy.$Proxy116.insert(Unknown Source)
	at cn.gzy.infrastructure.persistent.repository.ActivityRepository.lambda$updateOrder$3(ActivityRepository.java:686)
	at org.springframework.transaction.support.TransactionTemplate.execute(TransactionTemplate.java:140)
	at cn.gzy.infrastructure.persistent.repository.ActivityRepository.updateOrder(ActivityRepository.java:675)
	at cn.gzy.infrastructure.persistent.repository.ActivityRepository$$FastClassBySpringCGLIB$$9abb50c6.invoke(<generated>)
	at org.springframework.cglib.proxy.MethodProxy.invoke(MethodProxy.java:218)
	at org.springframework.aop.framework.CglibAopProxy$CglibMethodInvocation.invokeJoinpoint(CglibAopProxy.java:793)
	at org.springframework.aop.framework.ReflectiveMethodInvocation.proceed(ReflectiveMethodInvocation.java:163)
	at org.springframework.aop.framework.CglibAopProxy$CglibMethodInvocation.proceed(CglibAopProxy.java:763)
	at org.springframework.dao.support.PersistenceExceptionTranslationInterceptor.invoke(PersistenceExceptionTranslationInterceptor.java:137)
	at org.springframework.aop.framework.ReflectiveMethodInvocation.proceed(ReflectiveMethodInvocation.java:186)
	at org.springframework.aop.framework.CglibAopProxy$CglibMethodInvocation.proceed(CglibAopProxy.java:763)
	at org.springframework.aop.framework.CglibAopProxy$DynamicAdvisedInterceptor.intercept(CglibAopProxy.java:708)
	at cn.gzy.infrastructure.persistent.repository.ActivityRepository$$EnhancerBySpringCGLIB$$d40f7c36.updateOrder(<generated>)
	at cn.gzy.domain.activity.service.quota.RaffleActivityAccountQuotaService.updateOrder(RaffleActivityAccountQuotaService.java:97)
	at cn.gzy.trigger.listener.CreditAdjustSuccessCustomer.listener(CreditAdjustSuccessCustomer.java:45)
	at sun.reflect.NativeMethodAccessorImpl.invoke0(Native Method)
	at sun.reflect.NativeMethodAccessorImpl.invoke(NativeMethodAccessorImpl.java:62)
	at sun.reflect.DelegatingMethodAccessorImpl.invoke(DelegatingMethodAccessorImpl.java:43)
	at java.lang.reflect.Method.invoke(Method.java:498)
	at org.springframework.messaging.handler.invocation.InvocableHandlerMethod.doInvoke(InvocableHandlerMethod.java:169)
	at org.springframework.messaging.handler.invocation.InvocableHandlerMethod.invoke(InvocableHandlerMethod.java:119)
	at org.springframework.amqp.rabbit.listener.adapter.HandlerAdapter.invoke(HandlerAdapter.java:77)
	at org.springframework.amqp.rabbit.listener.adapter.MessagingMessageListenerAdapter.invokeHandler(MessagingMessageListenerAdapter.java:263)
	... 13 common frames omitted
Caused by: java.sql.SQLIntegrityConstraintViolationException: Column 'user_id' cannot be null
	at com.mysql.cj.jdbc.exceptions.SQLError.createSQLException(SQLError.java:117)
	at com.mysql.cj.jdbc.exceptions.SQLError.createSQLException(SQLError.java:97)
	at com.mysql.cj.jdbc.exceptions.SQLExceptionsMapping.translateException(SQLExceptionsMapping.java:122)
	at com.mysql.cj.jdbc.ClientPreparedStatement.executeInternal(ClientPreparedStatement.java:953)
	at com.mysql.cj.jdbc.ClientPreparedStatement.execute(ClientPreparedStatement.java:370)
	at com.zaxxer.hikari.pool.ProxyPreparedStatement.execute(ProxyPreparedStatement.java:44)
	at com.zaxxer.hikari.pool.HikariProxyPreparedStatement.execute(HikariProxyPreparedStatement.java)
	at org.apache.ibatis.executor.statement.PreparedStatementHandler.update(PreparedStatementHandler.java:47)
	at org.apache.ibatis.executor.statement.RoutingStatementHandler.update(RoutingStatementHandler.java:74)
	at sun.reflect.NativeMethodAccessorImpl.invoke0(Native Method)
	at sun.reflect.NativeMethodAccessorImpl.invoke(NativeMethodAccessorImpl.java:62)
	at sun.reflect.DelegatingMethodAccessorImpl.invoke(DelegatingMethodAccessorImpl.java:43)
	at java.lang.reflect.Method.invoke(Method.java:498)
	at org.apache.ibatis.plugin.Plugin.invoke(Plugin.java:63)
	at com.sun.proxy.$Proxy207.update(Unknown Source)
	at org.apache.ibatis.executor.SimpleExecutor.doUpdate(SimpleExecutor.java:50)
	at org.apache.ibatis.executor.BaseExecutor.update(BaseExecutor.java:117)
	at org.apache.ibatis.executor.CachingExecutor.update(CachingExecutor.java:76)
	at org.apache.ibatis.session.defaults.DefaultSqlSession.update(DefaultSqlSession.java:197)
	at org.apache.ibatis.session.defaults.DefaultSqlSession.insert(DefaultSqlSession.java:184)
	at sun.reflect.NativeMethodAccessorImpl.invoke0(Native Method)
	at sun.reflect.NativeMethodAccessorImpl.invoke(NativeMethodAccessorImpl.java:62)
	at sun.reflect.DelegatingMethodAccessorImpl.invoke(DelegatingMethodAccessorImpl.java:43)
	at java.lang.reflect.Method.invoke(Method.java:498)
	at org.mybatis.spring.SqlSessionTemplate$SqlSessionInterceptor.invoke(SqlSessionTemplate.java:427)
	... 53 common frames omitted
26-05-11.10:05:47.220 [org.springframework.amqp.rabbit.RabbitListenerEndpointContainer#1-1] ERROR CreditAdjustSuccessCustomer - 监听积分账户调整成功消息，进行交易商品发货失败 topic: credit_adjust_success message: {"data":{"amount":-1.68,"orderId":"849555347552","outBusinessNo":"700091009200","userId":"xiaofuge"},"id":"36319250145","timestamp":1778465143977}
org.springframework.dao.DataIntegrityViolationException: 
### Error updating database.  Cause: java.sql.SQLIntegrityConstraintViolationException: Column 'user_id' cannot be null
### The error may exist in file [E:\project_java\big-market\big-market-app\target\classes\mybatis\mapper\raffle_activity_account_mapper.xml]
### The error may involve cn.gzy.infrastructure.persistent.dao.IRaffleActivityAccountDao.insert-Inline
### The error occurred while setting parameters
### SQL: insert into raffle_activity_account         (user_id, activity_id, total_count, total_count_surplus, day_count,          day_count_surplus, month_count, month_count_surplus, create_time, update_time)         values             (?, ?, ?, ?, ?,              ?, ?, ?, now(), now())
### Cause: java.sql.SQLIntegrityConstraintViolationException: Column 'user_id' cannot be null
; Column 'user_id' cannot be null; nested exception is java.sql.SQLIntegrityConstraintViolationException: Column 'user_id' cannot be null
	at org.springframework.jdbc.support.SQLExceptionSubclassTranslator.doTranslate(SQLExceptionSubclassTranslator.java:87)
	at org.springframework.jdbc.support.AbstractFallbackSQLExceptionTranslator.translate(AbstractFallbackSQLExceptionTranslator.java:70)
	at org.springframework.jdbc.support.AbstractFallbackSQLExceptionTranslator.translate(AbstractFallbackSQLExceptionTranslator.java:79)
	at org.mybatis.spring.MyBatisExceptionTranslator.translateExceptionIfPossible(MyBatisExceptionTranslator.java:91)
	at org.mybatis.spring.SqlSessionTemplate$SqlSessionInterceptor.invoke(SqlSessionTemplate.java:441)
	at com.sun.proxy.$Proxy109.insert(Unknown Source)
	at org.mybatis.spring.SqlSessionTemplate.insert(SqlSessionTemplate.java:272)
	at org.apache.ibatis.binding.MapperMethod.execute(MapperMethod.java:62)
	at org.apache.ibatis.binding.MapperProxy$PlainMethodInvoker.invoke(MapperProxy.java:152)
	at org.apache.ibatis.binding.MapperProxy.invoke(MapperProxy.java:85)
	at com.sun.proxy.$Proxy115.insert(Unknown Source)
	at sun.reflect.NativeMethodAccessorImpl.invoke0(Native Method)
	at sun.reflect.NativeMethodAccessorImpl.invoke(NativeMethodAccessorImpl.java:62)
	at sun.reflect.DelegatingMethodAccessorImpl.invoke(DelegatingMethodAccessorImpl.java:43)
	at java.lang.reflect.Method.invoke(Method.java:498)
	at org.springframework.aop.support.AopUtils.invokeJoinpointUsingReflection(AopUtils.java:344)
	at org.springframework.aop.framework.ReflectiveMethodInvocation.invokeJoinpoint(ReflectiveMethodInvocation.java:198)
	at org.springframework.aop.framework.ReflectiveMethodInvocation.proceed(ReflectiveMethodInvocation.java:163)
	at org.springframework.aop.interceptor.ExposeInvocationInterceptor.invoke(ExposeInvocationInterceptor.java:97)
	at org.springframework.aop.framework.ReflectiveMethodInvocation.proceed(ReflectiveMethodInvocation.java:186)
	at org.springframework.aop.framework.JdkDynamicAopProxy.invoke(JdkDynamicAopProxy.java:220)
	at com.sun.proxy.$Proxy116.insert(Unknown Source)
	at cn.gzy.infrastructure.persistent.repository.ActivityRepository.lambda$updateOrder$3(ActivityRepository.java:686)
	at org.springframework.transaction.support.TransactionTemplate.execute(TransactionTemplate.java:140)
	at cn.gzy.infrastructure.persistent.repository.ActivityRepository.updateOrder(ActivityRepository.java:675)
	at cn.gzy.infrastructure.persistent.repository.ActivityRepository$$FastClassBySpringCGLIB$$9abb50c6.invoke(<generated>)
	at org.springframework.cglib.proxy.MethodProxy.invoke(MethodProxy.java:218)
	at org.springframework.aop.framework.CglibAopProxy$CglibMethodInvocation.invokeJoinpoint(CglibAopProxy.java:793)
	at org.springframework.aop.framework.ReflectiveMethodInvocation.proceed(ReflectiveMethodInvocation.java:163)
	at org.springframework.aop.framework.CglibAopProxy$CglibMethodInvocation.proceed(CglibAopProxy.java:763)
	at org.springframework.dao.support.PersistenceExceptionTranslationInterceptor.invoke(PersistenceExceptionTranslationInterceptor.java:137)
	at org.springframework.aop.framework.ReflectiveMethodInvocation.proceed(ReflectiveMethodInvocation.java:186)
	at org.springframework.aop.framework.CglibAopProxy$CglibMethodInvocation.proceed(CglibAopProxy.java:763)
	at org.springframework.aop.framework.CglibAopProxy$DynamicAdvisedInterceptor.intercept(CglibAopProxy.java:708)
	at cn.gzy.infrastructure.persistent.repository.ActivityRepository$$EnhancerBySpringCGLIB$$d40f7c36.updateOrder(<generated>)
	at cn.gzy.domain.activity.service.quota.RaffleActivityAccountQuotaService.updateOrder(RaffleActivityAccountQuotaService.java:97)
	at cn.gzy.trigger.listener.CreditAdjustSuccessCustomer.listener(CreditAdjustSuccessCustomer.java:45)
	at sun.reflect.NativeMethodAccessorImpl.invoke0(Native Method)
	at sun.reflect.NativeMethodAccessorImpl.invoke(NativeMethodAccessorImpl.java:62)
	at sun.reflect.DelegatingMethodAccessorImpl.invoke(DelegatingMethodAccessorImpl.java:43)
	at java.lang.reflect.Method.invoke(Method.java:498)
	at org.springframework.messaging.handler.invocation.InvocableHandlerMethod.doInvoke(InvocableHandlerMethod.java:169)
	at org.springframework.messaging.handler.invocation.InvocableHandlerMethod.invoke(InvocableHandlerMethod.java:119)
	at org.springframework.amqp.rabbit.listener.adapter.HandlerAdapter.invoke(HandlerAdapter.java:77)
	at org.springframework.amqp.rabbit.listener.adapter.MessagingMessageListenerAdapter.invokeHandler(MessagingMessageListenerAdapter.java:263)
	at org.springframework.amqp.rabbit.listener.adapter.MessagingMessageListenerAdapter.invokeHandlerAndProcessResult(MessagingMessageListenerAdapter.java:209)
	at org.springframework.amqp.rabbit.listener.adapter.MessagingMessageListenerAdapter.onMessage(MessagingMessageListenerAdapter.java:148)
	at org.springframework.amqp.rabbit.listener.AbstractMessageListenerContainer.doInvokeListener(AbstractMessageListenerContainer.java:1674)
	at org.springframework.amqp.rabbit.listener.AbstractMessageListenerContainer.actualInvokeListener(AbstractMessageListenerContainer.java:1593)
	at org.springframework.amqp.rabbit.listener.AbstractMessageListenerContainer.invokeListener(AbstractMessageListenerContainer.java:1581)
	at org.springframework.amqp.rabbit.listener.AbstractMessageListenerContainer.doExecuteListener(AbstractMessageListenerContainer.java:1572)
	at org.springframework.amqp.rabbit.listener.AbstractMessageListenerContainer.executeListener(AbstractMessageListenerContainer.java:1516)
	at org.springframework.amqp.rabbit.listener.SimpleMessageListenerContainer.doReceiveAndExecute(SimpleMessageListenerContainer.java:1001)
	at org.springframework.amqp.rabbit.listener.SimpleMessageListenerContainer.receiveAndExecute(SimpleMessageListenerContainer.java:948)
	at org.springframework.amqp.rabbit.listener.SimpleMessageListenerContainer.access$1600(SimpleMessageListenerContainer.java:86)
	at org.springframework.amqp.rabbit.listener.SimpleMessageListenerContainer$AsyncMessageProcessingConsumer.mainLoop(SimpleMessageListenerContainer.java:1326)
	at org.springframework.amqp.rabbit.listener.SimpleMessageListenerContainer$AsyncMessageProcessingConsumer.run(SimpleMessageListenerContainer.java:1232)
	at java.lang.Thread.run(Thread.java:748)
Caused by: java.sql.SQLIntegrityConstraintViolationException: Column 'user_id' cannot be null
	at com.mysql.cj.jdbc.exceptions.SQLError.createSQLException(SQLError.java:117)
	at com.mysql.cj.jdbc.exceptions.SQLError.createSQLException(SQLError.java:97)
	at com.mysql.cj.jdbc.exceptions.SQLExceptionsMapping.translateException(SQLExceptionsMapping.java:122)
	at com.mysql.cj.jdbc.ClientPreparedStatement.executeInternal(ClientPreparedStatement.java:953)
	at com.mysql.cj.jdbc.ClientPreparedStatement.execute(ClientPreparedStatement.java:370)
	at com.zaxxer.hikari.pool.ProxyPreparedStatement.execute(ProxyPreparedStatement.java:44)
	at com.zaxxer.hikari.pool.HikariProxyPreparedStatement.execute(HikariProxyPreparedStatement.java)
	at org.apache.ibatis.executor.statement.PreparedStatementHandler.update(PreparedStatementHandler.java:47)
	at org.apache.ibatis.executor.statement.RoutingStatementHandler.update(RoutingStatementHandler.java:74)
	at sun.reflect.NativeMethodAccessorImpl.invoke0(Native Method)
	at sun.reflect.NativeMethodAccessorImpl.invoke(NativeMethodAccessorImpl.java:62)
	at sun.reflect.DelegatingMethodAccessorImpl.invoke(DelegatingMethodAccessorImpl.java:43)
	at java.lang.reflect.Method.invoke(Method.java:498)
	at org.apache.ibatis.plugin.Plugin.invoke(Plugin.java:63)
	at com.sun.proxy.$Proxy207.update(Unknown Source)
	at org.apache.ibatis.executor.SimpleExecutor.doUpdate(SimpleExecutor.java:50)
	at org.apache.ibatis.executor.BaseExecutor.update(BaseExecutor.java:117)
	at org.apache.ibatis.executor.CachingExecutor.update(CachingExecutor.java:76)
	at org.apache.ibatis.session.defaults.DefaultSqlSession.update(DefaultSqlSession.java:197)
	at org.apache.ibatis.session.defaults.DefaultSqlSession.insert(DefaultSqlSession.java:184)
	at sun.reflect.NativeMethodAccessorImpl.invoke0(Native Method)
	at sun.reflect.NativeMethodAccessorImpl.invoke(NativeMethodAccessorImpl.java:62)
	at sun.reflect.DelegatingMethodAccessorImpl.invoke(DelegatingMethodAccessorImpl.java:43)
	at java.lang.reflect.Method.invoke(Method.java:498)
	at org.mybatis.spring.SqlSessionTemplate$SqlSessionInterceptor.invoke(SqlSessionTemplate.java:427)
	... 53 common frames omitted
26-05-11.10:05:47.220 [org.springframework.amqp.rabbit.RabbitListenerEndpointContainer#1-1] WARN  ConditionalRejectingErrorHandler - Execution of Rabbit message listener failed.
org.springframework.amqp.rabbit.support.ListenerExecutionFailedException: Listener method 'public void cn.gzy.trigger.listener.CreditAdjustSuccessCustomer.listener(java.lang.String)' threw exception
	at org.springframework.amqp.rabbit.listener.adapter.MessagingMessageListenerAdapter.invokeHandler(MessagingMessageListenerAdapter.java:272)
	at org.springframework.amqp.rabbit.listener.adapter.MessagingMessageListenerAdapter.invokeHandlerAndProcessResult(MessagingMessageListenerAdapter.java:209)
	at org.springframework.amqp.rabbit.listener.adapter.MessagingMessageListenerAdapter.onMessage(MessagingMessageListenerAdapter.java:148)
	at org.springframework.amqp.rabbit.listener.AbstractMessageListenerContainer.doInvokeListener(AbstractMessageListenerContainer.java:1674)
	at org.springframework.amqp.rabbit.listener.AbstractMessageListenerContainer.actualInvokeListener(AbstractMessageListenerContainer.java:1593)
	at org.springframework.amqp.rabbit.listener.AbstractMessageListenerContainer.invokeListener(AbstractMessageListenerContainer.java:1581)
	at org.springframework.amqp.rabbit.listener.AbstractMessageListenerContainer.doExecuteListener(AbstractMessageListenerContainer.java:1572)
	at org.springframework.amqp.rabbit.listener.AbstractMessageListenerContainer.executeListener(AbstractMessageListenerContainer.java:1516)
	at org.springframework.amqp.rabbit.listener.SimpleMessageListenerContainer.doReceiveAndExecute(SimpleMessageListenerContainer.java:1001)
	at org.springframework.amqp.rabbit.listener.SimpleMessageListenerContainer.receiveAndExecute(SimpleMessageListenerContainer.java:948)
	at org.springframework.amqp.rabbit.listener.SimpleMessageListenerContainer.access$1600(SimpleMessageListenerContainer.java:86)
	at org.springframework.amqp.rabbit.listener.SimpleMessageListenerContainer$AsyncMessageProcessingConsumer.mainLoop(SimpleMessageListenerContainer.java:1326)
	at org.springframework.amqp.rabbit.listener.SimpleMessageListenerContainer$AsyncMessageProcessingConsumer.run(SimpleMessageListenerContainer.java:1232)
	at java.lang.Thread.run(Thread.java:748)
Caused by: org.springframework.dao.DataIntegrityViolationException: 
### Error updating database.  Cause: java.sql.SQLIntegrityConstraintViolationException: Column 'user_id' cannot be null
### The error may exist in file [E:\project_java\big-market\big-market-app\target\classes\mybatis\mapper\raffle_activity_account_mapper.xml]
### The error may involve cn.gzy.infrastructure.persistent.dao.IRaffleActivityAccountDao.insert-Inline
### The error occurred while setting parameters
### SQL: insert into raffle_activity_account         (user_id, activity_id, total_count, total_count_surplus, day_count,          day_count_surplus, month_count, month_count_surplus, create_time, update_time)         values             (?, ?, ?, ?, ?,              ?, ?, ?, now(), now())
### Cause: java.sql.SQLIntegrityConstraintViolationException: Column 'user_id' cannot be null
; Column 'user_id' cannot be null; nested exception is java.sql.SQLIntegrityConstraintViolationException: Column 'user_id' cannot be null
	at org.springframework.jdbc.support.SQLExceptionSubclassTranslator.doTranslate(SQLExceptionSubclassTranslator.java:87)
	at org.springframework.jdbc.support.AbstractFallbackSQLExceptionTranslator.translate(AbstractFallbackSQLExceptionTranslator.java:70)
	at org.springframework.jdbc.support.AbstractFallbackSQLExceptionTranslator.translate(AbstractFallbackSQLExceptionTranslator.java:79)
	at org.mybatis.spring.MyBatisExceptionTranslator.translateExceptionIfPossible(MyBatisExceptionTranslator.java:91)
	at org.mybatis.spring.SqlSessionTemplate$SqlSessionInterceptor.invoke(SqlSessionTemplate.java:441)
	at com.sun.proxy.$Proxy109.insert(Unknown Source)
	at org.mybatis.spring.SqlSessionTemplate.insert(SqlSessionTemplate.java:272)
	at org.apache.ibatis.binding.MapperMethod.execute(MapperMethod.java:62)
	at org.apache.ibatis.binding.MapperProxy$PlainMethodInvoker.invoke(MapperProxy.java:152)
	at org.apache.ibatis.binding.MapperProxy.invoke(MapperProxy.java:85)
	at com.sun.proxy.$Proxy115.insert(Unknown Source)
	at sun.reflect.NativeMethodAccessorImpl.invoke0(Native Method)
	at sun.reflect.NativeMethodAccessorImpl.invoke(NativeMethodAccessorImpl.java:62)
	at sun.reflect.DelegatingMethodAccessorImpl.invoke(DelegatingMethodAccessorImpl.java:43)
	at java.lang.reflect.Method.invoke(Method.java:498)
	at org.springframework.aop.support.AopUtils.invokeJoinpointUsingReflection(AopUtils.java:344)
	at org.springframework.aop.framework.ReflectiveMethodInvocation.invokeJoinpoint(ReflectiveMethodInvocation.java:198)
	at org.springframework.aop.framework.ReflectiveMethodInvocation.proceed(ReflectiveMethodInvocation.java:163)
	at org.springframework.aop.interceptor.ExposeInvocationInterceptor.invoke(ExposeInvocationInterceptor.java:97)
	at org.springframework.aop.framework.ReflectiveMethodInvocation.proceed(ReflectiveMethodInvocation.java:186)
	at org.springframework.aop.framework.JdkDynamicAopProxy.invoke(JdkDynamicAopProxy.java:220)
	at com.sun.proxy.$Proxy116.insert(Unknown Source)
	at cn.gzy.infrastructure.persistent.repository.ActivityRepository.lambda$updateOrder$3(ActivityRepository.java:686)
	at org.springframework.transaction.support.TransactionTemplate.execute(TransactionTemplate.java:140)
	at cn.gzy.infrastructure.persistent.repository.ActivityRepository.updateOrder(ActivityRepository.java:675)
	at cn.gzy.infrastructure.persistent.repository.ActivityRepository$$FastClassBySpringCGLIB$$9abb50c6.invoke(<generated>)
	at org.springframework.cglib.proxy.MethodProxy.invoke(MethodProxy.java:218)
	at org.springframework.aop.framework.CglibAopProxy$CglibMethodInvocation.invokeJoinpoint(CglibAopProxy.java:793)
	at org.springframework.aop.framework.ReflectiveMethodInvocation.proceed(ReflectiveMethodInvocation.java:163)
	at org.springframework.aop.framework.CglibAopProxy$CglibMethodInvocation.proceed(CglibAopProxy.java:763)
	at org.springframework.dao.support.PersistenceExceptionTranslationInterceptor.invoke(PersistenceExceptionTranslationInterceptor.java:137)
	at org.springframework.aop.framework.ReflectiveMethodInvocation.proceed(ReflectiveMethodInvocation.java:186)
	at org.springframework.aop.framework.CglibAopProxy$CglibMethodInvocation.proceed(CglibAopProxy.java:763)
	at org.springframework.aop.framework.CglibAopProxy$DynamicAdvisedInterceptor.intercept(CglibAopProxy.java:708)
	at cn.gzy.infrastructure.persistent.repository.ActivityRepository$$EnhancerBySpringCGLIB$$d40f7c36.updateOrder(<generated>)
	at cn.gzy.domain.activity.service.quota.RaffleActivityAccountQuotaService.updateOrder(RaffleActivityAccountQuotaService.java:97)
	at cn.gzy.trigger.listener.CreditAdjustSuccessCustomer.listener(CreditAdjustSuccessCustomer.java:45)
	at sun.reflect.NativeMethodAccessorImpl.invoke0(Native Method)
	at sun.reflect.NativeMethodAccessorImpl.invoke(NativeMethodAccessorImpl.java:62)
	at sun.reflect.DelegatingMethodAccessorImpl.invoke(DelegatingMethodAccessorImpl.java:43)
	at java.lang.reflect.Method.invoke(Method.java:498)
	at org.springframework.messaging.handler.invocation.InvocableHandlerMethod.doInvoke(InvocableHandlerMethod.java:169)
	at org.springframework.messaging.handler.invocation.InvocableHandlerMethod.invoke(InvocableHandlerMethod.java:119)
	at org.springframework.amqp.rabbit.listener.adapter.HandlerAdapter.invoke(HandlerAdapter.java:77)
	at org.springframework.amqp.rabbit.listener.adapter.MessagingMessageListenerAdapter.invokeHandler(MessagingMessageListenerAdapter.java:263)
	... 13 common frames omitted
Caused by: java.sql.SQLIntegrityConstraintViolationException: Column 'user_id' cannot be null
	at com.mysql.cj.jdbc.exceptions.SQLError.createSQLException(SQLError.java:117)
	at com.mysql.cj.jdbc.exceptions.SQLError.createSQLException(SQLError.java:97)
	at com.mysql.cj.jdbc.exceptions.SQLExceptionsMapping.translateException(SQLExceptionsMapping.java:122)
	at com.mysql.cj.jdbc.ClientPreparedStatement.executeInternal(ClientPreparedStatement.java:953)
	at com.mysql.cj.jdbc.ClientPreparedStatement.execute(ClientPreparedStatement.java:370)
	at com.zaxxer.hikari.pool.ProxyPreparedStatement.execute(ProxyPreparedStatement.java:44)
	at com.zaxxer.hikari.pool.HikariProxyPreparedStatement.execute(HikariProxyPreparedStatement.java)
	at org.apache.ibatis.executor.statement.PreparedStatementHandler.update(PreparedStatementHandler.java:47)
	at org.apache.ibatis.executor.statement.RoutingStatementHandler.update(RoutingStatementHandler.java:74)
	at sun.reflect.NativeMethodAccessorImpl.invoke0(Native Method)
	at sun.reflect.NativeMethodAccessorImpl.invoke(NativeMethodAccessorImpl.java:62)
	at sun.reflect.DelegatingMethodAccessorImpl.invoke(DelegatingMethodAccessorImpl.java:43)
	at java.lang.reflect.Method.invoke(Method.java:498)
	at org.apache.ibatis.plugin.Plugin.invoke(Plugin.java:63)
	at com.sun.proxy.$Proxy207.update(Unknown Source)
	at org.apache.ibatis.executor.SimpleExecutor.doUpdate(SimpleExecutor.java:50)
	at org.apache.ibatis.executor.BaseExecutor.update(BaseExecutor.java:117)
	at org.apache.ibatis.executor.CachingExecutor.update(CachingExecutor.java:76)
	at org.apache.ibatis.session.defaults.DefaultSqlSession.update(DefaultSqlSession.java:197)
	at org.apache.ibatis.session.defaults.DefaultSqlSession.insert(DefaultSqlSession.java:184)
	at sun.reflect.NativeMethodAccessorImpl.invoke0(Native Method)
	at sun.reflect.NativeMethodAccessorImpl.invoke(NativeMethodAccessorImpl.java:62)
	at sun.reflect.DelegatingMethodAccessorImpl.invoke(DelegatingMethodAccessorImpl.java:43)
	at java.lang.reflect.Method.invoke(Method.java:498)
	at org.mybatis.spring.SqlSessionTemplate$SqlSessionInterceptor.invoke(SqlSessionTemplate.java:427)
	... 53 common frames omitted
26-05-11.10:05:47.621 [org.springframework.amqp.rabbit.RabbitListenerEndpointContainer#1-1] ERROR CreditAdjustSuccessCustomer - 监听积分账户调整成功消息，进行交易商品发货失败 topic: credit_adjust_success message: {"data":{"amount":-1.68,"orderId":"849555347552","outBusinessNo":"700091009200","userId":"xiaofuge"},"id":"36319250145","timestamp":1778465143977}
org.springframework.dao.DataIntegrityViolationException: 
### Error updating database.  Cause: java.sql.SQLIntegrityConstraintViolationException: Column 'user_id' cannot be null
### The error may exist in file [E:\project_java\big-market\big-market-app\target\classes\mybatis\mapper\raffle_activity_account_mapper.xml]
### The error may involve cn.gzy.infrastructure.persistent.dao.IRaffleActivityAccountDao.insert-Inline
### The error occurred while setting parameters
### SQL: insert into raffle_activity_account         (user_id, activity_id, total_count, total_count_surplus, day_count,          day_count_surplus, month_count, month_count_surplus, create_time, update_time)         values             (?, ?, ?, ?, ?,              ?, ?, ?, now(), now())
### Cause: java.sql.SQLIntegrityConstraintViolationException: Column 'user_id' cannot be null
; Column 'user_id' cannot be null; nested exception is java.sql.SQLIntegrityConstraintViolationException: Column 'user_id' cannot be null
	at org.springframework.jdbc.support.SQLExceptionSubclassTranslator.doTranslate(SQLExceptionSubclassTranslator.java:87)
	at org.springframework.jdbc.support.AbstractFallbackSQLExceptionTranslator.translate(AbstractFallbackSQLExceptionTranslator.java:70)
	at org.springframework.jdbc.support.AbstractFallbackSQLExceptionTranslator.translate(AbstractFallbackSQLExceptionTranslator.java:79)
	at org.mybatis.spring.MyBatisExceptionTranslator.translateExceptionIfPossible(MyBatisExceptionTranslator.java:91)
	at org.mybatis.spring.SqlSessionTemplate$SqlSessionInterceptor.invoke(SqlSessionTemplate.java:441)
	at com.sun.proxy.$Proxy109.insert(Unknown Source)
	at org.mybatis.spring.SqlSessionTemplate.insert(SqlSessionTemplate.java:272)
	at org.apache.ibatis.binding.MapperMethod.execute(MapperMethod.java:62)
	at org.apache.ibatis.binding.MapperProxy$PlainMethodInvoker.invoke(MapperProxy.java:152)
	at org.apache.ibatis.binding.MapperProxy.invoke(MapperProxy.java:85)
	at com.sun.proxy.$Proxy115.insert(Unknown Source)
	at sun.reflect.NativeMethodAccessorImpl.invoke0(Native Method)
	at sun.reflect.NativeMethodAccessorImpl.invoke(NativeMethodAccessorImpl.java:62)
	at sun.reflect.DelegatingMethodAccessorImpl.invoke(DelegatingMethodAccessorImpl.java:43)
	at java.lang.reflect.Method.invoke(Method.java:498)
	at org.springframework.aop.support.AopUtils.invokeJoinpointUsingReflection(AopUtils.java:344)
	at org.springframework.aop.framework.ReflectiveMethodInvocation.invokeJoinpoint(ReflectiveMethodInvocation.java:198)
	at org.springframework.aop.framework.ReflectiveMethodInvocation.proceed(ReflectiveMethodInvocation.java:163)
	at org.springframework.aop.interceptor.ExposeInvocationInterceptor.invoke(ExposeInvocationInterceptor.java:97)
	at org.springframework.aop.framework.ReflectiveMethodInvocation.proceed(ReflectiveMethodInvocation.java:186)
	at org.springframework.aop.framework.JdkDynamicAopProxy.invoke(JdkDynamicAopProxy.java:220)
	at com.sun.proxy.$Proxy116.insert(Unknown Source)
	at cn.gzy.infrastructure.persistent.repository.ActivityRepository.lambda$updateOrder$3(ActivityRepository.java:686)
	at org.springframework.transaction.support.TransactionTemplate.execute(TransactionTemplate.java:140)
	at cn.gzy.infrastructure.persistent.repository.ActivityRepository.updateOrder(ActivityRepository.java:675)
	at cn.gzy.infrastructure.persistent.repository.ActivityRepository$$FastClassBySpringCGLIB$$9abb50c6.invoke(<generated>)
	at org.springframework.cglib.proxy.MethodProxy.invoke(MethodProxy.java:218)
	at org.springframework.aop.framework.CglibAopProxy$CglibMethodInvocation.invokeJoinpoint(CglibAopProxy.java:793)
	at org.springframework.aop.framework.ReflectiveMethodInvocation.proceed(ReflectiveMethodInvocation.java:163)
	at org.springframework.aop.framework.CglibAopProxy$CglibMethodInvocation.proceed(CglibAopProxy.java:763)
	at org.springframework.dao.support.PersistenceExceptionTranslationInterceptor.invoke(PersistenceExceptionTranslationInterceptor.java:137)
	at org.springframework.aop.framework.ReflectiveMethodInvocation.proceed(ReflectiveMethodInvocation.java:186)
	at org.springframework.aop.framework.CglibAopProxy$CglibMethodInvocation.proceed(CglibAopProxy.java:763)
	at org.springframework.aop.framework.CglibAopProxy$DynamicAdvisedInterceptor.intercept(CglibAopProxy.java:708)
	at cn.gzy.infrastructure.persistent.repository.ActivityRepository$$EnhancerBySpringCGLIB$$d40f7c36.updateOrder(<generated>)
	at cn.gzy.domain.activity.service.quota.RaffleActivityAccountQuotaService.updateOrder(RaffleActivityAccountQuotaService.java:97)
	at cn.gzy.trigger.listener.CreditAdjustSuccessCustomer.listener(CreditAdjustSuccessCustomer.java:45)
	at sun.reflect.NativeMethodAccessorImpl.invoke0(Native Method)
	at sun.reflect.NativeMethodAccessorImpl.invoke(NativeMethodAccessorImpl.java:62)
	at sun.reflect.DelegatingMethodAccessorImpl.invoke(DelegatingMethodAccessorImpl.java:43)
	at java.lang.reflect.Method.invoke(Method.java:498)
	at org.springframework.messaging.handler.invocation.InvocableHandlerMethod.doInvoke(InvocableHandlerMethod.java:169)
	at org.springframework.messaging.handler.invocation.InvocableHandlerMethod.invoke(InvocableHandlerMethod.java:119)
	at org.springframework.amqp.rabbit.listener.adapter.HandlerAdapter.invoke(HandlerAdapter.java:77)
	at org.springframework.amqp.rabbit.listener.adapter.MessagingMessageListenerAdapter.invokeHandler(MessagingMessageListenerAdapter.java:263)
	at org.springframework.amqp.rabbit.listener.adapter.MessagingMessageListenerAdapter.invokeHandlerAndProcessResult(MessagingMessageListenerAdapter.java:209)
	at org.springframework.amqp.rabbit.listener.adapter.MessagingMessageListenerAdapter.onMessage(MessagingMessageListenerAdapter.java:148)
	at org.springframework.amqp.rabbit.listener.AbstractMessageListenerContainer.doInvokeListener(AbstractMessageListenerContainer.java:1674)
	at org.springframework.amqp.rabbit.listener.AbstractMessageListenerContainer.actualInvokeListener(AbstractMessageListenerContainer.java:1593)
	at org.springframework.amqp.rabbit.listener.AbstractMessageListenerContainer.invokeListener(AbstractMessageListenerContainer.java:1581)
	at org.springframework.amqp.rabbit.listener.AbstractMessageListenerContainer.doExecuteListener(AbstractMessageListenerContainer.java:1572)
	at org.springframework.amqp.rabbit.listener.AbstractMessageListenerContainer.executeListener(AbstractMessageListenerContainer.java:1516)
	at org.springframework.amqp.rabbit.listener.SimpleMessageListenerContainer.doReceiveAndExecute(SimpleMessageListenerContainer.java:1001)
	at org.springframework.amqp.rabbit.listener.SimpleMessageListenerContainer.receiveAndExecute(SimpleMessageListenerContainer.java:948)
	at org.springframework.amqp.rabbit.listener.SimpleMessageListenerContainer.access$1600(SimpleMessageListenerContainer.java:86)
	at org.springframework.amqp.rabbit.listener.SimpleMessageListenerContainer$AsyncMessageProcessingConsumer.mainLoop(SimpleMessageListenerContainer.java:1326)
	at org.springframework.amqp.rabbit.listener.SimpleMessageListenerContainer$AsyncMessageProcessingConsumer.run(SimpleMessageListenerContainer.java:1232)
	at java.lang.Thread.run(Thread.java:748)
Caused by: java.sql.SQLIntegrityConstraintViolationException: Column 'user_id' cannot be null
	at com.mysql.cj.jdbc.exceptions.SQLError.createSQLException(SQLError.java:117)
	at com.mysql.cj.jdbc.exceptions.SQLError.createSQLException(SQLError.java:97)
	at com.mysql.cj.jdbc.exceptions.SQLExceptionsMapping.translateException(SQLExceptionsMapping.java:122)
	at com.mysql.cj.jdbc.ClientPreparedStatement.executeInternal(ClientPreparedStatement.java:953)
	at com.mysql.cj.jdbc.ClientPreparedStatement.execute(ClientPreparedStatement.java:370)
	at com.zaxxer.hikari.pool.ProxyPreparedStatement.execute(ProxyPreparedStatement.java:44)
	at com.zaxxer.hikari.pool.HikariProxyPreparedStatement.execute(HikariProxyPreparedStatement.java)
	at org.apache.ibatis.executor.statement.PreparedStatementHandler.update(PreparedStatementHandler.java:47)
	at org.apache.ibatis.executor.statement.RoutingStatementHandler.update(RoutingStatementHandler.java:74)
	at sun.reflect.NativeMethodAccessorImpl.invoke0(Native Method)
	at sun.reflect.NativeMethodAccessorImpl.invoke(NativeMethodAccessorImpl.java:62)
	at sun.reflect.DelegatingMethodAccessorImpl.invoke(DelegatingMethodAccessorImpl.java:43)
	at java.lang.reflect.Method.invoke(Method.java:498)
	at org.apache.ibatis.plugin.Plugin.invoke(Plugin.java:63)
	at com.sun.proxy.$Proxy207.update(Unknown Source)
	at org.apache.ibatis.executor.SimpleExecutor.doUpdate(SimpleExecutor.java:50)
	at org.apache.ibatis.executor.BaseExecutor.update(BaseExecutor.java:117)
	at org.apache.ibatis.executor.CachingExecutor.update(CachingExecutor.java:76)
	at org.apache.ibatis.session.defaults.DefaultSqlSession.update(DefaultSqlSession.java:197)
	at org.apache.ibatis.session.defaults.DefaultSqlSession.insert(DefaultSqlSession.java:184)
	at sun.reflect.NativeMethodAccessorImpl.invoke0(Native Method)
	at sun.reflect.NativeMethodAccessorImpl.invoke(NativeMethodAccessorImpl.java:62)
	at sun.reflect.DelegatingMethodAccessorImpl.invoke(DelegatingMethodAccessorImpl.java:43)
	at java.lang.reflect.Method.invoke(Method.java:498)
	at org.mybatis.spring.SqlSessionTemplate$SqlSessionInterceptor.invoke(SqlSessionTemplate.java:427)
	... 53 common frames omitted
26-05-11.10:05:47.621 [org.springframework.amqp.rabbit.RabbitListenerEndpointContainer#1-1] WARN  ConditionalRejectingErrorHandler - Execution of Rabbit message listener failed.
org.springframework.amqp.rabbit.support.ListenerExecutionFailedException: Listener method 'public void cn.gzy.trigger.listener.CreditAdjustSuccessCustomer.listener(java.lang.String)' threw exception
	at org.springframework.amqp.rabbit.listener.adapter.MessagingMessageListenerAdapter.invokeHandler(MessagingMessageListenerAdapter.java:272)
	at org.springframework.amqp.rabbit.listener.adapter.MessagingMessageListenerAdapter.invokeHandlerAndProcessResult(MessagingMessageListenerAdapter.java:209)
	at org.springframework.amqp.rabbit.listener.adapter.MessagingMessageListenerAdapter.onMessage(MessagingMessageListenerAdapter.java:148)
	at org.springframework.amqp.rabbit.listener.AbstractMessageListenerContainer.doInvokeListener(AbstractMessageListenerContainer.java:1674)
	at org.springframework.amqp.rabbit.listener.AbstractMessageListenerContainer.actualInvokeListener(AbstractMessageListenerContainer.java:1593)
	at org.springframework.amqp.rabbit.listener.AbstractMessageListenerContainer.invokeListener(AbstractMessageListenerContainer.java:1581)
	at org.springframework.amqp.rabbit.listener.AbstractMessageListenerContainer.doExecuteListener(AbstractMessageListenerContainer.java:1572)
	at org.springframework.amqp.rabbit.listener.AbstractMessageListenerContainer.executeListener(AbstractMessageListenerContainer.java:1516)
	at org.springframework.amqp.rabbit.listener.SimpleMessageListenerContainer.doReceiveAndExecute(SimpleMessageListenerContainer.java:1001)
	at org.springframework.amqp.rabbit.listener.SimpleMessageListenerContainer.receiveAndExecute(SimpleMessageListenerContainer.java:948)
	at org.springframework.amqp.rabbit.listener.SimpleMessageListenerContainer.access$1600(SimpleMessageListenerContainer.java:86)
	at org.springframework.amqp.rabbit.listener.SimpleMessageListenerContainer$AsyncMessageProcessingConsumer.mainLoop(SimpleMessageListenerContainer.java:1326)
	at org.springframework.amqp.rabbit.listener.SimpleMessageListenerContainer$AsyncMessageProcessingConsumer.run(SimpleMessageListenerContainer.java:1232)
	at java.lang.Thread.run(Thread.java:748)
Caused by: org.springframework.dao.DataIntegrityViolationException: 
### Error updating database.  Cause: java.sql.SQLIntegrityConstraintViolationException: Column 'user_id' cannot be null
### The error may exist in file [E:\project_java\big-market\big-market-app\target\classes\mybatis\mapper\raffle_activity_account_mapper.xml]
### The error may involve cn.gzy.infrastructure.persistent.dao.IRaffleActivityAccountDao.insert-Inline
### The error occurred while setting parameters
### SQL: insert into raffle_activity_account         (user_id, activity_id, total_count, total_count_surplus, day_count,          day_count_surplus, month_count, month_count_surplus, create_time, update_time)         values             (?, ?, ?, ?, ?,              ?, ?, ?, now(), now())
### Cause: java.sql.SQLIntegrityConstraintViolationException: Column 'user_id' cannot be null
; Column 'user_id' cannot be null; nested exception is java.sql.SQLIntegrityConstraintViolationException: Column 'user_id' cannot be null
	at org.springframework.jdbc.support.SQLExceptionSubclassTranslator.doTranslate(SQLExceptionSubclassTranslator.java:87)
	at org.springframework.jdbc.support.AbstractFallbackSQLExceptionTranslator.translate(AbstractFallbackSQLExceptionTranslator.java:70)
	at org.springframework.jdbc.support.AbstractFallbackSQLExceptionTranslator.translate(AbstractFallbackSQLExceptionTranslator.java:79)
	at org.mybatis.spring.MyBatisExceptionTranslator.translateExceptionIfPossible(MyBatisExceptionTranslator.java:91)
	at org.mybatis.spring.SqlSessionTemplate$SqlSessionInterceptor.invoke(SqlSessionTemplate.java:441)
	at com.sun.proxy.$Proxy109.insert(Unknown Source)
	at org.mybatis.spring.SqlSessionTemplate.insert(SqlSessionTemplate.java:272)
	at org.apache.ibatis.binding.MapperMethod.execute(MapperMethod.java:62)
	at org.apache.ibatis.binding.MapperProxy$PlainMethodInvoker.invoke(MapperProxy.java:152)
	at org.apache.ibatis.binding.MapperProxy.invoke(MapperProxy.java:85)
	at com.sun.proxy.$Proxy115.insert(Unknown Source)
	at sun.reflect.NativeMethodAccessorImpl.invoke0(Native Method)
	at sun.reflect.NativeMethodAccessorImpl.invoke(NativeMethodAccessorImpl.java:62)
	at sun.reflect.DelegatingMethodAccessorImpl.invoke(DelegatingMethodAccessorImpl.java:43)
	at java.lang.reflect.Method.invoke(Method.java:498)
	at org.springframework.aop.support.AopUtils.invokeJoinpointUsingReflection(AopUtils.java:344)
	at org.springframework.aop.framework.ReflectiveMethodInvocation.invokeJoinpoint(ReflectiveMethodInvocation.java:198)
	at org.springframework.aop.framework.ReflectiveMethodInvocation.proceed(ReflectiveMethodInvocation.java:163)
	at org.springframework.aop.interceptor.ExposeInvocationInterceptor.invoke(ExposeInvocationInterceptor.java:97)
	at org.springframework.aop.framework.ReflectiveMethodInvocation.proceed(ReflectiveMethodInvocation.java:186)
	at org.springframework.aop.framework.JdkDynamicAopProxy.invoke(JdkDynamicAopProxy.java:220)
	at com.sun.proxy.$Proxy116.insert(Unknown Source)
	at cn.gzy.infrastructure.persistent.repository.ActivityRepository.lambda$updateOrder$3(ActivityRepository.java:686)
	at org.springframework.transaction.support.TransactionTemplate.execute(TransactionTemplate.java:140)
	at cn.gzy.infrastructure.persistent.repository.ActivityRepository.updateOrder(ActivityRepository.java:675)
	at cn.gzy.infrastructure.persistent.repository.ActivityRepository$$FastClassBySpringCGLIB$$9abb50c6.invoke(<generated>)
	at org.springframework.cglib.proxy.MethodProxy.invoke(MethodProxy.java:218)
	at org.springframework.aop.framework.CglibAopProxy$CglibMethodInvocation.invokeJoinpoint(CglibAopProxy.java:793)
	at org.springframework.aop.framework.ReflectiveMethodInvocation.proceed(ReflectiveMethodInvocation.java:163)
	at org.springframework.aop.framework.CglibAopProxy$CglibMethodInvocation.proceed(CglibAopProxy.java:763)
	at org.springframework.dao.support.PersistenceExceptionTranslationInterceptor.invoke(PersistenceExceptionTranslationInterceptor.java:137)
	at org.springframework.aop.framework.ReflectiveMethodInvocation.proceed(ReflectiveMethodInvocation.java:186)
	at org.springframework.aop.framework.CglibAopProxy$CglibMethodInvocation.proceed(CglibAopProxy.java:763)
	at org.springframework.aop.framework.CglibAopProxy$DynamicAdvisedInterceptor.intercept(CglibAopProxy.java:708)
	at cn.gzy.infrastructure.persistent.repository.ActivityRepository$$EnhancerBySpringCGLIB$$d40f7c36.updateOrder(<generated>)
	at cn.gzy.domain.activity.service.quota.RaffleActivityAccountQuotaService.updateOrder(RaffleActivityAccountQuotaService.java:97)
	at cn.gzy.trigger.listener.CreditAdjustSuccessCustomer.listener(CreditAdjustSuccessCustomer.java:45)
	at sun.reflect.NativeMethodAccessorImpl.invoke0(Native Method)
	at sun.reflect.NativeMethodAccessorImpl.invoke(NativeMethodAccessorImpl.java:62)
	at sun.reflect.DelegatingMethodAccessorImpl.invoke(DelegatingMethodAccessorImpl.java:43)
	at java.lang.reflect.Method.invoke(Method.java:498)
	at org.springframework.messaging.handler.invocation.InvocableHandlerMethod.doInvoke(InvocableHandlerMethod.java:169)
	at org.springframework.messaging.handler.invocation.InvocableHandlerMethod.invoke(InvocableHandlerMethod.java:119)
	at org.springframework.amqp.rabbit.listener.adapter.HandlerAdapter.invoke(HandlerAdapter.java:77)
	at org.springframework.amqp.rabbit.listener.adapter.MessagingMessageListenerAdapter.invokeHandler(MessagingMessageListenerAdapter.java:263)
	... 13 common frames omitted
Caused by: java.sql.SQLIntegrityConstraintViolationException: Column 'user_id' cannot be null
	at com.mysql.cj.jdbc.exceptions.SQLError.createSQLException(SQLError.java:117)
	at com.mysql.cj.jdbc.exceptions.SQLError.createSQLException(SQLError.java:97)
	at com.mysql.cj.jdbc.exceptions.SQLExceptionsMapping.translateException(SQLExceptionsMapping.java:122)
	at com.mysql.cj.jdbc.ClientPreparedStatement.executeInternal(ClientPreparedStatement.java:953)
	at com.mysql.cj.jdbc.ClientPreparedStatement.execute(ClientPreparedStatement.java:370)
	at com.zaxxer.hikari.pool.ProxyPreparedStatement.execute(ProxyPreparedStatement.java:44)
	at com.zaxxer.hikari.pool.HikariProxyPreparedStatement.execute(HikariProxyPreparedStatement.java)
	at org.apache.ibatis.executor.statement.PreparedStatementHandler.update(PreparedStatementHandler.java:47)
	at org.apache.ibatis.executor.statement.RoutingStatementHandler.update(RoutingStatementHandler.java:74)
	at sun.reflect.NativeMethodAccessorImpl.invoke0(Native Method)
	at sun.reflect.NativeMethodAccessorImpl.invoke(NativeMethodAccessorImpl.java:62)
	at sun.reflect.DelegatingMethodAccessorImpl.invoke(DelegatingMethodAccessorImpl.java:43)
	at java.lang.reflect.Method.invoke(Method.java:498)
	at org.apache.ibatis.plugin.Plugin.invoke(Plugin.java:63)
	at com.sun.proxy.$Proxy207.update(Unknown Source)
	at org.apache.ibatis.executor.SimpleExecutor.doUpdate(SimpleExecutor.java:50)
	at org.apache.ibatis.executor.BaseExecutor.update(BaseExecutor.java:117)
	at org.apache.ibatis.executor.CachingExecutor.update(CachingExecutor.java:76)
	at org.apache.ibatis.session.defaults.DefaultSqlSession.update(DefaultSqlSession.java:197)
	at org.apache.ibatis.session.defaults.DefaultSqlSession.insert(DefaultSqlSession.java:184)
	at sun.reflect.NativeMethodAccessorImpl.invoke0(Native Method)
	at sun.reflect.NativeMethodAccessorImpl.invoke(NativeMethodAccessorImpl.java:62)
	at sun.reflect.DelegatingMethodAccessorImpl.invoke(DelegatingMethodAccessorImpl.java:43)
	at java.lang.reflect.Method.invoke(Method.java:498)
	at org.mybatis.spring.SqlSessionTemplate$SqlSessionInterceptor.invoke(SqlSessionTemplate.java:427)
	... 53 common frames omitted
26-05-11.10:05:48.023 [org.springframework.amqp.rabbit.RabbitListenerEndpointContainer#1-1] ERROR CreditAdjustSuccessCustomer - 监听积分账户调整成功消息，进行交易商品发货失败 topic: credit_adjust_success message: {"data":{"amount":-1.68,"orderId":"849555347552","outBusinessNo":"700091009200","userId":"xiaofuge"},"id":"36319250145","timestamp":1778465143977}
org.springframework.dao.DataIntegrityViolationException: 
### Error updating database.  Cause: java.sql.SQLIntegrityConstraintViolationException: Column 'user_id' cannot be null
### The error may exist in file [E:\project_java\big-market\big-market-app\target\classes\mybatis\mapper\raffle_activity_account_mapper.xml]
### The error may involve cn.gzy.infrastructure.persistent.dao.IRaffleActivityAccountDao.insert-Inline
### The error occurred while setting parameters
### SQL: insert into raffle_activity_account         (user_id, activity_id, total_count, total_count_surplus, day_count,          day_count_surplus, month_count, month_count_surplus, create_time, update_time)         values             (?, ?, ?, ?, ?,              ?, ?, ?, now(), now())
### Cause: java.sql.SQLIntegrityConstraintViolationException: Column 'user_id' cannot be null
; Column 'user_id' cannot be null; nested exception is java.sql.SQLIntegrityConstraintViolationException: Column 'user_id' cannot be null
	at org.springframework.jdbc.support.SQLExceptionSubclassTranslator.doTranslate(SQLExceptionSubclassTranslator.java:87)
	at org.springframework.jdbc.support.AbstractFallbackSQLExceptionTranslator.translate(AbstractFallbackSQLExceptionTranslator.java:70)
	at org.springframework.jdbc.support.AbstractFallbackSQLExceptionTranslator.translate(AbstractFallbackSQLExceptionTranslator.java:79)
	at org.mybatis.spring.MyBatisExceptionTranslator.translateExceptionIfPossible(MyBatisExceptionTranslator.java:91)
	at org.mybatis.spring.SqlSessionTemplate$SqlSessionInterceptor.invoke(SqlSessionTemplate.java:441)
	at com.sun.proxy.$Proxy109.insert(Unknown Source)
	at org.mybatis.spring.SqlSessionTemplate.insert(SqlSessionTemplate.java:272)
	at org.apache.ibatis.binding.MapperMethod.execute(MapperMethod.java:62)
	at org.apache.ibatis.binding.MapperProxy$PlainMethodInvoker.invoke(MapperProxy.java:152)
	at org.apache.ibatis.binding.MapperProxy.invoke(MapperProxy.java:85)
	at com.sun.proxy.$Proxy115.insert(Unknown Source)
	at sun.reflect.NativeMethodAccessorImpl.invoke0(Native Method)
	at sun.reflect.NativeMethodAccessorImpl.invoke(NativeMethodAccessorImpl.java:62)
	at sun.reflect.DelegatingMethodAccessorImpl.invoke(DelegatingMethodAccessorImpl.java:43)
	at java.lang.reflect.Method.invoke(Method.java:498)
	at org.springframework.aop.support.AopUtils.invokeJoinpointUsingReflection(AopUtils.java:344)
	at org.springframework.aop.framework.ReflectiveMethodInvocation.invokeJoinpoint(ReflectiveMethodInvocation.java:198)
	at org.springframework.aop.framework.ReflectiveMethodInvocation.proceed(ReflectiveMethodInvocation.java:163)
	at org.springframework.aop.interceptor.ExposeInvocationInterceptor.invoke(ExposeInvocationInterceptor.java:97)
	at org.springframework.aop.framework.ReflectiveMethodInvocation.proceed(ReflectiveMethodInvocation.java:186)
	at org.springframework.aop.framework.JdkDynamicAopProxy.invoke(JdkDynamicAopProxy.java:220)
	at com.sun.proxy.$Proxy116.insert(Unknown Source)
	at cn.gzy.infrastructure.persistent.repository.ActivityRepository.lambda$updateOrder$3(ActivityRepository.java:686)
	at org.springframework.transaction.support.TransactionTemplate.execute(TransactionTemplate.java:140)
	at cn.gzy.infrastructure.persistent.repository.ActivityRepository.updateOrder(ActivityRepository.java:675)
	at cn.gzy.infrastructure.persistent.repository.ActivityRepository$$FastClassBySpringCGLIB$$9abb50c6.invoke(<generated>)
	at org.springframework.cglib.proxy.MethodProxy.invoke(MethodProxy.java:218)
	at org.springframework.aop.framework.CglibAopProxy$CglibMethodInvocation.invokeJoinpoint(CglibAopProxy.java:793)
	at org.springframework.aop.framework.ReflectiveMethodInvocation.proceed(ReflectiveMethodInvocation.java:163)
	at org.springframework.aop.framework.CglibAopProxy$CglibMethodInvocation.proceed(CglibAopProxy.java:763)
	at org.springframework.dao.support.PersistenceExceptionTranslationInterceptor.invoke(PersistenceExceptionTranslationInterceptor.java:137)
	at org.springframework.aop.framework.ReflectiveMethodInvocation.proceed(ReflectiveMethodInvocation.java:186)
	at org.springframework.aop.framework.CglibAopProxy$CglibMethodInvocation.proceed(CglibAopProxy.java:763)
	at org.springframework.aop.framework.CglibAopProxy$DynamicAdvisedInterceptor.intercept(CglibAopProxy.java:708)
	at cn.gzy.infrastructure.persistent.repository.ActivityRepository$$EnhancerBySpringCGLIB$$d40f7c36.updateOrder(<generated>)
	at cn.gzy.domain.activity.service.quota.RaffleActivityAccountQuotaService.updateOrder(RaffleActivityAccountQuotaService.java:97)
	at cn.gzy.trigger.listener.CreditAdjustSuccessCustomer.listener(CreditAdjustSuccessCustomer.java:45)
	at sun.reflect.NativeMethodAccessorImpl.invoke0(Native Method)
	at sun.reflect.NativeMethodAccessorImpl.invoke(NativeMethodAccessorImpl.java:62)
	at sun.reflect.DelegatingMethodAccessorImpl.invoke(DelegatingMethodAccessorImpl.java:43)
	at java.lang.reflect.Method.invoke(Method.java:498)
	at org.springframework.messaging.handler.invocation.InvocableHandlerMethod.doInvoke(InvocableHandlerMethod.java:169)
	at org.springframework.messaging.handler.invocation.InvocableHandlerMethod.invoke(InvocableHandlerMethod.java:119)
	at org.springframework.amqp.rabbit.listener.adapter.HandlerAdapter.invoke(HandlerAdapter.java:77)
	at org.springframework.amqp.rabbit.listener.adapter.MessagingMessageListenerAdapter.invokeHandler(MessagingMessageListenerAdapter.java:263)
	at org.springframework.amqp.rabbit.listener.adapter.MessagingMessageListenerAdapter.invokeHandlerAndProcessResult(MessagingMessageListenerAdapter.java:209)
	at org.springframework.amqp.rabbit.listener.adapter.MessagingMessageListenerAdapter.onMessage(MessagingMessageListenerAdapter.java:148)
	at org.springframework.amqp.rabbit.listener.AbstractMessageListenerContainer.doInvokeListener(AbstractMessageListenerContainer.java:1674)
	at org.springframework.amqp.rabbit.listener.AbstractMessageListenerContainer.actualInvokeListener(AbstractMessageListenerContainer.java:1593)
	at org.springframework.amqp.rabbit.listener.AbstractMessageListenerContainer.invokeListener(AbstractMessageListenerContainer.java:1581)
	at org.springframework.amqp.rabbit.listener.AbstractMessageListenerContainer.doExecuteListener(AbstractMessageListenerContainer.java:1572)
	at org.springframework.amqp.rabbit.listener.AbstractMessageListenerContainer.executeListener(AbstractMessageListenerContainer.java:1516)
	at org.springframework.amqp.rabbit.listener.SimpleMessageListenerContainer.doReceiveAndExecute(SimpleMessageListenerContainer.java:1001)
	at org.springframework.amqp.rabbit.listener.SimpleMessageListenerContainer.receiveAndExecute(SimpleMessageListenerContainer.java:948)
	at org.springframework.amqp.rabbit.listener.SimpleMessageListenerContainer.access$1600(SimpleMessageListenerContainer.java:86)
	at org.springframework.amqp.rabbit.listener.SimpleMessageListenerContainer$AsyncMessageProcessingConsumer.mainLoop(SimpleMessageListenerContainer.java:1326)
	at org.springframework.amqp.rabbit.listener.SimpleMessageListenerContainer$AsyncMessageProcessingConsumer.run(SimpleMessageListenerContainer.java:1232)
	at java.lang.Thread.run(Thread.java:748)
Caused by: java.sql.SQLIntegrityConstraintViolationException: Column 'user_id' cannot be null
	at com.mysql.cj.jdbc.exceptions.SQLError.createSQLException(SQLError.java:117)
	at com.mysql.cj.jdbc.exceptions.SQLError.createSQLException(SQLError.java:97)
	at com.mysql.cj.jdbc.exceptions.SQLExceptionsMapping.translateException(SQLExceptionsMapping.java:122)
	at com.mysql.cj.jdbc.ClientPreparedStatement.executeInternal(ClientPreparedStatement.java:953)
	at com.mysql.cj.jdbc.ClientPreparedStatement.execute(ClientPreparedStatement.java:370)
	at com.zaxxer.hikari.pool.ProxyPreparedStatement.execute(ProxyPreparedStatement.java:44)
	at com.zaxxer.hikari.pool.HikariProxyPreparedStatement.execute(HikariProxyPreparedStatement.java)
	at org.apache.ibatis.executor.statement.PreparedStatementHandler.update(PreparedStatementHandler.java:47)
	at org.apache.ibatis.executor.statement.RoutingStatementHandler.update(RoutingStatementHandler.java:74)
	at sun.reflect.GeneratedMethodAccessor20.invoke(Unknown Source)
	at sun.reflect.DelegatingMethodAccessorImpl.invoke(DelegatingMethodAccessorImpl.java:43)
	at java.lang.reflect.Method.invoke(Method.java:498)
	at org.apache.ibatis.plugin.Plugin.invoke(Plugin.java:63)
	at com.sun.proxy.$Proxy207.update(Unknown Source)
	at org.apache.ibatis.executor.SimpleExecutor.doUpdate(SimpleExecutor.java:50)
	at org.apache.ibatis.executor.BaseExecutor.update(BaseExecutor.java:117)
	at org.apache.ibatis.executor.CachingExecutor.update(CachingExecutor.java:76)
	at org.apache.ibatis.session.defaults.DefaultSqlSession.update(DefaultSqlSession.java:197)
	at org.apache.ibatis.session.defaults.DefaultSqlSession.insert(DefaultSqlSession.java:184)
	at sun.reflect.NativeMethodAccessorImpl.invoke0(Native Method)
	at sun.reflect.NativeMethodAccessorImpl.invoke(NativeMethodAccessorImpl.java:62)
	at sun.reflect.DelegatingMethodAccessorImpl.invoke(DelegatingMethodAccessorImpl.java:43)
	at java.lang.reflect.Method.invoke(Method.java:498)
	at org.mybatis.spring.SqlSessionTemplate$SqlSessionInterceptor.invoke(SqlSessionTemplate.java:427)
	... 53 common frames omitted
26-05-11.10:05:48.023 [org.springframework.amqp.rabbit.RabbitListenerEndpointContainer#1-1] WARN  ConditionalRejectingErrorHandler - Execution of Rabbit message listener failed.
org.springframework.amqp.rabbit.support.ListenerExecutionFailedException: Listener method 'public void cn.gzy.trigger.listener.CreditAdjustSuccessCustomer.listener(java.lang.String)' threw exception
	at org.springframework.amqp.rabbit.listener.adapter.MessagingMessageListenerAdapter.invokeHandler(MessagingMessageListenerAdapter.java:272)
	at org.springframework.amqp.rabbit.listener.adapter.MessagingMessageListenerAdapter.invokeHandlerAndProcessResult(MessagingMessageListenerAdapter.java:209)
	at org.springframework.amqp.rabbit.listener.adapter.MessagingMessageListenerAdapter.onMessage(MessagingMessageListenerAdapter.java:148)
	at org.springframework.amqp.rabbit.listener.AbstractMessageListenerContainer.doInvokeListener(AbstractMessageListenerContainer.java:1674)
	at org.springframework.amqp.rabbit.listener.AbstractMessageListenerContainer.actualInvokeListener(AbstractMessageListenerContainer.java:1593)
	at org.springframework.amqp.rabbit.listener.AbstractMessageListenerContainer.invokeListener(AbstractMessageListenerContainer.java:1581)
	at org.springframework.amqp.rabbit.listener.AbstractMessageListenerContainer.doExecuteListener(AbstractMessageListenerContainer.java:1572)
	at org.springframework.amqp.rabbit.listener.AbstractMessageListenerContainer.executeListener(AbstractMessageListenerContainer.java:1516)
	at org.springframework.amqp.rabbit.listener.SimpleMessageListenerContainer.doReceiveAndExecute(SimpleMessageListenerContainer.java:1001)
	at org.springframework.amqp.rabbit.listener.SimpleMessageListenerContainer.receiveAndExecute(SimpleMessageListenerContainer.java:948)
	at org.springframework.amqp.rabbit.listener.SimpleMessageListenerContainer.access$1600(SimpleMessageListenerContainer.java:86)
	at org.springframework.amqp.rabbit.listener.SimpleMessageListenerContainer$AsyncMessageProcessingConsumer.mainLoop(SimpleMessageListenerContainer.java:1326)
	at org.springframework.amqp.rabbit.listener.SimpleMessageListenerContainer$AsyncMessageProcessingConsumer.run(SimpleMessageListenerContainer.java:1232)
	at java.lang.Thread.run(Thread.java:748)
Caused by: org.springframework.dao.DataIntegrityViolationException: 
### Error updating database.  Cause: java.sql.SQLIntegrityConstraintViolationException: Column 'user_id' cannot be null
### The error may exist in file [E:\project_java\big-market\big-market-app\target\classes\mybatis\mapper\raffle_activity_account_mapper.xml]
### The error may involve cn.gzy.infrastructure.persistent.dao.IRaffleActivityAccountDao.insert-Inline
### The error occurred while setting parameters
### SQL: insert into raffle_activity_account         (user_id, activity_id, total_count, total_count_surplus, day_count,          day_count_surplus, month_count, month_count_surplus, create_time, update_time)         values             (?, ?, ?, ?, ?,              ?, ?, ?, now(), now())
### Cause: java.sql.SQLIntegrityConstraintViolationException: Column 'user_id' cannot be null
; Column 'user_id' cannot be null; nested exception is java.sql.SQLIntegrityConstraintViolationException: Column 'user_id' cannot be null
	at org.springframework.jdbc.support.SQLExceptionSubclassTranslator.doTranslate(SQLExceptionSubclassTranslator.java:87)
	at org.springframework.jdbc.support.AbstractFallbackSQLExceptionTranslator.translate(AbstractFallbackSQLExceptionTranslator.java:70)
	at org.springframework.jdbc.support.AbstractFallbackSQLExceptionTranslator.translate(AbstractFallbackSQLExceptionTranslator.java:79)
	at org.mybatis.spring.MyBatisExceptionTranslator.translateExceptionIfPossible(MyBatisExceptionTranslator.java:91)
	at org.mybatis.spring.SqlSessionTemplate$SqlSessionInterceptor.invoke(SqlSessionTemplate.java:441)
	at com.sun.proxy.$Proxy109.insert(Unknown Source)
	at org.mybatis.spring.SqlSessionTemplate.insert(SqlSessionTemplate.java:272)
	at org.apache.ibatis.binding.MapperMethod.execute(MapperMethod.java:62)
	at org.apache.ibatis.binding.MapperProxy$PlainMethodInvoker.invoke(MapperProxy.java:152)
	at org.apache.ibatis.binding.MapperProxy.invoke(MapperProxy.java:85)
	at com.sun.proxy.$Proxy115.insert(Unknown Source)
	at sun.reflect.NativeMethodAccessorImpl.invoke0(Native Method)
	at sun.reflect.NativeMethodAccessorImpl.invoke(NativeMethodAccessorImpl.java:62)
	at sun.reflect.DelegatingMethodAccessorImpl.invoke(DelegatingMethodAccessorImpl.java:43)
	at java.lang.reflect.Method.invoke(Method.java:498)
	at org.springframework.aop.support.AopUtils.invokeJoinpointUsingReflection(AopUtils.java:344)
	at org.springframework.aop.framework.ReflectiveMethodInvocation.invokeJoinpoint(ReflectiveMethodInvocation.java:198)
	at org.springframework.aop.framework.ReflectiveMethodInvocation.proceed(ReflectiveMethodInvocation.java:163)
	at org.springframework.aop.interceptor.ExposeInvocationInterceptor.invoke(ExposeInvocationInterceptor.java:97)
	at org.springframework.aop.framework.ReflectiveMethodInvocation.proceed(ReflectiveMethodInvocation.java:186)
	at org.springframework.aop.framework.JdkDynamicAopProxy.invoke(JdkDynamicAopProxy.java:220)
	at com.sun.proxy.$Proxy116.insert(Unknown Source)
	at cn.gzy.infrastructure.persistent.repository.ActivityRepository.lambda$updateOrder$3(ActivityRepository.java:686)
	at org.springframework.transaction.support.TransactionTemplate.execute(TransactionTemplate.java:140)
	at cn.gzy.infrastructure.persistent.repository.ActivityRepository.updateOrder(ActivityRepository.java:675)
	at cn.gzy.infrastructure.persistent.repository.ActivityRepository$$FastClassBySpringCGLIB$$9abb50c6.invoke(<generated>)
	at org.springframework.cglib.proxy.MethodProxy.invoke(MethodProxy.java:218)
	at org.springframework.aop.framework.CglibAopProxy$CglibMethodInvocation.invokeJoinpoint(CglibAopProxy.java:793)
	at org.springframework.aop.framework.ReflectiveMethodInvocation.proceed(ReflectiveMethodInvocation.java:163)
	at org.springframework.aop.framework.CglibAopProxy$CglibMethodInvocation.proceed(CglibAopProxy.java:763)
	at org.springframework.dao.support.PersistenceExceptionTranslationInterceptor.invoke(PersistenceExceptionTranslationInterceptor.java:137)
	at org.springframework.aop.framework.ReflectiveMethodInvocation.proceed(ReflectiveMethodInvocation.java:186)
	at org.springframework.aop.framework.CglibAopProxy$CglibMethodInvocation.proceed(CglibAopProxy.java:763)
	at org.springframework.aop.framework.CglibAopProxy$DynamicAdvisedInterceptor.intercept(CglibAopProxy.java:708)
	at cn.gzy.infrastructure.persistent.repository.ActivityRepository$$EnhancerBySpringCGLIB$$d40f7c36.updateOrder(<generated>)
	at cn.gzy.domain.activity.service.quota.RaffleActivityAccountQuotaService.updateOrder(RaffleActivityAccountQuotaService.java:97)
	at cn.gzy.trigger.listener.CreditAdjustSuccessCustomer.listener(CreditAdjustSuccessCustomer.java:45)
	at sun.reflect.NativeMethodAccessorImpl.invoke0(Native Method)
	at sun.reflect.NativeMethodAccessorImpl.invoke(NativeMethodAccessorImpl.java:62)
	at sun.reflect.DelegatingMethodAccessorImpl.invoke(DelegatingMethodAccessorImpl.java:43)
	at java.lang.reflect.Method.invoke(Method.java:498)
	at org.springframework.messaging.handler.invocation.InvocableHandlerMethod.doInvoke(InvocableHandlerMethod.java:169)
	at org.springframework.messaging.handler.invocation.InvocableHandlerMethod.invoke(InvocableHandlerMethod.java:119)
	at org.springframework.amqp.rabbit.listener.adapter.HandlerAdapter.invoke(HandlerAdapter.java:77)
	at org.springframework.amqp.rabbit.listener.adapter.MessagingMessageListenerAdapter.invokeHandler(MessagingMessageListenerAdapter.java:263)
	... 13 common frames omitted
Caused by: java.sql.SQLIntegrityConstraintViolationException: Column 'user_id' cannot be null
	at com.mysql.cj.jdbc.exceptions.SQLError.createSQLException(SQLError.java:117)
	at com.mysql.cj.jdbc.exceptions.SQLError.createSQLException(SQLError.java:97)
	at com.mysql.cj.jdbc.exceptions.SQLExceptionsMapping.translateException(SQLExceptionsMapping.java:122)
	at com.mysql.cj.jdbc.ClientPreparedStatement.executeInternal(ClientPreparedStatement.java:953)
	at com.mysql.cj.jdbc.ClientPreparedStatement.execute(ClientPreparedStatement.java:370)
	at com.zaxxer.hikari.pool.ProxyPreparedStatement.execute(ProxyPreparedStatement.java:44)
	at com.zaxxer.hikari.pool.HikariProxyPreparedStatement.execute(HikariProxyPreparedStatement.java)
	at org.apache.ibatis.executor.statement.PreparedStatementHandler.update(PreparedStatementHandler.java:47)
	at org.apache.ibatis.executor.statement.RoutingStatementHandler.update(RoutingStatementHandler.java:74)
	at sun.reflect.GeneratedMethodAccessor20.invoke(Unknown Source)
	at sun.reflect.DelegatingMethodAccessorImpl.invoke(DelegatingMethodAccessorImpl.java:43)
	at java.lang.reflect.Method.invoke(Method.java:498)
	at org.apache.ibatis.plugin.Plugin.invoke(Plugin.java:63)
	at com.sun.proxy.$Proxy207.update(Unknown Source)
	at org.apache.ibatis.executor.SimpleExecutor.doUpdate(SimpleExecutor.java:50)
	at org.apache.ibatis.executor.BaseExecutor.update(BaseExecutor.java:117)
	at org.apache.ibatis.executor.CachingExecutor.update(CachingExecutor.java:76)
	at org.apache.ibatis.session.defaults.DefaultSqlSession.update(DefaultSqlSession.java:197)
	at org.apache.ibatis.session.defaults.DefaultSqlSession.insert(DefaultSqlSession.java:184)
	at sun.reflect.NativeMethodAccessorImpl.invoke0(Native Method)
	at sun.reflect.NativeMethodAccessorImpl.invoke(NativeMethodAccessorImpl.java:62)
	at sun.reflect.DelegatingMethodAccessorImpl.invoke(DelegatingMethodAccessorImpl.java:43)
	at java.lang.reflect.Method.invoke(Method.java:498)
	at org.mybatis.spring.SqlSessionTemplate$SqlSessionInterceptor.invoke(SqlSessionTemplate.java:427)
	... 53 common frames omitted
26-05-11.10:05:48.436 [org.springframework.amqp.rabbit.RabbitListenerEndpointContainer#1-1] ERROR CreditAdjustSuccessCustomer - 监听积分账户调整成功消息，进行交易商品发货失败 topic: credit_adjust_success message: {"data":{"amount":-1.68,"orderId":"849555347552","outBusinessNo":"700091009200","userId":"xiaofuge"},"id":"36319250145","timestamp":1778465143977}
org.springframework.dao.DataIntegrityViolationException: 
### Error updating database.  Cause: java.sql.SQLIntegrityConstraintViolationException: Column 'user_id' cannot be null
### The error may exist in file [E:\project_java\big-market\big-market-app\target\classes\mybatis\mapper\raffle_activity_account_mapper.xml]
### The error may involve cn.gzy.infrastructure.persistent.dao.IRaffleActivityAccountDao.insert-Inline
### The error occurred while setting parameters
### SQL: insert into raffle_activity_account         (user_id, activity_id, total_count, total_count_surplus, day_count,          day_count_surplus, month_count, month_count_surplus, create_time, update_time)         values             (?, ?, ?, ?, ?,              ?, ?, ?, now(), now())
### Cause: java.sql.SQLIntegrityConstraintViolationException: Column 'user_id' cannot be null
; Column 'user_id' cannot be null; nested exception is java.sql.SQLIntegrityConstraintViolationException: Column 'user_id' cannot be null
	at org.springframework.jdbc.support.SQLExceptionSubclassTranslator.doTranslate(SQLExceptionSubclassTranslator.java:87)
	at org.springframework.jdbc.support.AbstractFallbackSQLExceptionTranslator.translate(AbstractFallbackSQLExceptionTranslator.java:70)
	at org.springframework.jdbc.support.AbstractFallbackSQLExceptionTranslator.translate(AbstractFallbackSQLExceptionTranslator.java:79)
	at org.mybatis.spring.MyBatisExceptionTranslator.translateExceptionIfPossible(MyBatisExceptionTranslator.java:91)
	at org.mybatis.spring.SqlSessionTemplate$SqlSessionInterceptor.invoke(SqlSessionTemplate.java:441)
	at com.sun.proxy.$Proxy109.insert(Unknown Source)
	at org.mybatis.spring.SqlSessionTemplate.insert(SqlSessionTemplate.java:272)
	at org.apache.ibatis.binding.MapperMethod.execute(MapperMethod.java:62)
	at org.apache.ibatis.binding.MapperProxy$PlainMethodInvoker.invoke(MapperProxy.java:152)
	at org.apache.ibatis.binding.MapperProxy.invoke(MapperProxy.java:85)
	at com.sun.proxy.$Proxy115.insert(Unknown Source)
	at sun.reflect.NativeMethodAccessorImpl.invoke0(Native Method)
	at sun.reflect.NativeMethodAccessorImpl.invoke(NativeMethodAccessorImpl.java:62)
	at sun.reflect.DelegatingMethodAccessorImpl.invoke(DelegatingMethodAccessorImpl.java:43)
	at java.lang.reflect.Method.invoke(Method.java:498)
	at org.springframework.aop.support.AopUtils.invokeJoinpointUsingReflection(AopUtils.java:344)
	at org.springframework.aop.framework.ReflectiveMethodInvocation.invokeJoinpoint(ReflectiveMethodInvocation.java:198)
	at org.springframework.aop.framework.ReflectiveMethodInvocation.proceed(ReflectiveMethodInvocation.java:163)
	at org.springframework.aop.interceptor.ExposeInvocationInterceptor.invoke(ExposeInvocationInterceptor.java:97)
	at org.springframework.aop.framework.ReflectiveMethodInvocation.proceed(ReflectiveMethodInvocation.java:186)
	at org.springframework.aop.framework.JdkDynamicAopProxy.invoke(JdkDynamicAopProxy.java:220)
	at com.sun.proxy.$Proxy116.insert(Unknown Source)
	at cn.gzy.infrastructure.persistent.repository.ActivityRepository.lambda$updateOrder$3(ActivityRepository.java:686)
	at org.springframework.transaction.support.TransactionTemplate.execute(TransactionTemplate.java:140)
	at cn.gzy.infrastructure.persistent.repository.ActivityRepository.updateOrder(ActivityRepository.java:675)
	at cn.gzy.infrastructure.persistent.repository.ActivityRepository$$FastClassBySpringCGLIB$$9abb50c6.invoke(<generated>)
	at org.springframework.cglib.proxy.MethodProxy.invoke(MethodProxy.java:218)
	at org.springframework.aop.framework.CglibAopProxy$CglibMethodInvocation.invokeJoinpoint(CglibAopProxy.java:793)
	at org.springframework.aop.framework.ReflectiveMethodInvocation.proceed(ReflectiveMethodInvocation.java:163)
	at org.springframework.aop.framework.CglibAopProxy$CglibMethodInvocation.proceed(CglibAopProxy.java:763)
	at org.springframework.dao.support.PersistenceExceptionTranslationInterceptor.invoke(PersistenceExceptionTranslationInterceptor.java:137)
	at org.springframework.aop.framework.ReflectiveMethodInvocation.proceed(ReflectiveMethodInvocation.java:186)
	at org.springframework.aop.framework.CglibAopProxy$CglibMethodInvocation.proceed(CglibAopProxy.java:763)
	at org.springframework.aop.framework.CglibAopProxy$DynamicAdvisedInterceptor.intercept(CglibAopProxy.java:708)
	at cn.gzy.infrastructure.persistent.repository.ActivityRepository$$EnhancerBySpringCGLIB$$d40f7c36.updateOrder(<generated>)
	at cn.gzy.domain.activity.service.quota.RaffleActivityAccountQuotaService.updateOrder(RaffleActivityAccountQuotaService.java:97)
	at cn.gzy.trigger.listener.CreditAdjustSuccessCustomer.listener(CreditAdjustSuccessCustomer.java:45)
	at sun.reflect.NativeMethodAccessorImpl.invoke0(Native Method)
	at sun.reflect.NativeMethodAccessorImpl.invoke(NativeMethodAccessorImpl.java:62)
	at sun.reflect.DelegatingMethodAccessorImpl.invoke(DelegatingMethodAccessorImpl.java:43)
	at java.lang.reflect.Method.invoke(Method.java:498)
	at org.springframework.messaging.handler.invocation.InvocableHandlerMethod.doInvoke(InvocableHandlerMethod.java:169)
	at org.springframework.messaging.handler.invocation.InvocableHandlerMethod.invoke(InvocableHandlerMethod.java:119)
	at org.springframework.amqp.rabbit.listener.adapter.HandlerAdapter.invoke(HandlerAdapter.java:77)
	at org.springframework.amqp.rabbit.listener.adapter.MessagingMessageListenerAdapter.invokeHandler(MessagingMessageListenerAdapter.java:263)
	at org.springframework.amqp.rabbit.listener.adapter.MessagingMessageListenerAdapter.invokeHandlerAndProcessResult(MessagingMessageListenerAdapter.java:209)
	at org.springframework.amqp.rabbit.listener.adapter.MessagingMessageListenerAdapter.onMessage(MessagingMessageListenerAdapter.java:148)
	at org.springframework.amqp.rabbit.listener.AbstractMessageListenerContainer.doInvokeListener(AbstractMessageListenerContainer.java:1674)
	at org.springframework.amqp.rabbit.listener.AbstractMessageListenerContainer.actualInvokeListener(AbstractMessageListenerContainer.java:1593)
	at org.springframework.amqp.rabbit.listener.AbstractMessageListenerContainer.invokeListener(AbstractMessageListenerContainer.java:1581)
	at org.springframework.amqp.rabbit.listener.AbstractMessageListenerContainer.doExecuteListener(AbstractMessageListenerContainer.java:1572)
	at org.springframework.amqp.rabbit.listener.AbstractMessageListenerContainer.executeListener(AbstractMessageListenerContainer.java:1516)
	at org.springframework.amqp.rabbit.listener.SimpleMessageListenerContainer.doReceiveAndExecute(SimpleMessageListenerContainer.java:1001)
	at org.springframework.amqp.rabbit.listener.SimpleMessageListenerContainer.receiveAndExecute(SimpleMessageListenerContainer.java:948)
	at org.springframework.amqp.rabbit.listener.SimpleMessageListenerContainer.access$1600(SimpleMessageListenerContainer.java:86)
	at org.springframework.amqp.rabbit.listener.SimpleMessageListenerContainer$AsyncMessageProcessingConsumer.mainLoop(SimpleMessageListenerContainer.java:1326)
	at org.springframework.amqp.rabbit.listener.SimpleMessageListenerContainer$AsyncMessageProcessingConsumer.run(SimpleMessageListenerContainer.java:1232)
	at java.lang.Thread.run(Thread.java:748)
Caused by: java.sql.SQLIntegrityConstraintViolationException: Column 'user_id' cannot be null
	at com.mysql.cj.jdbc.exceptions.SQLError.createSQLException(SQLError.java:117)
	at com.mysql.cj.jdbc.exceptions.SQLError.createSQLException(SQLError.java:97)
	at com.mysql.cj.jdbc.exceptions.SQLExceptionsMapping.translateException(SQLExceptionsMapping.java:122)
	at com.mysql.cj.jdbc.ClientPreparedStatement.executeInternal(ClientPreparedStatement.java:953)
	at com.mysql.cj.jdbc.ClientPreparedStatement.execute(ClientPreparedStatement.java:370)
	at com.zaxxer.hikari.pool.ProxyPreparedStatement.execute(ProxyPreparedStatement.java:44)
	at com.zaxxer.hikari.pool.HikariProxyPreparedStatement.execute(HikariProxyPreparedStatement.java)
	at org.apache.ibatis.executor.statement.PreparedStatementHandler.update(PreparedStatementHandler.java:47)
	at org.apache.ibatis.executor.statement.RoutingStatementHandler.update(RoutingStatementHandler.java:74)
	at sun.reflect.GeneratedMethodAccessor20.invoke(Unknown Source)
	at sun.reflect.DelegatingMethodAccessorImpl.invoke(DelegatingMethodAccessorImpl.java:43)
	at java.lang.reflect.Method.invoke(Method.java:498)
	at org.apache.ibatis.plugin.Plugin.invoke(Plugin.java:63)
	at com.sun.proxy.$Proxy207.update(Unknown Source)
	at org.apache.ibatis.executor.SimpleExecutor.doUpdate(SimpleExecutor.java:50)
	at org.apache.ibatis.executor.BaseExecutor.update(BaseExecutor.java:117)
	at org.apache.ibatis.executor.CachingExecutor.update(CachingExecutor.java:76)
	at org.apache.ibatis.session.defaults.DefaultSqlSession.update(DefaultSqlSession.java:197)
	at org.apache.ibatis.session.defaults.DefaultSqlSession.insert(DefaultSqlSession.java:184)
	at sun.reflect.NativeMethodAccessorImpl.invoke0(Native Method)
	at sun.reflect.NativeMethodAccessorImpl.invoke(NativeMethodAccessorImpl.java:62)
	at sun.reflect.DelegatingMethodAccessorImpl.invoke(DelegatingMethodAccessorImpl.java:43)
	at java.lang.reflect.Method.invoke(Method.java:498)
	at org.mybatis.spring.SqlSessionTemplate$SqlSessionInterceptor.invoke(SqlSessionTemplate.java:427)
	... 53 common frames omitted
26-05-11.10:05:48.436 [org.springframework.amqp.rabbit.RabbitListenerEndpointContainer#1-1] WARN  ConditionalRejectingErrorHandler - Execution of Rabbit message listener failed.
org.springframework.amqp.rabbit.support.ListenerExecutionFailedException: Listener method 'public void cn.gzy.trigger.listener.CreditAdjustSuccessCustomer.listener(java.lang.String)' threw exception
	at org.springframework.amqp.rabbit.listener.adapter.MessagingMessageListenerAdapter.invokeHandler(MessagingMessageListenerAdapter.java:272)
	at org.springframework.amqp.rabbit.listener.adapter.MessagingMessageListenerAdapter.invokeHandlerAndProcessResult(MessagingMessageListenerAdapter.java:209)
	at org.springframework.amqp.rabbit.listener.adapter.MessagingMessageListenerAdapter.onMessage(MessagingMessageListenerAdapter.java:148)
	at org.springframework.amqp.rabbit.listener.AbstractMessageListenerContainer.doInvokeListener(AbstractMessageListenerContainer.java:1674)
	at org.springframework.amqp.rabbit.listener.AbstractMessageListenerContainer.actualInvokeListener(AbstractMessageListenerContainer.java:1593)
	at org.springframework.amqp.rabbit.listener.AbstractMessageListenerContainer.invokeListener(AbstractMessageListenerContainer.java:1581)
	at org.springframework.amqp.rabbit.listener.AbstractMessageListenerContainer.doExecuteListener(AbstractMessageListenerContainer.java:1572)
	at org.springframework.amqp.rabbit.listener.AbstractMessageListenerContainer.executeListener(AbstractMessageListenerContainer.java:1516)
	at org.springframework.amqp.rabbit.listener.SimpleMessageListenerContainer.doReceiveAndExecute(SimpleMessageListenerContainer.java:1001)
	at org.springframework.amqp.rabbit.listener.SimpleMessageListenerContainer.receiveAndExecute(SimpleMessageListenerContainer.java:948)
	at org.springframework.amqp.rabbit.listener.SimpleMessageListenerContainer.access$1600(SimpleMessageListenerContainer.java:86)
	at org.springframework.amqp.rabbit.listener.SimpleMessageListenerContainer$AsyncMessageProcessingConsumer.mainLoop(SimpleMessageListenerContainer.java:1326)
	at org.springframework.amqp.rabbit.listener.SimpleMessageListenerContainer$AsyncMessageProcessingConsumer.run(SimpleMessageListenerContainer.java:1232)
	at java.lang.Thread.run(Thread.java:748)
Caused by: org.springframework.dao.DataIntegrityViolationException: 
### Error updating database.  Cause: java.sql.SQLIntegrityConstraintViolationException: Column 'user_id' cannot be null
### The error may exist in file [E:\project_java\big-market\big-market-app\target\classes\mybatis\mapper\raffle_activity_account_mapper.xml]
### The error may involve cn.gzy.infrastructure.persistent.dao.IRaffleActivityAccountDao.insert-Inline
### The error occurred while setting parameters
### SQL: insert into raffle_activity_account         (user_id, activity_id, total_count, total_count_surplus, day_count,          day_count_surplus, month_count, month_count_surplus, create_time, update_time)         values             (?, ?, ?, ?, ?,              ?, ?, ?, now(), now())
### Cause: java.sql.SQLIntegrityConstraintViolationException: Column 'user_id' cannot be null
; Column 'user_id' cannot be null; nested exception is java.sql.SQLIntegrityConstraintViolationException: Column 'user_id' cannot be null
	at org.springframework.jdbc.support.SQLExceptionSubclassTranslator.doTranslate(SQLExceptionSubclassTranslator.java:87)
	at org.springframework.jdbc.support.AbstractFallbackSQLExceptionTranslator.translate(AbstractFallbackSQLExceptionTranslator.java:70)
	at org.springframework.jdbc.support.AbstractFallbackSQLExceptionTranslator.translate(AbstractFallbackSQLExceptionTranslator.java:79)
	at org.mybatis.spring.MyBatisExceptionTranslator.translateExceptionIfPossible(MyBatisExceptionTranslator.java:91)
	at org.mybatis.spring.SqlSessionTemplate$SqlSessionInterceptor.invoke(SqlSessionTemplate.java:441)
	at com.sun.proxy.$Proxy109.insert(Unknown Source)
	at org.mybatis.spring.SqlSessionTemplate.insert(SqlSessionTemplate.java:272)
	at org.apache.ibatis.binding.MapperMethod.execute(MapperMethod.java:62)
	at org.apache.ibatis.binding.MapperProxy$PlainMethodInvoker.invoke(MapperProxy.java:152)
	at org.apache.ibatis.binding.MapperProxy.invoke(MapperProxy.java:85)
	at com.sun.proxy.$Proxy115.insert(Unknown Source)
	at sun.reflect.NativeMethodAccessorImpl.invoke0(Native Method)
	at sun.reflect.NativeMethodAccessorImpl.invoke(NativeMethodAccessorImpl.java:62)
	at sun.reflect.DelegatingMethodAccessorImpl.invoke(DelegatingMethodAccessorImpl.java:43)
	at java.lang.reflect.Method.invoke(Method.java:498)
	at org.springframework.aop.support.AopUtils.invokeJoinpointUsingReflection(AopUtils.java:344)
	at org.springframework.aop.framework.ReflectiveMethodInvocation.invokeJoinpoint(ReflectiveMethodInvocation.java:198)
	at org.springframework.aop.framework.ReflectiveMethodInvocation.proceed(ReflectiveMethodInvocation.java:163)
	at org.springframework.aop.interceptor.ExposeInvocationInterceptor.invoke(ExposeInvocationInterceptor.java:97)
	at org.springframework.aop.framework.ReflectiveMethodInvocation.proceed(ReflectiveMethodInvocation.java:186)
	at org.springframework.aop.framework.JdkDynamicAopProxy.invoke(JdkDynamicAopProxy.java:220)
	at com.sun.proxy.$Proxy116.insert(Unknown Source)
	at cn.gzy.infrastructure.persistent.repository.ActivityRepository.lambda$updateOrder$3(ActivityRepository.java:686)
	at org.springframework.transaction.support.TransactionTemplate.execute(TransactionTemplate.java:140)
	at cn.gzy.infrastructure.persistent.repository.ActivityRepository.updateOrder(ActivityRepository.java:675)
	at cn.gzy.infrastructure.persistent.repository.ActivityRepository$$FastClassBySpringCGLIB$$9abb50c6.invoke(<generated>)
	at org.springframework.cglib.proxy.MethodProxy.invoke(MethodProxy.java:218)
	at org.springframework.aop.framework.CglibAopProxy$CglibMethodInvocation.invokeJoinpoint(CglibAopProxy.java:793)
	at org.springframework.aop.framework.ReflectiveMethodInvocation.proceed(ReflectiveMethodInvocation.java:163)
	at org.springframework.aop.framework.CglibAopProxy$CglibMethodInvocation.proceed(CglibAopProxy.java:763)
	at org.springframework.dao.support.PersistenceExceptionTranslationInterceptor.invoke(PersistenceExceptionTranslationInterceptor.java:137)
	at org.springframework.aop.framework.ReflectiveMethodInvocation.proceed(ReflectiveMethodInvocation.java:186)
	at org.springframework.aop.framework.CglibAopProxy$CglibMethodInvocation.proceed(CglibAopProxy.java:763)
	at org.springframework.aop.framework.CglibAopProxy$DynamicAdvisedInterceptor.intercept(CglibAopProxy.java:708)
	at cn.gzy.infrastructure.persistent.repository.ActivityRepository$$EnhancerBySpringCGLIB$$d40f7c36.updateOrder(<generated>)
	at cn.gzy.domain.activity.service.quota.RaffleActivityAccountQuotaService.updateOrder(RaffleActivityAccountQuotaService.java:97)
	at cn.gzy.trigger.listener.CreditAdjustSuccessCustomer.listener(CreditAdjustSuccessCustomer.java:45)
	at sun.reflect.NativeMethodAccessorImpl.invoke0(Native Method)
	at sun.reflect.NativeMethodAccessorImpl.invoke(NativeMethodAccessorImpl.java:62)
	at sun.reflect.DelegatingMethodAccessorImpl.invoke(DelegatingMethodAccessorImpl.java:43)
	at java.lang.reflect.Method.invoke(Method.java:498)
	at org.springframework.messaging.handler.invocation.InvocableHandlerMethod.doInvoke(InvocableHandlerMethod.java:169)
	at org.springframework.messaging.handler.invocation.InvocableHandlerMethod.invoke(InvocableHandlerMethod.java:119)
	at org.springframework.amqp.rabbit.listener.adapter.HandlerAdapter.invoke(HandlerAdapter.java:77)
	at org.springframework.amqp.rabbit.listener.adapter.MessagingMessageListenerAdapter.invokeHandler(MessagingMessageListenerAdapter.java:263)
	... 13 common frames omitted
Caused by: java.sql.SQLIntegrityConstraintViolationException: Column 'user_id' cannot be null
	at com.mysql.cj.jdbc.exceptions.SQLError.createSQLException(SQLError.java:117)
	at com.mysql.cj.jdbc.exceptions.SQLError.createSQLException(SQLError.java:97)
	at com.mysql.cj.jdbc.exceptions.SQLExceptionsMapping.translateException(SQLExceptionsMapping.java:122)
	at com.mysql.cj.jdbc.ClientPreparedStatement.executeInternal(ClientPreparedStatement.java:953)
	at com.mysql.cj.jdbc.ClientPreparedStatement.execute(ClientPreparedStatement.java:370)
	at com.zaxxer.hikari.pool.ProxyPreparedStatement.execute(ProxyPreparedStatement.java:44)
	at com.zaxxer.hikari.pool.HikariProxyPreparedStatement.execute(HikariProxyPreparedStatement.java)
	at org.apache.ibatis.executor.statement.PreparedStatementHandler.update(PreparedStatementHandler.java:47)
	at org.apache.ibatis.executor.statement.RoutingStatementHandler.update(RoutingStatementHandler.java:74)
	at sun.reflect.GeneratedMethodAccessor20.invoke(Unknown Source)
	at sun.reflect.DelegatingMethodAccessorImpl.invoke(DelegatingMethodAccessorImpl.java:43)
	at java.lang.reflect.Method.invoke(Method.java:498)
	at org.apache.ibatis.plugin.Plugin.invoke(Plugin.java:63)
	at com.sun.proxy.$Proxy207.update(Unknown Source)
	at org.apache.ibatis.executor.SimpleExecutor.doUpdate(SimpleExecutor.java:50)
	at org.apache.ibatis.executor.BaseExecutor.update(BaseExecutor.java:117)
	at org.apache.ibatis.executor.CachingExecutor.update(CachingExecutor.java:76)
	at org.apache.ibatis.session.defaults.DefaultSqlSession.update(DefaultSqlSession.java:197)
	at org.apache.ibatis.session.defaults.DefaultSqlSession.insert(DefaultSqlSession.java:184)
	at sun.reflect.NativeMethodAccessorImpl.invoke0(Native Method)
	at sun.reflect.NativeMethodAccessorImpl.invoke(NativeMethodAccessorImpl.java:62)
	at sun.reflect.DelegatingMethodAccessorImpl.invoke(DelegatingMethodAccessorImpl.java:43)
	at java.lang.reflect.Method.invoke(Method.java:498)
	at org.mybatis.spring.SqlSessionTemplate$SqlSessionInterceptor.invoke(SqlSessionTemplate.java:427)
	... 53 common frames omitted
26-05-11.10:05:48.859 [org.springframework.amqp.rabbit.RabbitListenerEndpointContainer#1-1] ERROR CreditAdjustSuccessCustomer - 监听积分账户调整成功消息，进行交易商品发货失败 topic: credit_adjust_success message: {"data":{"amount":-1.68,"orderId":"849555347552","outBusinessNo":"700091009200","userId":"xiaofuge"},"id":"36319250145","timestamp":1778465143977}
org.springframework.dao.DataIntegrityViolationException: 
### Error updating database.  Cause: java.sql.SQLIntegrityConstraintViolationException: Column 'user_id' cannot be null
### The error may exist in file [E:\project_java\big-market\big-market-app\target\classes\mybatis\mapper\raffle_activity_account_mapper.xml]
### The error may involve cn.gzy.infrastructure.persistent.dao.IRaffleActivityAccountDao.insert-Inline
### The error occurred while setting parameters
### SQL: insert into raffle_activity_account         (user_id, activity_id, total_count, total_count_surplus, day_count,          day_count_surplus, month_count, month_count_surplus, create_time, update_time)         values             (?, ?, ?, ?, ?,              ?, ?, ?, now(), now())
### Cause: java.sql.SQLIntegrityConstraintViolationException: Column 'user_id' cannot be null
; Column 'user_id' cannot be null; nested exception is java.sql.SQLIntegrityConstraintViolationException: Column 'user_id' cannot be null
	at org.springframework.jdbc.support.SQLExceptionSubclassTranslator.doTranslate(SQLExceptionSubclassTranslator.java:87)
	at org.springframework.jdbc.support.AbstractFallbackSQLExceptionTranslator.translate(AbstractFallbackSQLExceptionTranslator.java:70)
	at org.springframework.jdbc.support.AbstractFallbackSQLExceptionTranslator.translate(AbstractFallbackSQLExceptionTranslator.java:79)
	at org.mybatis.spring.MyBatisExceptionTranslator.translateExceptionIfPossible(MyBatisExceptionTranslator.java:91)
	at org.mybatis.spring.SqlSessionTemplate$SqlSessionInterceptor.invoke(SqlSessionTemplate.java:441)
	at com.sun.proxy.$Proxy109.insert(Unknown Source)
	at org.mybatis.spring.SqlSessionTemplate.insert(SqlSessionTemplate.java:272)
	at org.apache.ibatis.binding.MapperMethod.execute(MapperMethod.java:62)
	at org.apache.ibatis.binding.MapperProxy$PlainMethodInvoker.invoke(MapperProxy.java:152)
	at org.apache.ibatis.binding.MapperProxy.invoke(MapperProxy.java:85)
	at com.sun.proxy.$Proxy115.insert(Unknown Source)
	at sun.reflect.NativeMethodAccessorImpl.invoke0(Native Method)
	at sun.reflect.NativeMethodAccessorImpl.invoke(NativeMethodAccessorImpl.java:62)
	at sun.reflect.DelegatingMethodAccessorImpl.invoke(DelegatingMethodAccessorImpl.java:43)
	at java.lang.reflect.Method.invoke(Method.java:498)
	at org.springframework.aop.support.AopUtils.invokeJoinpointUsingReflection(AopUtils.java:344)
	at org.springframework.aop.framework.ReflectiveMethodInvocation.invokeJoinpoint(ReflectiveMethodInvocation.java:198)
	at org.springframework.aop.framework.ReflectiveMethodInvocation.proceed(ReflectiveMethodInvocation.java:163)
	at org.springframework.aop.interceptor.ExposeInvocationInterceptor.invoke(ExposeInvocationInterceptor.java:97)
	at org.springframework.aop.framework.ReflectiveMethodInvocation.proceed(ReflectiveMethodInvocation.java:186)
	at org.springframework.aop.framework.JdkDynamicAopProxy.invoke(JdkDynamicAopProxy.java:220)
	at com.sun.proxy.$Proxy116.insert(Unknown Source)
	at cn.gzy.infrastructure.persistent.repository.ActivityRepository.lambda$updateOrder$3(ActivityRepository.java:686)
	at org.springframework.transaction.support.TransactionTemplate.execute(TransactionTemplate.java:140)
	at cn.gzy.infrastructure.persistent.repository.ActivityRepository.updateOrder(ActivityRepository.java:675)
	at cn.gzy.infrastructure.persistent.repository.ActivityRepository$$FastClassBySpringCGLIB$$9abb50c6.invoke(<generated>)
	at org.springframework.cglib.proxy.MethodProxy.invoke(MethodProxy.java:218)
	at org.springframework.aop.framework.CglibAopProxy$CglibMethodInvocation.invokeJoinpoint(CglibAopProxy.java:793)
	at org.springframework.aop.framework.ReflectiveMethodInvocation.proceed(ReflectiveMethodInvocation.java:163)
	at org.springframework.aop.framework.CglibAopProxy$CglibMethodInvocation.proceed(CglibAopProxy.java:763)
	at org.springframework.dao.support.PersistenceExceptionTranslationInterceptor.invoke(PersistenceExceptionTranslationInterceptor.java:137)
	at org.springframework.aop.framework.ReflectiveMethodInvocation.proceed(ReflectiveMethodInvocation.java:186)
	at org.springframework.aop.framework.CglibAopProxy$CglibMethodInvocation.proceed(CglibAopProxy.java:763)
	at org.springframework.aop.framework.CglibAopProxy$DynamicAdvisedInterceptor.intercept(CglibAopProxy.java:708)
	at cn.gzy.infrastructure.persistent.repository.ActivityRepository$$EnhancerBySpringCGLIB$$d40f7c36.updateOrder(<generated>)
	at cn.gzy.domain.activity.service.quota.RaffleActivityAccountQuotaService.updateOrder(RaffleActivityAccountQuotaService.java:97)
	at cn.gzy.trigger.listener.CreditAdjustSuccessCustomer.listener(CreditAdjustSuccessCustomer.java:45)
	at sun.reflect.NativeMethodAccessorImpl.invoke0(Native Method)
	at sun.reflect.NativeMethodAccessorImpl.invoke(NativeMethodAccessorImpl.java:62)
	at sun.reflect.DelegatingMethodAccessorImpl.invoke(DelegatingMethodAccessorImpl.java:43)
	at java.lang.reflect.Method.invoke(Method.java:498)
	at org.springframework.messaging.handler.invocation.InvocableHandlerMethod.doInvoke(InvocableHandlerMethod.java:169)
	at org.springframework.messaging.handler.invocation.InvocableHandlerMethod.invoke(InvocableHandlerMethod.java:119)
	at org.springframework.amqp.rabbit.listener.adapter.HandlerAdapter.invoke(HandlerAdapter.java:77)
	at org.springframework.amqp.rabbit.listener.adapter.MessagingMessageListenerAdapter.invokeHandler(MessagingMessageListenerAdapter.java:263)
	at org.springframework.amqp.rabbit.listener.adapter.MessagingMessageListenerAdapter.invokeHandlerAndProcessResult(MessagingMessageListenerAdapter.java:209)
	at org.springframework.amqp.rabbit.listener.adapter.MessagingMessageListenerAdapter.onMessage(MessagingMessageListenerAdapter.java:148)
	at org.springframework.amqp.rabbit.listener.AbstractMessageListenerContainer.doInvokeListener(AbstractMessageListenerContainer.java:1674)
	at org.springframework.amqp.rabbit.listener.AbstractMessageListenerContainer.actualInvokeListener(AbstractMessageListenerContainer.java:1593)
	at org.springframework.amqp.rabbit.listener.AbstractMessageListenerContainer.invokeListener(AbstractMessageListenerContainer.java:1581)
	at org.springframework.amqp.rabbit.listener.AbstractMessageListenerContainer.doExecuteListener(AbstractMessageListenerContainer.java:1572)
	at org.springframework.amqp.rabbit.listener.AbstractMessageListenerContainer.executeListener(AbstractMessageListenerContainer.java:1516)
	at org.springframework.amqp.rabbit.listener.SimpleMessageListenerContainer.doReceiveAndExecute(SimpleMessageListenerContainer.java:1001)
	at org.springframework.amqp.rabbit.listener.SimpleMessageListenerContainer.receiveAndExecute(SimpleMessageListenerContainer.java:948)
	at org.springframework.amqp.rabbit.listener.SimpleMessageListenerContainer.access$1600(SimpleMessageListenerContainer.java:86)
	at org.springframework.amqp.rabbit.listener.SimpleMessageListenerContainer$AsyncMessageProcessingConsumer.mainLoop(SimpleMessageListenerContainer.java:1326)
	at org.springframework.amqp.rabbit.listener.SimpleMessageListenerContainer$AsyncMessageProcessingConsumer.run(SimpleMessageListenerContainer.java:1232)
	at java.lang.Thread.run(Thread.java:748)
Caused by: java.sql.SQLIntegrityConstraintViolationException: Column 'user_id' cannot be null
	at com.mysql.cj.jdbc.exceptions.SQLError.createSQLException(SQLError.java:117)
	at com.mysql.cj.jdbc.exceptions.SQLError.createSQLException(SQLError.java:97)
	at com.mysql.cj.jdbc.exceptions.SQLExceptionsMapping.translateException(SQLExceptionsMapping.java:122)
	at com.mysql.cj.jdbc.ClientPreparedStatement.executeInternal(ClientPreparedStatement.java:953)
	at com.mysql.cj.jdbc.ClientPreparedStatement.execute(ClientPreparedStatement.java:370)
	at com.zaxxer.hikari.pool.ProxyPreparedStatement.execute(ProxyPreparedStatement.java:44)
	at com.zaxxer.hikari.pool.HikariProxyPreparedStatement.execute(HikariProxyPreparedStatement.java)
	at org.apache.ibatis.executor.statement.PreparedStatementHandler.update(PreparedStatementHandler.java:47)
	at org.apache.ibatis.executor.statement.RoutingStatementHandler.update(RoutingStatementHandler.java:74)
	at sun.reflect.GeneratedMethodAccessor20.invoke(Unknown Source)
	at sun.reflect.DelegatingMethodAccessorImpl.invoke(DelegatingMethodAccessorImpl.java:43)
	at java.lang.reflect.Method.invoke(Method.java:498)
	at org.apache.ibatis.plugin.Plugin.invoke(Plugin.java:63)
	at com.sun.proxy.$Proxy207.update(Unknown Source)
	at org.apache.ibatis.executor.SimpleExecutor.doUpdate(SimpleExecutor.java:50)
	at org.apache.ibatis.executor.BaseExecutor.update(BaseExecutor.java:117)
	at org.apache.ibatis.executor.CachingExecutor.update(CachingExecutor.java:76)
	at org.apache.ibatis.session.defaults.DefaultSqlSession.update(DefaultSqlSession.java:197)
	at org.apache.ibatis.session.defaults.DefaultSqlSession.insert(DefaultSqlSession.java:184)
	at sun.reflect.NativeMethodAccessorImpl.invoke0(Native Method)
	at sun.reflect.NativeMethodAccessorImpl.invoke(NativeMethodAccessorImpl.java:62)
	at sun.reflect.DelegatingMethodAccessorImpl.invoke(DelegatingMethodAccessorImpl.java:43)
	at java.lang.reflect.Method.invoke(Method.java:498)
	at org.mybatis.spring.SqlSessionTemplate$SqlSessionInterceptor.invoke(SqlSessionTemplate.java:427)
	... 53 common frames omitted
26-05-11.10:05:48.859 [org.springframework.amqp.rabbit.RabbitListenerEndpointContainer#1-1] WARN  ConditionalRejectingErrorHandler - Execution of Rabbit message listener failed.
org.springframework.amqp.rabbit.support.ListenerExecutionFailedException: Listener method 'public void cn.gzy.trigger.listener.CreditAdjustSuccessCustomer.listener(java.lang.String)' threw exception
	at org.springframework.amqp.rabbit.listener.adapter.MessagingMessageListenerAdapter.invokeHandler(MessagingMessageListenerAdapter.java:272)
	at org.springframework.amqp.rabbit.listener.adapter.MessagingMessageListenerAdapter.invokeHandlerAndProcessResult(MessagingMessageListenerAdapter.java:209)
	at org.springframework.amqp.rabbit.listener.adapter.MessagingMessageListenerAdapter.onMessage(MessagingMessageListenerAdapter.java:148)
	at org.springframework.amqp.rabbit.listener.AbstractMessageListenerContainer.doInvokeListener(AbstractMessageListenerContainer.java:1674)
	at org.springframework.amqp.rabbit.listener.AbstractMessageListenerContainer.actualInvokeListener(AbstractMessageListenerContainer.java:1593)
	at org.springframework.amqp.rabbit.listener.AbstractMessageListenerContainer.invokeListener(AbstractMessageListenerContainer.java:1581)
	at org.springframework.amqp.rabbit.listener.AbstractMessageListenerContainer.doExecuteListener(AbstractMessageListenerContainer.java:1572)
	at org.springframework.amqp.rabbit.listener.AbstractMessageListenerContainer.executeListener(AbstractMessageListenerContainer.java:1516)
	at org.springframework.amqp.rabbit.listener.SimpleMessageListenerContainer.doReceiveAndExecute(SimpleMessageListenerContainer.java:1001)
	at org.springframework.amqp.rabbit.listener.SimpleMessageListenerContainer.receiveAndExecute(SimpleMessageListenerContainer.java:948)
	at org.springframework.amqp.rabbit.listener.SimpleMessageListenerContainer.access$1600(SimpleMessageListenerContainer.java:86)
	at org.springframework.amqp.rabbit.listener.SimpleMessageListenerContainer$AsyncMessageProcessingConsumer.mainLoop(SimpleMessageListenerContainer.java:1326)
	at org.springframework.amqp.rabbit.listener.SimpleMessageListenerContainer$AsyncMessageProcessingConsumer.run(SimpleMessageListenerContainer.java:1232)
	at java.lang.Thread.run(Thread.java:748)
Caused by: org.springframework.dao.DataIntegrityViolationException: 
### Error updating database.  Cause: java.sql.SQLIntegrityConstraintViolationException: Column 'user_id' cannot be null
### The error may exist in file [E:\project_java\big-market\big-market-app\target\classes\mybatis\mapper\raffle_activity_account_mapper.xml]
### The error may involve cn.gzy.infrastructure.persistent.dao.IRaffleActivityAccountDao.insert-Inline
### The error occurred while setting parameters
### SQL: insert into raffle_activity_account         (user_id, activity_id, total_count, total_count_surplus, day_count,          day_count_surplus, month_count, month_count_surplus, create_time, update_time)         values             (?, ?, ?, ?, ?,              ?, ?, ?, now(), now())
### Cause: java.sql.SQLIntegrityConstraintViolationException: Column 'user_id' cannot be null
; Column 'user_id' cannot be null; nested exception is java.sql.SQLIntegrityConstraintViolationException: Column 'user_id' cannot be null
	at org.springframework.jdbc.support.SQLExceptionSubclassTranslator.doTranslate(SQLExceptionSubclassTranslator.java:87)
	at org.springframework.jdbc.support.AbstractFallbackSQLExceptionTranslator.translate(AbstractFallbackSQLExceptionTranslator.java:70)
	at org.springframework.jdbc.support.AbstractFallbackSQLExceptionTranslator.translate(AbstractFallbackSQLExceptionTranslator.java:79)
	at org.mybatis.spring.MyBatisExceptionTranslator.translateExceptionIfPossible(MyBatisExceptionTranslator.java:91)
	at org.mybatis.spring.SqlSessionTemplate$SqlSessionInterceptor.invoke(SqlSessionTemplate.java:441)
	at com.sun.proxy.$Proxy109.insert(Unknown Source)
	at org.mybatis.spring.SqlSessionTemplate.insert(SqlSessionTemplate.java:272)
	at org.apache.ibatis.binding.MapperMethod.execute(MapperMethod.java:62)
	at org.apache.ibatis.binding.MapperProxy$PlainMethodInvoker.invoke(MapperProxy.java:152)
	at org.apache.ibatis.binding.MapperProxy.invoke(MapperProxy.java:85)
	at com.sun.proxy.$Proxy115.insert(Unknown Source)
	at sun.reflect.NativeMethodAccessorImpl.invoke0(Native Method)
	at sun.reflect.NativeMethodAccessorImpl.invoke(NativeMethodAccessorImpl.java:62)
	at sun.reflect.DelegatingMethodAccessorImpl.invoke(DelegatingMethodAccessorImpl.java:43)
	at java.lang.reflect.Method.invoke(Method.java:498)
	at org.springframework.aop.support.AopUtils.invokeJoinpointUsingReflection(AopUtils.java:344)
	at org.springframework.aop.framework.ReflectiveMethodInvocation.invokeJoinpoint(ReflectiveMethodInvocation.java:198)
	at org.springframework.aop.framework.ReflectiveMethodInvocation.proceed(ReflectiveMethodInvocation.java:163)
	at org.springframework.aop.interceptor.ExposeInvocationInterceptor.invoke(ExposeInvocationInterceptor.java:97)
	at org.springframework.aop.framework.ReflectiveMethodInvocation.proceed(ReflectiveMethodInvocation.java:186)
	at org.springframework.aop.framework.JdkDynamicAopProxy.invoke(JdkDynamicAopProxy.java:220)
	at com.sun.proxy.$Proxy116.insert(Unknown Source)
	at cn.gzy.infrastructure.persistent.repository.ActivityRepository.lambda$updateOrder$3(ActivityRepository.java:686)
	at org.springframework.transaction.support.TransactionTemplate.execute(TransactionTemplate.java:140)
	at cn.gzy.infrastructure.persistent.repository.ActivityRepository.updateOrder(ActivityRepository.java:675)
	at cn.gzy.infrastructure.persistent.repository.ActivityRepository$$FastClassBySpringCGLIB$$9abb50c6.invoke(<generated>)
	at org.springframework.cglib.proxy.MethodProxy.invoke(MethodProxy.java:218)
	at org.springframework.aop.framework.CglibAopProxy$CglibMethodInvocation.invokeJoinpoint(CglibAopProxy.java:793)
	at org.springframework.aop.framework.ReflectiveMethodInvocation.proceed(ReflectiveMethodInvocation.java:163)
	at org.springframework.aop.framework.CglibAopProxy$CglibMethodInvocation.proceed(CglibAopProxy.java:763)
	at org.springframework.dao.support.PersistenceExceptionTranslationInterceptor.invoke(PersistenceExceptionTranslationInterceptor.java:137)
	at org.springframework.aop.framework.ReflectiveMethodInvocation.proceed(ReflectiveMethodInvocation.java:186)
	at org.springframework.aop.framework.CglibAopProxy$CglibMethodInvocation.proceed(CglibAopProxy.java:763)
	at org.springframework.aop.framework.CglibAopProxy$DynamicAdvisedInterceptor.intercept(CglibAopProxy.java:708)
	at cn.gzy.infrastructure.persistent.repository.ActivityRepository$$EnhancerBySpringCGLIB$$d40f7c36.updateOrder(<generated>)
	at cn.gzy.domain.activity.service.quota.RaffleActivityAccountQuotaService.updateOrder(RaffleActivityAccountQuotaService.java:97)
	at cn.gzy.trigger.listener.CreditAdjustSuccessCustomer.listener(CreditAdjustSuccessCustomer.java:45)
	at sun.reflect.NativeMethodAccessorImpl.invoke0(Native Method)
	at sun.reflect.NativeMethodAccessorImpl.invoke(NativeMethodAccessorImpl.java:62)
	at sun.reflect.DelegatingMethodAccessorImpl.invoke(DelegatingMethodAccessorImpl.java:43)
	at java.lang.reflect.Method.invoke(Method.java:498)
	at org.springframework.messaging.handler.invocation.InvocableHandlerMethod.doInvoke(InvocableHandlerMethod.java:169)
	at org.springframework.messaging.handler.invocation.InvocableHandlerMethod.invoke(InvocableHandlerMethod.java:119)
	at org.springframework.amqp.rabbit.listener.adapter.HandlerAdapter.invoke(HandlerAdapter.java:77)
	at org.springframework.amqp.rabbit.listener.adapter.MessagingMessageListenerAdapter.invokeHandler(MessagingMessageListenerAdapter.java:263)
	... 13 common frames omitted
Caused by: java.sql.SQLIntegrityConstraintViolationException: Column 'user_id' cannot be null
	at com.mysql.cj.jdbc.exceptions.SQLError.createSQLException(SQLError.java:117)
	at com.mysql.cj.jdbc.exceptions.SQLError.createSQLException(SQLError.java:97)
	at com.mysql.cj.jdbc.exceptions.SQLExceptionsMapping.translateException(SQLExceptionsMapping.java:122)
	at com.mysql.cj.jdbc.ClientPreparedStatement.executeInternal(ClientPreparedStatement.java:953)
	at com.mysql.cj.jdbc.ClientPreparedStatement.execute(ClientPreparedStatement.java:370)
	at com.zaxxer.hikari.pool.ProxyPreparedStatement.execute(ProxyPreparedStatement.java:44)
	at com.zaxxer.hikari.pool.HikariProxyPreparedStatement.execute(HikariProxyPreparedStatement.java)
	at org.apache.ibatis.executor.statement.PreparedStatementHandler.update(PreparedStatementHandler.java:47)
	at org.apache.ibatis.executor.statement.RoutingStatementHandler.update(RoutingStatementHandler.java:74)
	at sun.reflect.GeneratedMethodAccessor20.invoke(Unknown Source)
	at sun.reflect.DelegatingMethodAccessorImpl.invoke(DelegatingMethodAccessorImpl.java:43)
	at java.lang.reflect.Method.invoke(Method.java:498)
	at org.apache.ibatis.plugin.Plugin.invoke(Plugin.java:63)
	at com.sun.proxy.$Proxy207.update(Unknown Source)
	at org.apache.ibatis.executor.SimpleExecutor.doUpdate(SimpleExecutor.java:50)
	at org.apache.ibatis.executor.BaseExecutor.update(BaseExecutor.java:117)
	at org.apache.ibatis.executor.CachingExecutor.update(CachingExecutor.java:76)
	at org.apache.ibatis.session.defaults.DefaultSqlSession.update(DefaultSqlSession.java:197)
	at org.apache.ibatis.session.defaults.DefaultSqlSession.insert(DefaultSqlSession.java:184)
	at sun.reflect.NativeMethodAccessorImpl.invoke0(Native Method)
	at sun.reflect.NativeMethodAccessorImpl.invoke(NativeMethodAccessorImpl.java:62)
	at sun.reflect.DelegatingMethodAccessorImpl.invoke(DelegatingMethodAccessorImpl.java:43)
	at java.lang.reflect.Method.invoke(Method.java:498)
	at org.mybatis.spring.SqlSessionTemplate$SqlSessionInterceptor.invoke(SqlSessionTemplate.java:427)
	... 53 common frames omitted
26-05-11.10:05:49.286 [org.springframework.amqp.rabbit.RabbitListenerEndpointContainer#1-1] ERROR CreditAdjustSuccessCustomer - 监听积分账户调整成功消息，进行交易商品发货失败 topic: credit_adjust_success message: {"data":{"amount":-1.68,"orderId":"849555347552","outBusinessNo":"700091009200","userId":"xiaofuge"},"id":"36319250145","timestamp":1778465143977}
org.springframework.dao.DataIntegrityViolationException: 
### Error updating database.  Cause: java.sql.SQLIntegrityConstraintViolationException: Column 'user_id' cannot be null
### The error may exist in file [E:\project_java\big-market\big-market-app\target\classes\mybatis\mapper\raffle_activity_account_mapper.xml]
### The error may involve cn.gzy.infrastructure.persistent.dao.IRaffleActivityAccountDao.insert-Inline
### The error occurred while setting parameters
### SQL: insert into raffle_activity_account         (user_id, activity_id, total_count, total_count_surplus, day_count,          day_count_surplus, month_count, month_count_surplus, create_time, update_time)         values             (?, ?, ?, ?, ?,              ?, ?, ?, now(), now())
### Cause: java.sql.SQLIntegrityConstraintViolationException: Column 'user_id' cannot be null
; Column 'user_id' cannot be null; nested exception is java.sql.SQLIntegrityConstraintViolationException: Column 'user_id' cannot be null
	at org.springframework.jdbc.support.SQLExceptionSubclassTranslator.doTranslate(SQLExceptionSubclassTranslator.java:87)
	at org.springframework.jdbc.support.AbstractFallbackSQLExceptionTranslator.translate(AbstractFallbackSQLExceptionTranslator.java:70)
	at org.springframework.jdbc.support.AbstractFallbackSQLExceptionTranslator.translate(AbstractFallbackSQLExceptionTranslator.java:79)
	at org.mybatis.spring.MyBatisExceptionTranslator.translateExceptionIfPossible(MyBatisExceptionTranslator.java:91)
	at org.mybatis.spring.SqlSessionTemplate$SqlSessionInterceptor.invoke(SqlSessionTemplate.java:441)
	at com.sun.proxy.$Proxy109.insert(Unknown Source)
	at org.mybatis.spring.SqlSessionTemplate.insert(SqlSessionTemplate.java:272)
	at org.apache.ibatis.binding.MapperMethod.execute(MapperMethod.java:62)
	at org.apache.ibatis.binding.MapperProxy$PlainMethodInvoker.invoke(MapperProxy.java:152)
	at org.apache.ibatis.binding.MapperProxy.invoke(MapperProxy.java:85)
	at com.sun.proxy.$Proxy115.insert(Unknown Source)
	at sun.reflect.NativeMethodAccessorImpl.invoke0(Native Method)
	at sun.reflect.NativeMethodAccessorImpl.invoke(NativeMethodAccessorImpl.java:62)
	at sun.reflect.DelegatingMethodAccessorImpl.invoke(DelegatingMethodAccessorImpl.java:43)
	at java.lang.reflect.Method.invoke(Method.java:498)
	at org.springframework.aop.support.AopUtils.invokeJoinpointUsingReflection(AopUtils.java:344)
	at org.springframework.aop.framework.ReflectiveMethodInvocation.invokeJoinpoint(ReflectiveMethodInvocation.java:198)
	at org.springframework.aop.framework.ReflectiveMethodInvocation.proceed(ReflectiveMethodInvocation.java:163)
	at org.springframework.aop.interceptor.ExposeInvocationInterceptor.invoke(ExposeInvocationInterceptor.java:97)
	at org.springframework.aop.framework.ReflectiveMethodInvocation.proceed(ReflectiveMethodInvocation.java:186)
	at org.springframework.aop.framework.JdkDynamicAopProxy.invoke(JdkDynamicAopProxy.java:220)
	at com.sun.proxy.$Proxy116.insert(Unknown Source)
	at cn.gzy.infrastructure.persistent.repository.ActivityRepository.lambda$updateOrder$3(ActivityRepository.java:686)
	at org.springframework.transaction.support.TransactionTemplate.execute(TransactionTemplate.java:140)
	at cn.gzy.infrastructure.persistent.repository.ActivityRepository.updateOrder(ActivityRepository.java:675)
	at cn.gzy.infrastructure.persistent.repository.ActivityRepository$$FastClassBySpringCGLIB$$9abb50c6.invoke(<generated>)
	at org.springframework.cglib.proxy.MethodProxy.invoke(MethodProxy.java:218)
	at org.springframework.aop.framework.CglibAopProxy$CglibMethodInvocation.invokeJoinpoint(CglibAopProxy.java:793)
	at org.springframework.aop.framework.ReflectiveMethodInvocation.proceed(ReflectiveMethodInvocation.java:163)
	at org.springframework.aop.framework.CglibAopProxy$CglibMethodInvocation.proceed(CglibAopProxy.java:763)
	at org.springframework.dao.support.PersistenceExceptionTranslationInterceptor.invoke(PersistenceExceptionTranslationInterceptor.java:137)
	at org.springframework.aop.framework.ReflectiveMethodInvocation.proceed(ReflectiveMethodInvocation.java:186)
	at org.springframework.aop.framework.CglibAopProxy$CglibMethodInvocation.proceed(CglibAopProxy.java:763)
	at org.springframework.aop.framework.CglibAopProxy$DynamicAdvisedInterceptor.intercept(CglibAopProxy.java:708)
	at cn.gzy.infrastructure.persistent.repository.ActivityRepository$$EnhancerBySpringCGLIB$$d40f7c36.updateOrder(<generated>)
	at cn.gzy.domain.activity.service.quota.RaffleActivityAccountQuotaService.updateOrder(RaffleActivityAccountQuotaService.java:97)
	at cn.gzy.trigger.listener.CreditAdjustSuccessCustomer.listener(CreditAdjustSuccessCustomer.java:45)
	at sun.reflect.NativeMethodAccessorImpl.invoke0(Native Method)
	at sun.reflect.NativeMethodAccessorImpl.invoke(NativeMethodAccessorImpl.java:62)
	at sun.reflect.DelegatingMethodAccessorImpl.invoke(DelegatingMethodAccessorImpl.java:43)
	at java.lang.reflect.Method.invoke(Method.java:498)
	at org.springframework.messaging.handler.invocation.InvocableHandlerMethod.doInvoke(InvocableHandlerMethod.java:169)
	at org.springframework.messaging.handler.invocation.InvocableHandlerMethod.invoke(InvocableHandlerMethod.java:119)
	at org.springframework.amqp.rabbit.listener.adapter.HandlerAdapter.invoke(HandlerAdapter.java:77)
	at org.springframework.amqp.rabbit.listener.adapter.MessagingMessageListenerAdapter.invokeHandler(MessagingMessageListenerAdapter.java:263)
	at org.springframework.amqp.rabbit.listener.adapter.MessagingMessageListenerAdapter.invokeHandlerAndProcessResult(MessagingMessageListenerAdapter.java:209)
	at org.springframework.amqp.rabbit.listener.adapter.MessagingMessageListenerAdapter.onMessage(MessagingMessageListenerAdapter.java:148)
	at org.springframework.amqp.rabbit.listener.AbstractMessageListenerContainer.doInvokeListener(AbstractMessageListenerContainer.java:1674)
	at org.springframework.amqp.rabbit.listener.AbstractMessageListenerContainer.actualInvokeListener(AbstractMessageListenerContainer.java:1593)
	at org.springframework.amqp.rabbit.listener.AbstractMessageListenerContainer.invokeListener(AbstractMessageListenerContainer.java:1581)
	at org.springframework.amqp.rabbit.listener.AbstractMessageListenerContainer.doExecuteListener(AbstractMessageListenerContainer.java:1572)
	at org.springframework.amqp.rabbit.listener.AbstractMessageListenerContainer.executeListener(AbstractMessageListenerContainer.java:1516)
	at org.springframework.amqp.rabbit.listener.SimpleMessageListenerContainer.doReceiveAndExecute(SimpleMessageListenerContainer.java:1001)
	at org.springframework.amqp.rabbit.listener.SimpleMessageListenerContainer.receiveAndExecute(SimpleMessageListenerContainer.java:948)
	at org.springframework.amqp.rabbit.listener.SimpleMessageListenerContainer.access$1600(SimpleMessageListenerContainer.java:86)
	at org.springframework.amqp.rabbit.listener.SimpleMessageListenerContainer$AsyncMessageProcessingConsumer.mainLoop(SimpleMessageListenerContainer.java:1326)
	at org.springframework.amqp.rabbit.listener.SimpleMessageListenerContainer$AsyncMessageProcessingConsumer.run(SimpleMessageListenerContainer.java:1232)
	at java.lang.Thread.run(Thread.java:748)
Caused by: java.sql.SQLIntegrityConstraintViolationException: Column 'user_id' cannot be null
	at com.mysql.cj.jdbc.exceptions.SQLError.createSQLException(SQLError.java:117)
	at com.mysql.cj.jdbc.exceptions.SQLError.createSQLException(SQLError.java:97)
	at com.mysql.cj.jdbc.exceptions.SQLExceptionsMapping.translateException(SQLExceptionsMapping.java:122)
	at com.mysql.cj.jdbc.ClientPreparedStatement.executeInternal(ClientPreparedStatement.java:953)
	at com.mysql.cj.jdbc.ClientPreparedStatement.execute(ClientPreparedStatement.java:370)
	at com.zaxxer.hikari.pool.ProxyPreparedStatement.execute(ProxyPreparedStatement.java:44)
	at com.zaxxer.hikari.pool.HikariProxyPreparedStatement.execute(HikariProxyPreparedStatement.java)
	at org.apache.ibatis.executor.statement.PreparedStatementHandler.update(PreparedStatementHandler.java:47)
	at org.apache.ibatis.executor.statement.RoutingStatementHandler.update(RoutingStatementHandler.java:74)
	at sun.reflect.GeneratedMethodAccessor20.invoke(Unknown Source)
	at sun.reflect.DelegatingMethodAccessorImpl.invoke(DelegatingMethodAccessorImpl.java:43)
	at java.lang.reflect.Method.invoke(Method.java:498)
	at org.apache.ibatis.plugin.Plugin.invoke(Plugin.java:63)
	at com.sun.proxy.$Proxy207.update(Unknown Source)
	at org.apache.ibatis.executor.SimpleExecutor.doUpdate(SimpleExecutor.java:50)
	at org.apache.ibatis.executor.BaseExecutor.update(BaseExecutor.java:117)
	at org.apache.ibatis.executor.CachingExecutor.update(CachingExecutor.java:76)
	at org.apache.ibatis.session.defaults.DefaultSqlSession.update(DefaultSqlSession.java:197)
	at org.apache.ibatis.session.defaults.DefaultSqlSession.insert(DefaultSqlSession.java:184)
	at sun.reflect.NativeMethodAccessorImpl.invoke0(Native Method)
	at sun.reflect.NativeMethodAccessorImpl.invoke(NativeMethodAccessorImpl.java:62)
	at sun.reflect.DelegatingMethodAccessorImpl.invoke(DelegatingMethodAccessorImpl.java:43)
	at java.lang.reflect.Method.invoke(Method.java:498)
	at org.mybatis.spring.SqlSessionTemplate$SqlSessionInterceptor.invoke(SqlSessionTemplate.java:427)
	... 53 common frames omitted
26-05-11.10:05:49.286 [org.springframework.amqp.rabbit.RabbitListenerEndpointContainer#1-1] WARN  ConditionalRejectingErrorHandler - Execution of Rabbit message listener failed.
org.springframework.amqp.rabbit.support.ListenerExecutionFailedException: Listener method 'public void cn.gzy.trigger.listener.CreditAdjustSuccessCustomer.listener(java.lang.String)' threw exception
	at org.springframework.amqp.rabbit.listener.adapter.MessagingMessageListenerAdapter.invokeHandler(MessagingMessageListenerAdapter.java:272)
	at org.springframework.amqp.rabbit.listener.adapter.MessagingMessageListenerAdapter.invokeHandlerAndProcessResult(MessagingMessageListenerAdapter.java:209)
	at org.springframework.amqp.rabbit.listener.adapter.MessagingMessageListenerAdapter.onMessage(MessagingMessageListenerAdapter.java:148)
	at org.springframework.amqp.rabbit.listener.AbstractMessageListenerContainer.doInvokeListener(AbstractMessageListenerContainer.java:1674)
	at org.springframework.amqp.rabbit.listener.AbstractMessageListenerContainer.actualInvokeListener(AbstractMessageListenerContainer.java:1593)
	at org.springframework.amqp.rabbit.listener.AbstractMessageListenerContainer.invokeListener(AbstractMessageListenerContainer.java:1581)
	at org.springframework.amqp.rabbit.listener.AbstractMessageListenerContainer.doExecuteListener(AbstractMessageListenerContainer.java:1572)
	at org.springframework.amqp.rabbit.listener.AbstractMessageListenerContainer.executeListener(AbstractMessageListenerContainer.java:1516)
	at org.springframework.amqp.rabbit.listener.SimpleMessageListenerContainer.doReceiveAndExecute(SimpleMessageListenerContainer.java:1001)
	at org.springframework.amqp.rabbit.listener.SimpleMessageListenerContainer.receiveAndExecute(SimpleMessageListenerContainer.java:948)
	at org.springframework.amqp.rabbit.listener.SimpleMessageListenerContainer.access$1600(SimpleMessageListenerContainer.java:86)
	at org.springframework.amqp.rabbit.listener.SimpleMessageListenerContainer$AsyncMessageProcessingConsumer.mainLoop(SimpleMessageListenerContainer.java:1326)
	at org.springframework.amqp.rabbit.listener.SimpleMessageListenerContainer$AsyncMessageProcessingConsumer.run(SimpleMessageListenerContainer.java:1232)
	at java.lang.Thread.run(Thread.java:748)
Caused by: org.springframework.dao.DataIntegrityViolationException: 
### Error updating database.  Cause: java.sql.SQLIntegrityConstraintViolationException: Column 'user_id' cannot be null
### The error may exist in file [E:\project_java\big-market\big-market-app\target\classes\mybatis\mapper\raffle_activity_account_mapper.xml]
### The error may involve cn.gzy.infrastructure.persistent.dao.IRaffleActivityAccountDao.insert-Inline
### The error occurred while setting parameters
### SQL: insert into raffle_activity_account         (user_id, activity_id, total_count, total_count_surplus, day_count,          day_count_surplus, month_count, month_count_surplus, create_time, update_time)         values             (?, ?, ?, ?, ?,              ?, ?, ?, now(), now())
### Cause: java.sql.SQLIntegrityConstraintViolationException: Column 'user_id' cannot be null
; Column 'user_id' cannot be null; nested exception is java.sql.SQLIntegrityConstraintViolationException: Column 'user_id' cannot be null
	at org.springframework.jdbc.support.SQLExceptionSubclassTranslator.doTranslate(SQLExceptionSubclassTranslator.java:87)
	at org.springframework.jdbc.support.AbstractFallbackSQLExceptionTranslator.translate(AbstractFallbackSQLExceptionTranslator.java:70)
	at org.springframework.jdbc.support.AbstractFallbackSQLExceptionTranslator.translate(AbstractFallbackSQLExceptionTranslator.java:79)
	at org.mybatis.spring.MyBatisExceptionTranslator.translateExceptionIfPossible(MyBatisExceptionTranslator.java:91)
	at org.mybatis.spring.SqlSessionTemplate$SqlSessionInterceptor.invoke(SqlSessionTemplate.java:441)
	at com.sun.proxy.$Proxy109.insert(Unknown Source)
	at org.mybatis.spring.SqlSessionTemplate.insert(SqlSessionTemplate.java:272)
	at org.apache.ibatis.binding.MapperMethod.execute(MapperMethod.java:62)
	at org.apache.ibatis.binding.MapperProxy$PlainMethodInvoker.invoke(MapperProxy.java:152)
	at org.apache.ibatis.binding.MapperProxy.invoke(MapperProxy.java:85)
	at com.sun.proxy.$Proxy115.insert(Unknown Source)
	at sun.reflect.NativeMethodAccessorImpl.invoke0(Native Method)
	at sun.reflect.NativeMethodAccessorImpl.invoke(NativeMethodAccessorImpl.java:62)
	at sun.reflect.DelegatingMethodAccessorImpl.invoke(DelegatingMethodAccessorImpl.java:43)
	at java.lang.reflect.Method.invoke(Method.java:498)
	at org.springframework.aop.support.AopUtils.invokeJoinpointUsingReflection(AopUtils.java:344)
	at org.springframework.aop.framework.ReflectiveMethodInvocation.invokeJoinpoint(ReflectiveMethodInvocation.java:198)
	at org.springframework.aop.framework.ReflectiveMethodInvocation.proceed(ReflectiveMethodInvocation.java:163)
	at org.springframework.aop.interceptor.ExposeInvocationInterceptor.invoke(ExposeInvocationInterceptor.java:97)
	at org.springframework.aop.framework.ReflectiveMethodInvocation.proceed(ReflectiveMethodInvocation.java:186)
	at org.springframework.aop.framework.JdkDynamicAopProxy.invoke(JdkDynamicAopProxy.java:220)
	at com.sun.proxy.$Proxy116.insert(Unknown Source)
	at cn.gzy.infrastructure.persistent.repository.ActivityRepository.lambda$updateOrder$3(ActivityRepository.java:686)
	at org.springframework.transaction.support.TransactionTemplate.execute(TransactionTemplate.java:140)
	at cn.gzy.infrastructure.persistent.repository.ActivityRepository.updateOrder(ActivityRepository.java:675)
	at cn.gzy.infrastructure.persistent.repository.ActivityRepository$$FastClassBySpringCGLIB$$9abb50c6.invoke(<generated>)
	at org.springframework.cglib.proxy.MethodProxy.invoke(MethodProxy.java:218)
	at org.springframework.aop.framework.CglibAopProxy$CglibMethodInvocation.invokeJoinpoint(CglibAopProxy.java:793)
	at org.springframework.aop.framework.ReflectiveMethodInvocation.proceed(ReflectiveMethodInvocation.java:163)
	at org.springframework.aop.framework.CglibAopProxy$CglibMethodInvocation.proceed(CglibAopProxy.java:763)
	at org.springframework.dao.support.PersistenceExceptionTranslationInterceptor.invoke(PersistenceExceptionTranslationInterceptor.java:137)
	at org.springframework.aop.framework.ReflectiveMethodInvocation.proceed(ReflectiveMethodInvocation.java:186)
	at org.springframework.aop.framework.CglibAopProxy$CglibMethodInvocation.proceed(CglibAopProxy.java:763)
	at org.springframework.aop.framework.CglibAopProxy$DynamicAdvisedInterceptor.intercept(CglibAopProxy.java:708)
	at cn.gzy.infrastructure.persistent.repository.ActivityRepository$$EnhancerBySpringCGLIB$$d40f7c36.updateOrder(<generated>)
	at cn.gzy.domain.activity.service.quota.RaffleActivityAccountQuotaService.updateOrder(RaffleActivityAccountQuotaService.java:97)
	at cn.gzy.trigger.listener.CreditAdjustSuccessCustomer.listener(CreditAdjustSuccessCustomer.java:45)
	at sun.reflect.NativeMethodAccessorImpl.invoke0(Native Method)
	at sun.reflect.NativeMethodAccessorImpl.invoke(NativeMethodAccessorImpl.java:62)
	at sun.reflect.DelegatingMethodAccessorImpl.invoke(DelegatingMethodAccessorImpl.java:43)
	at java.lang.reflect.Method.invoke(Method.java:498)
	at org.springframework.messaging.handler.invocation.InvocableHandlerMethod.doInvoke(InvocableHandlerMethod.java:169)
	at org.springframework.messaging.handler.invocation.InvocableHandlerMethod.invoke(InvocableHandlerMethod.java:119)
	at org.springframework.amqp.rabbit.listener.adapter.HandlerAdapter.invoke(HandlerAdapter.java:77)
	at org.springframework.amqp.rabbit.listener.adapter.MessagingMessageListenerAdapter.invokeHandler(MessagingMessageListenerAdapter.java:263)
	... 13 common frames omitted
Caused by: java.sql.SQLIntegrityConstraintViolationException: Column 'user_id' cannot be null
	at com.mysql.cj.jdbc.exceptions.SQLError.createSQLException(SQLError.java:117)
	at com.mysql.cj.jdbc.exceptions.SQLError.createSQLException(SQLError.java:97)
	at com.mysql.cj.jdbc.exceptions.SQLExceptionsMapping.translateException(SQLExceptionsMapping.java:122)
	at com.mysql.cj.jdbc.ClientPreparedStatement.executeInternal(ClientPreparedStatement.java:953)
	at com.mysql.cj.jdbc.ClientPreparedStatement.execute(ClientPreparedStatement.java:370)
	at com.zaxxer.hikari.pool.ProxyPreparedStatement.execute(ProxyPreparedStatement.java:44)
	at com.zaxxer.hikari.pool.HikariProxyPreparedStatement.execute(HikariProxyPreparedStatement.java)
	at org.apache.ibatis.executor.statement.PreparedStatementHandler.update(PreparedStatementHandler.java:47)
	at org.apache.ibatis.executor.statement.RoutingStatementHandler.update(RoutingStatementHandler.java:74)
	at sun.reflect.GeneratedMethodAccessor20.invoke(Unknown Source)
	at sun.reflect.DelegatingMethodAccessorImpl.invoke(DelegatingMethodAccessorImpl.java:43)
	at java.lang.reflect.Method.invoke(Method.java:498)
	at org.apache.ibatis.plugin.Plugin.invoke(Plugin.java:63)
	at com.sun.proxy.$Proxy207.update(Unknown Source)
	at org.apache.ibatis.executor.SimpleExecutor.doUpdate(SimpleExecutor.java:50)
	at org.apache.ibatis.executor.BaseExecutor.update(BaseExecutor.java:117)
	at org.apache.ibatis.executor.CachingExecutor.update(CachingExecutor.java:76)
	at org.apache.ibatis.session.defaults.DefaultSqlSession.update(DefaultSqlSession.java:197)
	at org.apache.ibatis.session.defaults.DefaultSqlSession.insert(DefaultSqlSession.java:184)
	at sun.reflect.NativeMethodAccessorImpl.invoke0(Native Method)
	at sun.reflect.NativeMethodAccessorImpl.invoke(NativeMethodAccessorImpl.java:62)
	at sun.reflect.DelegatingMethodAccessorImpl.invoke(DelegatingMethodAccessorImpl.java:43)
	at java.lang.reflect.Method.invoke(Method.java:498)
	at org.mybatis.spring.SqlSessionTemplate$SqlSessionInterceptor.invoke(SqlSessionTemplate.java:427)
	... 53 common frames omitted
26-05-11.10:05:49.700 [org.springframework.amqp.rabbit.RabbitListenerEndpointContainer#1-1] ERROR CreditAdjustSuccessCustomer - 监听积分账户调整成功消息，进行交易商品发货失败 topic: credit_adjust_success message: {"data":{"amount":-1.68,"orderId":"849555347552","outBusinessNo":"700091009200","userId":"xiaofuge"},"id":"36319250145","timestamp":1778465143977}
org.springframework.dao.DataIntegrityViolationException: 
### Error updating database.  Cause: java.sql.SQLIntegrityConstraintViolationException: Column 'user_id' cannot be null
### The error may exist in file [E:\project_java\big-market\big-market-app\target\classes\mybatis\mapper\raffle_activity_account_mapper.xml]
### The error may involve cn.gzy.infrastructure.persistent.dao.IRaffleActivityAccountDao.insert-Inline
### The error occurred while setting parameters
### SQL: insert into raffle_activity_account         (user_id, activity_id, total_count, total_count_surplus, day_count,          day_count_surplus, month_count, month_count_surplus, create_time, update_time)         values             (?, ?, ?, ?, ?,              ?, ?, ?, now(), now())
### Cause: java.sql.SQLIntegrityConstraintViolationException: Column 'user_id' cannot be null
; Column 'user_id' cannot be null; nested exception is java.sql.SQLIntegrityConstraintViolationException: Column 'user_id' cannot be null
	at org.springframework.jdbc.support.SQLExceptionSubclassTranslator.doTranslate(SQLExceptionSubclassTranslator.java:87)
	at org.springframework.jdbc.support.AbstractFallbackSQLExceptionTranslator.translate(AbstractFallbackSQLExceptionTranslator.java:70)
	at org.springframework.jdbc.support.AbstractFallbackSQLExceptionTranslator.translate(AbstractFallbackSQLExceptionTranslator.java:79)
	at org.mybatis.spring.MyBatisExceptionTranslator.translateExceptionIfPossible(MyBatisExceptionTranslator.java:91)
	at org.mybatis.spring.SqlSessionTemplate$SqlSessionInterceptor.invoke(SqlSessionTemplate.java:441)
	at com.sun.proxy.$Proxy109.insert(Unknown Source)
	at org.mybatis.spring.SqlSessionTemplate.insert(SqlSessionTemplate.java:272)
	at org.apache.ibatis.binding.MapperMethod.execute(MapperMethod.java:62)
	at org.apache.ibatis.binding.MapperProxy$PlainMethodInvoker.invoke(MapperProxy.java:152)
	at org.apache.ibatis.binding.MapperProxy.invoke(MapperProxy.java:85)
	at com.sun.proxy.$Proxy115.insert(Unknown Source)
	at sun.reflect.NativeMethodAccessorImpl.invoke0(Native Method)
	at sun.reflect.NativeMethodAccessorImpl.invoke(NativeMethodAccessorImpl.java:62)
	at sun.reflect.DelegatingMethodAccessorImpl.invoke(DelegatingMethodAccessorImpl.java:43)
	at java.lang.reflect.Method.invoke(Method.java:498)
	at org.springframework.aop.support.AopUtils.invokeJoinpointUsingReflection(AopUtils.java:344)
	at org.springframework.aop.framework.ReflectiveMethodInvocation.invokeJoinpoint(ReflectiveMethodInvocation.java:198)
	at org.springframework.aop.framework.ReflectiveMethodInvocation.proceed(ReflectiveMethodInvocation.java:163)
	at org.springframework.aop.interceptor.ExposeInvocationInterceptor.invoke(ExposeInvocationInterceptor.java:97)
	at org.springframework.aop.framework.ReflectiveMethodInvocation.proceed(ReflectiveMethodInvocation.java:186)
	at org.springframework.aop.framework.JdkDynamicAopProxy.invoke(JdkDynamicAopProxy.java:220)
	at com.sun.proxy.$Proxy116.insert(Unknown Source)
	at cn.gzy.infrastructure.persistent.repository.ActivityRepository.lambda$updateOrder$3(ActivityRepository.java:686)
	at org.springframework.transaction.support.TransactionTemplate.execute(TransactionTemplate.java:140)
	at cn.gzy.infrastructure.persistent.repository.ActivityRepository.updateOrder(ActivityRepository.java:675)
	at cn.gzy.infrastructure.persistent.repository.ActivityRepository$$FastClassBySpringCGLIB$$9abb50c6.invoke(<generated>)
	at org.springframework.cglib.proxy.MethodProxy.invoke(MethodProxy.java:218)
	at org.springframework.aop.framework.CglibAopProxy$CglibMethodInvocation.invokeJoinpoint(CglibAopProxy.java:793)
	at org.springframework.aop.framework.ReflectiveMethodInvocation.proceed(ReflectiveMethodInvocation.java:163)
	at org.springframework.aop.framework.CglibAopProxy$CglibMethodInvocation.proceed(CglibAopProxy.java:763)
	at org.springframework.dao.support.PersistenceExceptionTranslationInterceptor.invoke(PersistenceExceptionTranslationInterceptor.java:137)
	at org.springframework.aop.framework.ReflectiveMethodInvocation.proceed(ReflectiveMethodInvocation.java:186)
	at org.springframework.aop.framework.CglibAopProxy$CglibMethodInvocation.proceed(CglibAopProxy.java:763)
	at org.springframework.aop.framework.CglibAopProxy$DynamicAdvisedInterceptor.intercept(CglibAopProxy.java:708)
	at cn.gzy.infrastructure.persistent.repository.ActivityRepository$$EnhancerBySpringCGLIB$$d40f7c36.updateOrder(<generated>)
	at cn.gzy.domain.activity.service.quota.RaffleActivityAccountQuotaService.updateOrder(RaffleActivityAccountQuotaService.java:97)
	at cn.gzy.trigger.listener.CreditAdjustSuccessCustomer.listener(CreditAdjustSuccessCustomer.java:45)
	at sun.reflect.NativeMethodAccessorImpl.invoke0(Native Method)
	at sun.reflect.NativeMethodAccessorImpl.invoke(NativeMethodAccessorImpl.java:62)
	at sun.reflect.DelegatingMethodAccessorImpl.invoke(DelegatingMethodAccessorImpl.java:43)
	at java.lang.reflect.Method.invoke(Method.java:498)
	at org.springframework.messaging.handler.invocation.InvocableHandlerMethod.doInvoke(InvocableHandlerMethod.java:169)
	at org.springframework.messaging.handler.invocation.InvocableHandlerMethod.invoke(InvocableHandlerMethod.java:119)
	at org.springframework.amqp.rabbit.listener.adapter.HandlerAdapter.invoke(HandlerAdapter.java:77)
	at org.springframework.amqp.rabbit.listener.adapter.MessagingMessageListenerAdapter.invokeHandler(MessagingMessageListenerAdapter.java:263)
	at org.springframework.amqp.rabbit.listener.adapter.MessagingMessageListenerAdapter.invokeHandlerAndProcessResult(MessagingMessageListenerAdapter.java:209)
	at org.springframework.amqp.rabbit.listener.adapter.MessagingMessageListenerAdapter.onMessage(MessagingMessageListenerAdapter.java:148)
	at org.springframework.amqp.rabbit.listener.AbstractMessageListenerContainer.doInvokeListener(AbstractMessageListenerContainer.java:1674)
	at org.springframework.amqp.rabbit.listener.AbstractMessageListenerContainer.actualInvokeListener(AbstractMessageListenerContainer.java:1593)
	at org.springframework.amqp.rabbit.listener.AbstractMessageListenerContainer.invokeListener(AbstractMessageListenerContainer.java:1581)
	at org.springframework.amqp.rabbit.listener.AbstractMessageListenerContainer.doExecuteListener(AbstractMessageListenerContainer.java:1572)
	at org.springframework.amqp.rabbit.listener.AbstractMessageListenerContainer.executeListener(AbstractMessageListenerContainer.java:1516)
	at org.springframework.amqp.rabbit.listener.SimpleMessageListenerContainer.doReceiveAndExecute(SimpleMessageListenerContainer.java:1001)
	at org.springframework.amqp.rabbit.listener.SimpleMessageListenerContainer.receiveAndExecute(SimpleMessageListenerContainer.java:948)
	at org.springframework.amqp.rabbit.listener.SimpleMessageListenerContainer.access$1600(SimpleMessageListenerContainer.java:86)
	at org.springframework.amqp.rabbit.listener.SimpleMessageListenerContainer$AsyncMessageProcessingConsumer.mainLoop(SimpleMessageListenerContainer.java:1326)
	at org.springframework.amqp.rabbit.listener.SimpleMessageListenerContainer$AsyncMessageProcessingConsumer.run(SimpleMessageListenerContainer.java:1232)
	at java.lang.Thread.run(Thread.java:748)
Caused by: java.sql.SQLIntegrityConstraintViolationException: Column 'user_id' cannot be null
	at com.mysql.cj.jdbc.exceptions.SQLError.createSQLException(SQLError.java:117)
	at com.mysql.cj.jdbc.exceptions.SQLError.createSQLException(SQLError.java:97)
	at com.mysql.cj.jdbc.exceptions.SQLExceptionsMapping.translateException(SQLExceptionsMapping.java:122)
	at com.mysql.cj.jdbc.ClientPreparedStatement.executeInternal(ClientPreparedStatement.java:953)
	at com.mysql.cj.jdbc.ClientPreparedStatement.execute(ClientPreparedStatement.java:370)
	at com.zaxxer.hikari.pool.ProxyPreparedStatement.execute(ProxyPreparedStatement.java:44)
	at com.zaxxer.hikari.pool.HikariProxyPreparedStatement.execute(HikariProxyPreparedStatement.java)
	at org.apache.ibatis.executor.statement.PreparedStatementHandler.update(PreparedStatementHandler.java:47)
	at org.apache.ibatis.executor.statement.RoutingStatementHandler.update(RoutingStatementHandler.java:74)
	at sun.reflect.GeneratedMethodAccessor20.invoke(Unknown Source)
	at sun.reflect.DelegatingMethodAccessorImpl.invoke(DelegatingMethodAccessorImpl.java:43)
	at java.lang.reflect.Method.invoke(Method.java:498)
	at org.apache.ibatis.plugin.Plugin.invoke(Plugin.java:63)
	at com.sun.proxy.$Proxy207.update(Unknown Source)
	at org.apache.ibatis.executor.SimpleExecutor.doUpdate(SimpleExecutor.java:50)
	at org.apache.ibatis.executor.BaseExecutor.update(BaseExecutor.java:117)
	at org.apache.ibatis.executor.CachingExecutor.update(CachingExecutor.java:76)
	at org.apache.ibatis.session.defaults.DefaultSqlSession.update(DefaultSqlSession.java:197)
	at org.apache.ibatis.session.defaults.DefaultSqlSession.insert(DefaultSqlSession.java:184)
	at sun.reflect.NativeMethodAccessorImpl.invoke0(Native Method)
	at sun.reflect.NativeMethodAccessorImpl.invoke(NativeMethodAccessorImpl.java:62)
	at sun.reflect.DelegatingMethodAccessorImpl.invoke(DelegatingMethodAccessorImpl.java:43)
	at java.lang.reflect.Method.invoke(Method.java:498)
	at org.mybatis.spring.SqlSessionTemplate$SqlSessionInterceptor.invoke(SqlSessionTemplate.java:427)
	... 53 common frames omitted
26-05-11.10:05:49.700 [org.springframework.amqp.rabbit.RabbitListenerEndpointContainer#1-1] WARN  ConditionalRejectingErrorHandler - Execution of Rabbit message listener failed.
org.springframework.amqp.rabbit.support.ListenerExecutionFailedException: Listener method 'public void cn.gzy.trigger.listener.CreditAdjustSuccessCustomer.listener(java.lang.String)' threw exception
	at org.springframework.amqp.rabbit.listener.adapter.MessagingMessageListenerAdapter.invokeHandler(MessagingMessageListenerAdapter.java:272)
	at org.springframework.amqp.rabbit.listener.adapter.MessagingMessageListenerAdapter.invokeHandlerAndProcessResult(MessagingMessageListenerAdapter.java:209)
	at org.springframework.amqp.rabbit.listener.adapter.MessagingMessageListenerAdapter.onMessage(MessagingMessageListenerAdapter.java:148)
	at org.springframework.amqp.rabbit.listener.AbstractMessageListenerContainer.doInvokeListener(AbstractMessageListenerContainer.java:1674)
	at org.springframework.amqp.rabbit.listener.AbstractMessageListenerContainer.actualInvokeListener(AbstractMessageListenerContainer.java:1593)
	at org.springframework.amqp.rabbit.listener.AbstractMessageListenerContainer.invokeListener(AbstractMessageListenerContainer.java:1581)
	at org.springframework.amqp.rabbit.listener.AbstractMessageListenerContainer.doExecuteListener(AbstractMessageListenerContainer.java:1572)
	at org.springframework.amqp.rabbit.listener.AbstractMessageListenerContainer.executeListener(AbstractMessageListenerContainer.java:1516)
	at org.springframework.amqp.rabbit.listener.SimpleMessageListenerContainer.doReceiveAndExecute(SimpleMessageListenerContainer.java:1001)
	at org.springframework.amqp.rabbit.listener.SimpleMessageListenerContainer.receiveAndExecute(SimpleMessageListenerContainer.java:948)
	at org.springframework.amqp.rabbit.listener.SimpleMessageListenerContainer.access$1600(SimpleMessageListenerContainer.java:86)
	at org.springframework.amqp.rabbit.listener.SimpleMessageListenerContainer$AsyncMessageProcessingConsumer.mainLoop(SimpleMessageListenerContainer.java:1326)
	at org.springframework.amqp.rabbit.listener.SimpleMessageListenerContainer$AsyncMessageProcessingConsumer.run(SimpleMessageListenerContainer.java:1232)
	at java.lang.Thread.run(Thread.java:748)
Caused by: org.springframework.dao.DataIntegrityViolationException: 
### Error updating database.  Cause: java.sql.SQLIntegrityConstraintViolationException: Column 'user_id' cannot be null
### The error may exist in file [E:\project_java\big-market\big-market-app\target\classes\mybatis\mapper\raffle_activity_account_mapper.xml]
### The error may involve cn.gzy.infrastructure.persistent.dao.IRaffleActivityAccountDao.insert-Inline
### The error occurred while setting parameters
### SQL: insert into raffle_activity_account         (user_id, activity_id, total_count, total_count_surplus, day_count,          day_count_surplus, month_count, month_count_surplus, create_time, update_time)         values             (?, ?, ?, ?, ?,              ?, ?, ?, now(), now())
### Cause: java.sql.SQLIntegrityConstraintViolationException: Column 'user_id' cannot be null
; Column 'user_id' cannot be null; nested exception is java.sql.SQLIntegrityConstraintViolationException: Column 'user_id' cannot be null
	at org.springframework.jdbc.support.SQLExceptionSubclassTranslator.doTranslate(SQLExceptionSubclassTranslator.java:87)
	at org.springframework.jdbc.support.AbstractFallbackSQLExceptionTranslator.translate(AbstractFallbackSQLExceptionTranslator.java:70)
	at org.springframework.jdbc.support.AbstractFallbackSQLExceptionTranslator.translate(AbstractFallbackSQLExceptionTranslator.java:79)
	at org.mybatis.spring.MyBatisExceptionTranslator.translateExceptionIfPossible(MyBatisExceptionTranslator.java:91)
	at org.mybatis.spring.SqlSessionTemplate$SqlSessionInterceptor.invoke(SqlSessionTemplate.java:441)
	at com.sun.proxy.$Proxy109.insert(Unknown Source)
	at org.mybatis.spring.SqlSessionTemplate.insert(SqlSessionTemplate.java:272)
	at org.apache.ibatis.binding.MapperMethod.execute(MapperMethod.java:62)
	at org.apache.ibatis.binding.MapperProxy$PlainMethodInvoker.invoke(MapperProxy.java:152)
	at org.apache.ibatis.binding.MapperProxy.invoke(MapperProxy.java:85)
	at com.sun.proxy.$Proxy115.insert(Unknown Source)
	at sun.reflect.NativeMethodAccessorImpl.invoke0(Native Method)
	at sun.reflect.NativeMethodAccessorImpl.invoke(NativeMethodAccessorImpl.java:62)
	at sun.reflect.DelegatingMethodAccessorImpl.invoke(DelegatingMethodAccessorImpl.java:43)
	at java.lang.reflect.Method.invoke(Method.java:498)
	at org.springframework.aop.support.AopUtils.invokeJoinpointUsingReflection(AopUtils.java:344)
	at org.springframework.aop.framework.ReflectiveMethodInvocation.invokeJoinpoint(ReflectiveMethodInvocation.java:198)
	at org.springframework.aop.framework.ReflectiveMethodInvocation.proceed(ReflectiveMethodInvocation.java:163)
	at org.springframework.aop.interceptor.ExposeInvocationInterceptor.invoke(ExposeInvocationInterceptor.java:97)
	at org.springframework.aop.framework.ReflectiveMethodInvocation.proceed(ReflectiveMethodInvocation.java:186)
	at org.springframework.aop.framework.JdkDynamicAopProxy.invoke(JdkDynamicAopProxy.java:220)
	at com.sun.proxy.$Proxy116.insert(Unknown Source)
	at cn.gzy.infrastructure.persistent.repository.ActivityRepository.lambda$updateOrder$3(ActivityRepository.java:686)
	at org.springframework.transaction.support.TransactionTemplate.execute(TransactionTemplate.java:140)
	at cn.gzy.infrastructure.persistent.repository.ActivityRepository.updateOrder(ActivityRepository.java:675)
	at cn.gzy.infrastructure.persistent.repository.ActivityRepository$$FastClassBySpringCGLIB$$9abb50c6.invoke(<generated>)
	at org.springframework.cglib.proxy.MethodProxy.invoke(MethodProxy.java:218)
	at org.springframework.aop.framework.CglibAopProxy$CglibMethodInvocation.invokeJoinpoint(CglibAopProxy.java:793)
	at org.springframework.aop.framework.ReflectiveMethodInvocation.proceed(ReflectiveMethodInvocation.java:163)
	at org.springframework.aop.framework.CglibAopProxy$CglibMethodInvocation.proceed(CglibAopProxy.java:763)
	at org.springframework.dao.support.PersistenceExceptionTranslationInterceptor.invoke(PersistenceExceptionTranslationInterceptor.java:137)
	at org.springframework.aop.framework.ReflectiveMethodInvocation.proceed(ReflectiveMethodInvocation.java:186)
	at org.springframework.aop.framework.CglibAopProxy$CglibMethodInvocation.proceed(CglibAopProxy.java:763)
	at org.springframework.aop.framework.CglibAopProxy$DynamicAdvisedInterceptor.intercept(CglibAopProxy.java:708)
	at cn.gzy.infrastructure.persistent.repository.ActivityRepository$$EnhancerBySpringCGLIB$$d40f7c36.updateOrder(<generated>)
	at cn.gzy.domain.activity.service.quota.RaffleActivityAccountQuotaService.updateOrder(RaffleActivityAccountQuotaService.java:97)
	at cn.gzy.trigger.listener.CreditAdjustSuccessCustomer.listener(CreditAdjustSuccessCustomer.java:45)
	at sun.reflect.NativeMethodAccessorImpl.invoke0(Native Method)
	at sun.reflect.NativeMethodAccessorImpl.invoke(NativeMethodAccessorImpl.java:62)
	at sun.reflect.DelegatingMethodAccessorImpl.invoke(DelegatingMethodAccessorImpl.java:43)
	at java.lang.reflect.Method.invoke(Method.java:498)
	at org.springframework.messaging.handler.invocation.InvocableHandlerMethod.doInvoke(InvocableHandlerMethod.java:169)
	at org.springframework.messaging.handler.invocation.InvocableHandlerMethod.invoke(InvocableHandlerMethod.java:119)
	at org.springframework.amqp.rabbit.listener.adapter.HandlerAdapter.invoke(HandlerAdapter.java:77)
	at org.springframework.amqp.rabbit.listener.adapter.MessagingMessageListenerAdapter.invokeHandler(MessagingMessageListenerAdapter.java:263)
	... 13 common frames omitted
Caused by: java.sql.SQLIntegrityConstraintViolationException: Column 'user_id' cannot be null
	at com.mysql.cj.jdbc.exceptions.SQLError.createSQLException(SQLError.java:117)
	at com.mysql.cj.jdbc.exceptions.SQLError.createSQLException(SQLError.java:97)
	at com.mysql.cj.jdbc.exceptions.SQLExceptionsMapping.translateException(SQLExceptionsMapping.java:122)
	at com.mysql.cj.jdbc.ClientPreparedStatement.executeInternal(ClientPreparedStatement.java:953)
	at com.mysql.cj.jdbc.ClientPreparedStatement.execute(ClientPreparedStatement.java:370)
	at com.zaxxer.hikari.pool.ProxyPreparedStatement.execute(ProxyPreparedStatement.java:44)
	at com.zaxxer.hikari.pool.HikariProxyPreparedStatement.execute(HikariProxyPreparedStatement.java)
	at org.apache.ibatis.executor.statement.PreparedStatementHandler.update(PreparedStatementHandler.java:47)
	at org.apache.ibatis.executor.statement.RoutingStatementHandler.update(RoutingStatementHandler.java:74)
	at sun.reflect.GeneratedMethodAccessor20.invoke(Unknown Source)
	at sun.reflect.DelegatingMethodAccessorImpl.invoke(DelegatingMethodAccessorImpl.java:43)
	at java.lang.reflect.Method.invoke(Method.java:498)
	at org.apache.ibatis.plugin.Plugin.invoke(Plugin.java:63)
	at com.sun.proxy.$Proxy207.update(Unknown Source)
	at org.apache.ibatis.executor.SimpleExecutor.doUpdate(SimpleExecutor.java:50)
	at org.apache.ibatis.executor.BaseExecutor.update(BaseExecutor.java:117)
	at org.apache.ibatis.executor.CachingExecutor.update(CachingExecutor.java:76)
	at org.apache.ibatis.session.defaults.DefaultSqlSession.update(DefaultSqlSession.java:197)
	at org.apache.ibatis.session.defaults.DefaultSqlSession.insert(DefaultSqlSession.java:184)
	at sun.reflect.NativeMethodAccessorImpl.invoke0(Native Method)
	at sun.reflect.NativeMethodAccessorImpl.invoke(NativeMethodAccessorImpl.java:62)
	at sun.reflect.DelegatingMethodAccessorImpl.invoke(DelegatingMethodAccessorImpl.java:43)
	at java.lang.reflect.Method.invoke(Method.java:498)
	at org.mybatis.spring.SqlSessionTemplate$SqlSessionInterceptor.invoke(SqlSessionTemplate.java:427)
	... 53 common frames omitted
26-05-11.10:05:50.118 [org.springframework.amqp.rabbit.RabbitListenerEndpointContainer#1-1] ERROR CreditAdjustSuccessCustomer - 监听积分账户调整成功消息，进行交易商品发货失败 topic: credit_adjust_success message: {"data":{"amount":-1.68,"orderId":"849555347552","outBusinessNo":"700091009200","userId":"xiaofuge"},"id":"36319250145","timestamp":1778465143977}
org.springframework.dao.DataIntegrityViolationException: 
### Error updating database.  Cause: java.sql.SQLIntegrityConstraintViolationException: Column 'user_id' cannot be null
### The error may exist in file [E:\project_java\big-market\big-market-app\target\classes\mybatis\mapper\raffle_activity_account_mapper.xml]
### The error may involve cn.gzy.infrastructure.persistent.dao.IRaffleActivityAccountDao.insert-Inline
### The error occurred while setting parameters
### SQL: insert into raffle_activity_account         (user_id, activity_id, total_count, total_count_surplus, day_count,          day_count_surplus, month_count, month_count_surplus, create_time, update_time)         values             (?, ?, ?, ?, ?,              ?, ?, ?, now(), now())
### Cause: java.sql.SQLIntegrityConstraintViolationException: Column 'user_id' cannot be null
; Column 'user_id' cannot be null; nested exception is java.sql.SQLIntegrityConstraintViolationException: Column 'user_id' cannot be null
	at org.springframework.jdbc.support.SQLExceptionSubclassTranslator.doTranslate(SQLExceptionSubclassTranslator.java:87)
	at org.springframework.jdbc.support.AbstractFallbackSQLExceptionTranslator.translate(AbstractFallbackSQLExceptionTranslator.java:70)
	at org.springframework.jdbc.support.AbstractFallbackSQLExceptionTranslator.translate(AbstractFallbackSQLExceptionTranslator.java:79)
	at org.mybatis.spring.MyBatisExceptionTranslator.translateExceptionIfPossible(MyBatisExceptionTranslator.java:91)
	at org.mybatis.spring.SqlSessionTemplate$SqlSessionInterceptor.invoke(SqlSessionTemplate.java:441)
	at com.sun.proxy.$Proxy109.insert(Unknown Source)
	at org.mybatis.spring.SqlSessionTemplate.insert(SqlSessionTemplate.java:272)
	at org.apache.ibatis.binding.MapperMethod.execute(MapperMethod.java:62)
	at org.apache.ibatis.binding.MapperProxy$PlainMethodInvoker.invoke(MapperProxy.java:152)
	at org.apache.ibatis.binding.MapperProxy.invoke(MapperProxy.java:85)
	at com.sun.proxy.$Proxy115.insert(Unknown Source)
	at sun.reflect.NativeMethodAccessorImpl.invoke0(Native Method)
	at sun.reflect.NativeMethodAccessorImpl.invoke(NativeMethodAccessorImpl.java:62)
	at sun.reflect.DelegatingMethodAccessorImpl.invoke(DelegatingMethodAccessorImpl.java:43)
	at java.lang.reflect.Method.invoke(Method.java:498)
	at org.springframework.aop.support.AopUtils.invokeJoinpointUsingReflection(AopUtils.java:344)
	at org.springframework.aop.framework.ReflectiveMethodInvocation.invokeJoinpoint(ReflectiveMethodInvocation.java:198)
	at org.springframework.aop.framework.ReflectiveMethodInvocation.proceed(ReflectiveMethodInvocation.java:163)
	at org.springframework.aop.interceptor.ExposeInvocationInterceptor.invoke(ExposeInvocationInterceptor.java:97)
	at org.springframework.aop.framework.ReflectiveMethodInvocation.proceed(ReflectiveMethodInvocation.java:186)
	at org.springframework.aop.framework.JdkDynamicAopProxy.invoke(JdkDynamicAopProxy.java:220)
	at com.sun.proxy.$Proxy116.insert(Unknown Source)
	at cn.gzy.infrastructure.persistent.repository.ActivityRepository.lambda$updateOrder$3(ActivityRepository.java:686)
	at org.springframework.transaction.support.TransactionTemplate.execute(TransactionTemplate.java:140)
	at cn.gzy.infrastructure.persistent.repository.ActivityRepository.updateOrder(ActivityRepository.java:675)
	at cn.gzy.infrastructure.persistent.repository.ActivityRepository$$FastClassBySpringCGLIB$$9abb50c6.invoke(<generated>)
	at org.springframework.cglib.proxy.MethodProxy.invoke(MethodProxy.java:218)
	at org.springframework.aop.framework.CglibAopProxy$CglibMethodInvocation.invokeJoinpoint(CglibAopProxy.java:793)
	at org.springframework.aop.framework.ReflectiveMethodInvocation.proceed(ReflectiveMethodInvocation.java:163)
	at org.springframework.aop.framework.CglibAopProxy$CglibMethodInvocation.proceed(CglibAopProxy.java:763)
	at org.springframework.dao.support.PersistenceExceptionTranslationInterceptor.invoke(PersistenceExceptionTranslationInterceptor.java:137)
	at org.springframework.aop.framework.ReflectiveMethodInvocation.proceed(ReflectiveMethodInvocation.java:186)
	at org.springframework.aop.framework.CglibAopProxy$CglibMethodInvocation.proceed(CglibAopProxy.java:763)
	at org.springframework.aop.framework.CglibAopProxy$DynamicAdvisedInterceptor.intercept(CglibAopProxy.java:708)
	at cn.gzy.infrastructure.persistent.repository.ActivityRepository$$EnhancerBySpringCGLIB$$d40f7c36.updateOrder(<generated>)
	at cn.gzy.domain.activity.service.quota.RaffleActivityAccountQuotaService.updateOrder(RaffleActivityAccountQuotaService.java:97)
	at cn.gzy.trigger.listener.CreditAdjustSuccessCustomer.listener(CreditAdjustSuccessCustomer.java:45)
	at sun.reflect.NativeMethodAccessorImpl.invoke0(Native Method)
	at sun.reflect.NativeMethodAccessorImpl.invoke(NativeMethodAccessorImpl.java:62)
	at sun.reflect.DelegatingMethodAccessorImpl.invoke(DelegatingMethodAccessorImpl.java:43)
	at java.lang.reflect.Method.invoke(Method.java:498)
	at org.springframework.messaging.handler.invocation.InvocableHandlerMethod.doInvoke(InvocableHandlerMethod.java:169)
	at org.springframework.messaging.handler.invocation.InvocableHandlerMethod.invoke(InvocableHandlerMethod.java:119)
	at org.springframework.amqp.rabbit.listener.adapter.HandlerAdapter.invoke(HandlerAdapter.java:77)
	at org.springframework.amqp.rabbit.listener.adapter.MessagingMessageListenerAdapter.invokeHandler(MessagingMessageListenerAdapter.java:263)
	at org.springframework.amqp.rabbit.listener.adapter.MessagingMessageListenerAdapter.invokeHandlerAndProcessResult(MessagingMessageListenerAdapter.java:209)
	at org.springframework.amqp.rabbit.listener.adapter.MessagingMessageListenerAdapter.onMessage(MessagingMessageListenerAdapter.java:148)
	at org.springframework.amqp.rabbit.listener.AbstractMessageListenerContainer.doInvokeListener(AbstractMessageListenerContainer.java:1674)
	at org.springframework.amqp.rabbit.listener.AbstractMessageListenerContainer.actualInvokeListener(AbstractMessageListenerContainer.java:1593)
	at org.springframework.amqp.rabbit.listener.AbstractMessageListenerContainer.invokeListener(AbstractMessageListenerContainer.java:1581)
	at org.springframework.amqp.rabbit.listener.AbstractMessageListenerContainer.doExecuteListener(AbstractMessageListenerContainer.java:1572)
	at org.springframework.amqp.rabbit.listener.AbstractMessageListenerContainer.executeListener(AbstractMessageListenerContainer.java:1516)
	at org.springframework.amqp.rabbit.listener.SimpleMessageListenerContainer.doReceiveAndExecute(SimpleMessageListenerContainer.java:1001)
	at org.springframework.amqp.rabbit.listener.SimpleMessageListenerContainer.receiveAndExecute(SimpleMessageListenerContainer.java:948)
	at org.springframework.amqp.rabbit.listener.SimpleMessageListenerContainer.access$1600(SimpleMessageListenerContainer.java:86)
	at org.springframework.amqp.rabbit.listener.SimpleMessageListenerContainer$AsyncMessageProcessingConsumer.mainLoop(SimpleMessageListenerContainer.java:1326)
	at org.springframework.amqp.rabbit.listener.SimpleMessageListenerContainer$AsyncMessageProcessingConsumer.run(SimpleMessageListenerContainer.java:1232)
	at java.lang.Thread.run(Thread.java:748)
Caused by: java.sql.SQLIntegrityConstraintViolationException: Column 'user_id' cannot be null
	at com.mysql.cj.jdbc.exceptions.SQLError.createSQLException(SQLError.java:117)
	at com.mysql.cj.jdbc.exceptions.SQLError.createSQLException(SQLError.java:97)
	at com.mysql.cj.jdbc.exceptions.SQLExceptionsMapping.translateException(SQLExceptionsMapping.java:122)
	at com.mysql.cj.jdbc.ClientPreparedStatement.executeInternal(ClientPreparedStatement.java:953)
	at com.mysql.cj.jdbc.ClientPreparedStatement.execute(ClientPreparedStatement.java:370)
	at com.zaxxer.hikari.pool.ProxyPreparedStatement.execute(ProxyPreparedStatement.java:44)
	at com.zaxxer.hikari.pool.HikariProxyPreparedStatement.execute(HikariProxyPreparedStatement.java)
	at org.apache.ibatis.executor.statement.PreparedStatementHandler.update(PreparedStatementHandler.java:47)
	at org.apache.ibatis.executor.statement.RoutingStatementHandler.update(RoutingStatementHandler.java:74)
	at sun.reflect.GeneratedMethodAccessor20.invoke(Unknown Source)
	at sun.reflect.DelegatingMethodAccessorImpl.invoke(DelegatingMethodAccessorImpl.java:43)
	at java.lang.reflect.Method.invoke(Method.java:498)
	at org.apache.ibatis.plugin.Plugin.invoke(Plugin.java:63)
	at com.sun.proxy.$Proxy207.update(Unknown Source)
	at org.apache.ibatis.executor.SimpleExecutor.doUpdate(SimpleExecutor.java:50)
	at org.apache.ibatis.executor.BaseExecutor.update(BaseExecutor.java:117)
	at org.apache.ibatis.executor.CachingExecutor.update(CachingExecutor.java:76)
	at org.apache.ibatis.session.defaults.DefaultSqlSession.update(DefaultSqlSession.java:197)
	at org.apache.ibatis.session.defaults.DefaultSqlSession.insert(DefaultSqlSession.java:184)
	at sun.reflect.NativeMethodAccessorImpl.invoke0(Native Method)
	at sun.reflect.NativeMethodAccessorImpl.invoke(NativeMethodAccessorImpl.java:62)
	at sun.reflect.DelegatingMethodAccessorImpl.invoke(DelegatingMethodAccessorImpl.java:43)
	at java.lang.reflect.Method.invoke(Method.java:498)
	at org.mybatis.spring.SqlSessionTemplate$SqlSessionInterceptor.invoke(SqlSessionTemplate.java:427)
	... 53 common frames omitted
26-05-11.10:05:50.118 [org.springframework.amqp.rabbit.RabbitListenerEndpointContainer#1-1] WARN  ConditionalRejectingErrorHandler - Execution of Rabbit message listener failed.
org.springframework.amqp.rabbit.support.ListenerExecutionFailedException: Listener method 'public void cn.gzy.trigger.listener.CreditAdjustSuccessCustomer.listener(java.lang.String)' threw exception
	at org.springframework.amqp.rabbit.listener.adapter.MessagingMessageListenerAdapter.invokeHandler(MessagingMessageListenerAdapter.java:272)
	at org.springframework.amqp.rabbit.listener.adapter.MessagingMessageListenerAdapter.invokeHandlerAndProcessResult(MessagingMessageListenerAdapter.java:209)
	at org.springframework.amqp.rabbit.listener.adapter.MessagingMessageListenerAdapter.onMessage(MessagingMessageListenerAdapter.java:148)
	at org.springframework.amqp.rabbit.listener.AbstractMessageListenerContainer.doInvokeListener(AbstractMessageListenerContainer.java:1674)
	at org.springframework.amqp.rabbit.listener.AbstractMessageListenerContainer.actualInvokeListener(AbstractMessageListenerContainer.java:1593)
	at org.springframework.amqp.rabbit.listener.AbstractMessageListenerContainer.invokeListener(AbstractMessageListenerContainer.java:1581)
	at org.springframework.amqp.rabbit.listener.AbstractMessageListenerContainer.doExecuteListener(AbstractMessageListenerContainer.java:1572)
	at org.springframework.amqp.rabbit.listener.AbstractMessageListenerContainer.executeListener(AbstractMessageListenerContainer.java:1516)
	at org.springframework.amqp.rabbit.listener.SimpleMessageListenerContainer.doReceiveAndExecute(SimpleMessageListenerContainer.java:1001)
	at org.springframework.amqp.rabbit.listener.SimpleMessageListenerContainer.receiveAndExecute(SimpleMessageListenerContainer.java:948)
	at org.springframework.amqp.rabbit.listener.SimpleMessageListenerContainer.access$1600(SimpleMessageListenerContainer.java:86)
	at org.springframework.amqp.rabbit.listener.SimpleMessageListenerContainer$AsyncMessageProcessingConsumer.mainLoop(SimpleMessageListenerContainer.java:1326)
	at org.springframework.amqp.rabbit.listener.SimpleMessageListenerContainer$AsyncMessageProcessingConsumer.run(SimpleMessageListenerContainer.java:1232)
	at java.lang.Thread.run(Thread.java:748)
Caused by: org.springframework.dao.DataIntegrityViolationException: 
### Error updating database.  Cause: java.sql.SQLIntegrityConstraintViolationException: Column 'user_id' cannot be null
### The error may exist in file [E:\project_java\big-market\big-market-app\target\classes\mybatis\mapper\raffle_activity_account_mapper.xml]
### The error may involve cn.gzy.infrastructure.persistent.dao.IRaffleActivityAccountDao.insert-Inline
### The error occurred while setting parameters
### SQL: insert into raffle_activity_account         (user_id, activity_id, total_count, total_count_surplus, day_count,          day_count_surplus, month_count, month_count_surplus, create_time, update_time)         values             (?, ?, ?, ?, ?,              ?, ?, ?, now(), now())
### Cause: java.sql.SQLIntegrityConstraintViolationException: Column 'user_id' cannot be null
; Column 'user_id' cannot be null; nested exception is java.sql.SQLIntegrityConstraintViolationException: Column 'user_id' cannot be null
	at org.springframework.jdbc.support.SQLExceptionSubclassTranslator.doTranslate(SQLExceptionSubclassTranslator.java:87)
	at org.springframework.jdbc.support.AbstractFallbackSQLExceptionTranslator.translate(AbstractFallbackSQLExceptionTranslator.java:70)
	at org.springframework.jdbc.support.AbstractFallbackSQLExceptionTranslator.translate(AbstractFallbackSQLExceptionTranslator.java:79)
	at org.mybatis.spring.MyBatisExceptionTranslator.translateExceptionIfPossible(MyBatisExceptionTranslator.java:91)
	at org.mybatis.spring.SqlSessionTemplate$SqlSessionInterceptor.invoke(SqlSessionTemplate.java:441)
	at com.sun.proxy.$Proxy109.insert(Unknown Source)
	at org.mybatis.spring.SqlSessionTemplate.insert(SqlSessionTemplate.java:272)
	at org.apache.ibatis.binding.MapperMethod.execute(MapperMethod.java:62)
	at org.apache.ibatis.binding.MapperProxy$PlainMethodInvoker.invoke(MapperProxy.java:152)
	at org.apache.ibatis.binding.MapperProxy.invoke(MapperProxy.java:85)
	at com.sun.proxy.$Proxy115.insert(Unknown Source)
	at sun.reflect.NativeMethodAccessorImpl.invoke0(Native Method)
	at sun.reflect.NativeMethodAccessorImpl.invoke(NativeMethodAccessorImpl.java:62)
	at sun.reflect.DelegatingMethodAccessorImpl.invoke(DelegatingMethodAccessorImpl.java:43)
	at java.lang.reflect.Method.invoke(Method.java:498)
	at org.springframework.aop.support.AopUtils.invokeJoinpointUsingReflection(AopUtils.java:344)
	at org.springframework.aop.framework.ReflectiveMethodInvocation.invokeJoinpoint(ReflectiveMethodInvocation.java:198)
	at org.springframework.aop.framework.ReflectiveMethodInvocation.proceed(ReflectiveMethodInvocation.java:163)
	at org.springframework.aop.interceptor.ExposeInvocationInterceptor.invoke(ExposeInvocationInterceptor.java:97)
	at org.springframework.aop.framework.ReflectiveMethodInvocation.proceed(ReflectiveMethodInvocation.java:186)
	at org.springframework.aop.framework.JdkDynamicAopProxy.invoke(JdkDynamicAopProxy.java:220)
	at com.sun.proxy.$Proxy116.insert(Unknown Source)
	at cn.gzy.infrastructure.persistent.repository.ActivityRepository.lambda$updateOrder$3(ActivityRepository.java:686)
	at org.springframework.transaction.support.TransactionTemplate.execute(TransactionTemplate.java:140)
	at cn.gzy.infrastructure.persistent.repository.ActivityRepository.updateOrder(ActivityRepository.java:675)
	at cn.gzy.infrastructure.persistent.repository.ActivityRepository$$FastClassBySpringCGLIB$$9abb50c6.invoke(<generated>)
	at org.springframework.cglib.proxy.MethodProxy.invoke(MethodProxy.java:218)
	at org.springframework.aop.framework.CglibAopProxy$CglibMethodInvocation.invokeJoinpoint(CglibAopProxy.java:793)
	at org.springframework.aop.framework.ReflectiveMethodInvocation.proceed(ReflectiveMethodInvocation.java:163)
	at org.springframework.aop.framework.CglibAopProxy$CglibMethodInvocation.proceed(CglibAopProxy.java:763)
	at org.springframework.dao.support.PersistenceExceptionTranslationInterceptor.invoke(PersistenceExceptionTranslationInterceptor.java:137)
	at org.springframework.aop.framework.ReflectiveMethodInvocation.proceed(ReflectiveMethodInvocation.java:186)
	at org.springframework.aop.framework.CglibAopProxy$CglibMethodInvocation.proceed(CglibAopProxy.java:763)
	at org.springframework.aop.framework.CglibAopProxy$DynamicAdvisedInterceptor.intercept(CglibAopProxy.java:708)
	at cn.gzy.infrastructure.persistent.repository.ActivityRepository$$EnhancerBySpringCGLIB$$d40f7c36.updateOrder(<generated>)
	at cn.gzy.domain.activity.service.quota.RaffleActivityAccountQuotaService.updateOrder(RaffleActivityAccountQuotaService.java:97)
	at cn.gzy.trigger.listener.CreditAdjustSuccessCustomer.listener(CreditAdjustSuccessCustomer.java:45)
	at sun.reflect.NativeMethodAccessorImpl.invoke0(Native Method)
	at sun.reflect.NativeMethodAccessorImpl.invoke(NativeMethodAccessorImpl.java:62)
	at sun.reflect.DelegatingMethodAccessorImpl.invoke(DelegatingMethodAccessorImpl.java:43)
	at java.lang.reflect.Method.invoke(Method.java:498)
	at org.springframework.messaging.handler.invocation.InvocableHandlerMethod.doInvoke(InvocableHandlerMethod.java:169)
	at org.springframework.messaging.handler.invocation.InvocableHandlerMethod.invoke(InvocableHandlerMethod.java:119)
	at org.springframework.amqp.rabbit.listener.adapter.HandlerAdapter.invoke(HandlerAdapter.java:77)
	at org.springframework.amqp.rabbit.listener.adapter.MessagingMessageListenerAdapter.invokeHandler(MessagingMessageListenerAdapter.java:263)
	... 13 common frames omitted
Caused by: java.sql.SQLIntegrityConstraintViolationException: Column 'user_id' cannot be null
	at com.mysql.cj.jdbc.exceptions.SQLError.createSQLException(SQLError.java:117)
	at com.mysql.cj.jdbc.exceptions.SQLError.createSQLException(SQLError.java:97)
	at com.mysql.cj.jdbc.exceptions.SQLExceptionsMapping.translateException(SQLExceptionsMapping.java:122)
	at com.mysql.cj.jdbc.ClientPreparedStatement.executeInternal(ClientPreparedStatement.java:953)
	at com.mysql.cj.jdbc.ClientPreparedStatement.execute(ClientPreparedStatement.java:370)
	at com.zaxxer.hikari.pool.ProxyPreparedStatement.execute(ProxyPreparedStatement.java:44)
	at com.zaxxer.hikari.pool.HikariProxyPreparedStatement.execute(HikariProxyPreparedStatement.java)
	at org.apache.ibatis.executor.statement.PreparedStatementHandler.update(PreparedStatementHandler.java:47)
	at org.apache.ibatis.executor.statement.RoutingStatementHandler.update(RoutingStatementHandler.java:74)
	at sun.reflect.GeneratedMethodAccessor20.invoke(Unknown Source)
	at sun.reflect.DelegatingMethodAccessorImpl.invoke(DelegatingMethodAccessorImpl.java:43)
	at java.lang.reflect.Method.invoke(Method.java:498)
	at org.apache.ibatis.plugin.Plugin.invoke(Plugin.java:63)
	at com.sun.proxy.$Proxy207.update(Unknown Source)
	at org.apache.ibatis.executor.SimpleExecutor.doUpdate(SimpleExecutor.java:50)
	at org.apache.ibatis.executor.BaseExecutor.update(BaseExecutor.java:117)
	at org.apache.ibatis.executor.CachingExecutor.update(CachingExecutor.java:76)
	at org.apache.ibatis.session.defaults.DefaultSqlSession.update(DefaultSqlSession.java:197)
	at org.apache.ibatis.session.defaults.DefaultSqlSession.insert(DefaultSqlSession.java:184)
	at sun.reflect.NativeMethodAccessorImpl.invoke0(Native Method)
	at sun.reflect.NativeMethodAccessorImpl.invoke(NativeMethodAccessorImpl.java:62)
	at sun.reflect.DelegatingMethodAccessorImpl.invoke(DelegatingMethodAccessorImpl.java:43)
	at java.lang.reflect.Method.invoke(Method.java:498)
	at org.mybatis.spring.SqlSessionTemplate$SqlSessionInterceptor.invoke(SqlSessionTemplate.java:427)
	... 53 common frames omitted
26-05-11.10:05:50.569 [org.springframework.amqp.rabbit.RabbitListenerEndpointContainer#1-1] ERROR CreditAdjustSuccessCustomer - 监听积分账户调整成功消息，进行交易商品发货失败 topic: credit_adjust_success message: {"data":{"amount":-1.68,"orderId":"849555347552","outBusinessNo":"700091009200","userId":"xiaofuge"},"id":"36319250145","timestamp":1778465143977}
org.springframework.dao.DataIntegrityViolationException: 
### Error updating database.  Cause: java.sql.SQLIntegrityConstraintViolationException: Column 'user_id' cannot be null
### The error may exist in file [E:\project_java\big-market\big-market-app\target\classes\mybatis\mapper\raffle_activity_account_mapper.xml]
### The error may involve cn.gzy.infrastructure.persistent.dao.IRaffleActivityAccountDao.insert-Inline
### The error occurred while setting parameters
### SQL: insert into raffle_activity_account         (user_id, activity_id, total_count, total_count_surplus, day_count,          day_count_surplus, month_count, month_count_surplus, create_time, update_time)         values             (?, ?, ?, ?, ?,              ?, ?, ?, now(), now())
### Cause: java.sql.SQLIntegrityConstraintViolationException: Column 'user_id' cannot be null
; Column 'user_id' cannot be null; nested exception is java.sql.SQLIntegrityConstraintViolationException: Column 'user_id' cannot be null
	at org.springframework.jdbc.support.SQLExceptionSubclassTranslator.doTranslate(SQLExceptionSubclassTranslator.java:87)
	at org.springframework.jdbc.support.AbstractFallbackSQLExceptionTranslator.translate(AbstractFallbackSQLExceptionTranslator.java:70)
	at org.springframework.jdbc.support.AbstractFallbackSQLExceptionTranslator.translate(AbstractFallbackSQLExceptionTranslator.java:79)
	at org.mybatis.spring.MyBatisExceptionTranslator.translateExceptionIfPossible(MyBatisExceptionTranslator.java:91)
	at org.mybatis.spring.SqlSessionTemplate$SqlSessionInterceptor.invoke(SqlSessionTemplate.java:441)
	at com.sun.proxy.$Proxy109.insert(Unknown Source)
	at org.mybatis.spring.SqlSessionTemplate.insert(SqlSessionTemplate.java:272)
	at org.apache.ibatis.binding.MapperMethod.execute(MapperMethod.java:62)
	at org.apache.ibatis.binding.MapperProxy$PlainMethodInvoker.invoke(MapperProxy.java:152)
	at org.apache.ibatis.binding.MapperProxy.invoke(MapperProxy.java:85)
	at com.sun.proxy.$Proxy115.insert(Unknown Source)
	at sun.reflect.NativeMethodAccessorImpl.invoke0(Native Method)
	at sun.reflect.NativeMethodAccessorImpl.invoke(NativeMethodAccessorImpl.java:62)
	at sun.reflect.DelegatingMethodAccessorImpl.invoke(DelegatingMethodAccessorImpl.java:43)
	at java.lang.reflect.Method.invoke(Method.java:498)
	at org.springframework.aop.support.AopUtils.invokeJoinpointUsingReflection(AopUtils.java:344)
	at org.springframework.aop.framework.ReflectiveMethodInvocation.invokeJoinpoint(ReflectiveMethodInvocation.java:198)
	at org.springframework.aop.framework.ReflectiveMethodInvocation.proceed(ReflectiveMethodInvocation.java:163)
	at org.springframework.aop.interceptor.ExposeInvocationInterceptor.invoke(ExposeInvocationInterceptor.java:97)
	at org.springframework.aop.framework.ReflectiveMethodInvocation.proceed(ReflectiveMethodInvocation.java:186)
	at org.springframework.aop.framework.JdkDynamicAopProxy.invoke(JdkDynamicAopProxy.java:220)
	at com.sun.proxy.$Proxy116.insert(Unknown Source)
	at cn.gzy.infrastructure.persistent.repository.ActivityRepository.lambda$updateOrder$3(ActivityRepository.java:686)
	at org.springframework.transaction.support.TransactionTemplate.execute(TransactionTemplate.java:140)
	at cn.gzy.infrastructure.persistent.repository.ActivityRepository.updateOrder(ActivityRepository.java:675)
	at cn.gzy.infrastructure.persistent.repository.ActivityRepository$$FastClassBySpringCGLIB$$9abb50c6.invoke(<generated>)
	at org.springframework.cglib.proxy.MethodProxy.invoke(MethodProxy.java:218)
	at org.springframework.aop.framework.CglibAopProxy$CglibMethodInvocation.invokeJoinpoint(CglibAopProxy.java:793)
	at org.springframework.aop.framework.ReflectiveMethodInvocation.proceed(ReflectiveMethodInvocation.java:163)
	at org.springframework.aop.framework.CglibAopProxy$CglibMethodInvocation.proceed(CglibAopProxy.java:763)
	at org.springframework.dao.support.PersistenceExceptionTranslationInterceptor.invoke(PersistenceExceptionTranslationInterceptor.java:137)
	at org.springframework.aop.framework.ReflectiveMethodInvocation.proceed(ReflectiveMethodInvocation.java:186)
	at org.springframework.aop.framework.CglibAopProxy$CglibMethodInvocation.proceed(CglibAopProxy.java:763)
	at org.springframework.aop.framework.CglibAopProxy$DynamicAdvisedInterceptor.intercept(CglibAopProxy.java:708)
	at cn.gzy.infrastructure.persistent.repository.ActivityRepository$$EnhancerBySpringCGLIB$$d40f7c36.updateOrder(<generated>)
	at cn.gzy.domain.activity.service.quota.RaffleActivityAccountQuotaService.updateOrder(RaffleActivityAccountQuotaService.java:97)
	at cn.gzy.trigger.listener.CreditAdjustSuccessCustomer.listener(CreditAdjustSuccessCustomer.java:45)
	at sun.reflect.NativeMethodAccessorImpl.invoke0(Native Method)
	at sun.reflect.NativeMethodAccessorImpl.invoke(NativeMethodAccessorImpl.java:62)
	at sun.reflect.DelegatingMethodAccessorImpl.invoke(DelegatingMethodAccessorImpl.java:43)
	at java.lang.reflect.Method.invoke(Method.java:498)
	at org.springframework.messaging.handler.invocation.InvocableHandlerMethod.doInvoke(InvocableHandlerMethod.java:169)
	at org.springframework.messaging.handler.invocation.InvocableHandlerMethod.invoke(InvocableHandlerMethod.java:119)
	at org.springframework.amqp.rabbit.listener.adapter.HandlerAdapter.invoke(HandlerAdapter.java:77)
	at org.springframework.amqp.rabbit.listener.adapter.MessagingMessageListenerAdapter.invokeHandler(MessagingMessageListenerAdapter.java:263)
	at org.springframework.amqp.rabbit.listener.adapter.MessagingMessageListenerAdapter.invokeHandlerAndProcessResult(MessagingMessageListenerAdapter.java:209)
	at org.springframework.amqp.rabbit.listener.adapter.MessagingMessageListenerAdapter.onMessage(MessagingMessageListenerAdapter.java:148)
	at org.springframework.amqp.rabbit.listener.AbstractMessageListenerContainer.doInvokeListener(AbstractMessageListenerContainer.java:1674)
	at org.springframework.amqp.rabbit.listener.AbstractMessageListenerContainer.actualInvokeListener(AbstractMessageListenerContainer.java:1593)
	at org.springframework.amqp.rabbit.listener.AbstractMessageListenerContainer.invokeListener(AbstractMessageListenerContainer.java:1581)
	at org.springframework.amqp.rabbit.listener.AbstractMessageListenerContainer.doExecuteListener(AbstractMessageListenerContainer.java:1572)
	at org.springframework.amqp.rabbit.listener.AbstractMessageListenerContainer.executeListener(AbstractMessageListenerContainer.java:1516)
	at org.springframework.amqp.rabbit.listener.SimpleMessageListenerContainer.doReceiveAndExecute(SimpleMessageListenerContainer.java:1001)
	at org.springframework.amqp.rabbit.listener.SimpleMessageListenerContainer.receiveAndExecute(SimpleMessageListenerContainer.java:948)
	at org.springframework.amqp.rabbit.listener.SimpleMessageListenerContainer.access$1600(SimpleMessageListenerContainer.java:86)
	at org.springframework.amqp.rabbit.listener.SimpleMessageListenerContainer$AsyncMessageProcessingConsumer.mainLoop(SimpleMessageListenerContainer.java:1326)
	at org.springframework.amqp.rabbit.listener.SimpleMessageListenerContainer$AsyncMessageProcessingConsumer.run(SimpleMessageListenerContainer.java:1232)
	at java.lang.Thread.run(Thread.java:748)
Caused by: java.sql.SQLIntegrityConstraintViolationException: Column 'user_id' cannot be null
	at com.mysql.cj.jdbc.exceptions.SQLError.createSQLException(SQLError.java:117)
	at com.mysql.cj.jdbc.exceptions.SQLError.createSQLException(SQLError.java:97)
	at com.mysql.cj.jdbc.exceptions.SQLExceptionsMapping.translateException(SQLExceptionsMapping.java:122)
	at com.mysql.cj.jdbc.ClientPreparedStatement.executeInternal(ClientPreparedStatement.java:953)
	at com.mysql.cj.jdbc.ClientPreparedStatement.execute(ClientPreparedStatement.java:370)
	at com.zaxxer.hikari.pool.ProxyPreparedStatement.execute(ProxyPreparedStatement.java:44)
	at com.zaxxer.hikari.pool.HikariProxyPreparedStatement.execute(HikariProxyPreparedStatement.java)
	at org.apache.ibatis.executor.statement.PreparedStatementHandler.update(PreparedStatementHandler.java:47)
	at org.apache.ibatis.executor.statement.RoutingStatementHandler.update(RoutingStatementHandler.java:74)
	at sun.reflect.GeneratedMethodAccessor20.invoke(Unknown Source)
	at sun.reflect.DelegatingMethodAccessorImpl.invoke(DelegatingMethodAccessorImpl.java:43)
	at java.lang.reflect.Method.invoke(Method.java:498)
	at org.apache.ibatis.plugin.Plugin.invoke(Plugin.java:63)
	at com.sun.proxy.$Proxy207.update(Unknown Source)
	at org.apache.ibatis.executor.SimpleExecutor.doUpdate(SimpleExecutor.java:50)
	at org.apache.ibatis.executor.BaseExecutor.update(BaseExecutor.java:117)
	at org.apache.ibatis.executor.CachingExecutor.update(CachingExecutor.java:76)
	at org.apache.ibatis.session.defaults.DefaultSqlSession.update(DefaultSqlSession.java:197)
	at org.apache.ibatis.session.defaults.DefaultSqlSession.insert(DefaultSqlSession.java:184)
	at sun.reflect.NativeMethodAccessorImpl.invoke0(Native Method)
	at sun.reflect.NativeMethodAccessorImpl.invoke(NativeMethodAccessorImpl.java:62)
	at sun.reflect.DelegatingMethodAccessorImpl.invoke(DelegatingMethodAccessorImpl.java:43)
	at java.lang.reflect.Method.invoke(Method.java:498)
	at org.mybatis.spring.SqlSessionTemplate$SqlSessionInterceptor.invoke(SqlSessionTemplate.java:427)
	... 53 common frames omitted
26-05-11.10:05:50.570 [org.springframework.amqp.rabbit.RabbitListenerEndpointContainer#1-1] WARN  ConditionalRejectingErrorHandler - Execution of Rabbit message listener failed.
org.springframework.amqp.rabbit.support.ListenerExecutionFailedException: Listener method 'public void cn.gzy.trigger.listener.CreditAdjustSuccessCustomer.listener(java.lang.String)' threw exception
	at org.springframework.amqp.rabbit.listener.adapter.MessagingMessageListenerAdapter.invokeHandler(MessagingMessageListenerAdapter.java:272)
	at org.springframework.amqp.rabbit.listener.adapter.MessagingMessageListenerAdapter.invokeHandlerAndProcessResult(MessagingMessageListenerAdapter.java:209)
	at org.springframework.amqp.rabbit.listener.adapter.MessagingMessageListenerAdapter.onMessage(MessagingMessageListenerAdapter.java:148)
	at org.springframework.amqp.rabbit.listener.AbstractMessageListenerContainer.doInvokeListener(AbstractMessageListenerContainer.java:1674)
	at org.springframework.amqp.rabbit.listener.AbstractMessageListenerContainer.actualInvokeListener(AbstractMessageListenerContainer.java:1593)
	at org.springframework.amqp.rabbit.listener.AbstractMessageListenerContainer.invokeListener(AbstractMessageListenerContainer.java:1581)
	at org.springframework.amqp.rabbit.listener.AbstractMessageListenerContainer.doExecuteListener(AbstractMessageListenerContainer.java:1572)
	at org.springframework.amqp.rabbit.listener.AbstractMessageListenerContainer.executeListener(AbstractMessageListenerContainer.java:1516)
	at org.springframework.amqp.rabbit.listener.SimpleMessageListenerContainer.doReceiveAndExecute(SimpleMessageListenerContainer.java:1001)
	at org.springframework.amqp.rabbit.listener.SimpleMessageListenerContainer.receiveAndExecute(SimpleMessageListenerContainer.java:948)
	at org.springframework.amqp.rabbit.listener.SimpleMessageListenerContainer.access$1600(SimpleMessageListenerContainer.java:86)
	at org.springframework.amqp.rabbit.listener.SimpleMessageListenerContainer$AsyncMessageProcessingConsumer.mainLoop(SimpleMessageListenerContainer.java:1326)
	at org.springframework.amqp.rabbit.listener.SimpleMessageListenerContainer$AsyncMessageProcessingConsumer.run(SimpleMessageListenerContainer.java:1232)
	at java.lang.Thread.run(Thread.java:748)
Caused by: org.springframework.dao.DataIntegrityViolationException: 
### Error updating database.  Cause: java.sql.SQLIntegrityConstraintViolationException: Column 'user_id' cannot be null
### The error may exist in file [E:\project_java\big-market\big-market-app\target\classes\mybatis\mapper\raffle_activity_account_mapper.xml]
### The error may involve cn.gzy.infrastructure.persistent.dao.IRaffleActivityAccountDao.insert-Inline
### The error occurred while setting parameters
### SQL: insert into raffle_activity_account         (user_id, activity_id, total_count, total_count_surplus, day_count,          day_count_surplus, month_count, month_count_surplus, create_time, update_time)         values             (?, ?, ?, ?, ?,              ?, ?, ?, now(), now())
### Cause: java.sql.SQLIntegrityConstraintViolationException: Column 'user_id' cannot be null
; Column 'user_id' cannot be null; nested exception is java.sql.SQLIntegrityConstraintViolationException: Column 'user_id' cannot be null
	at org.springframework.jdbc.support.SQLExceptionSubclassTranslator.doTranslate(SQLExceptionSubclassTranslator.java:87)
	at org.springframework.jdbc.support.AbstractFallbackSQLExceptionTranslator.translate(AbstractFallbackSQLExceptionTranslator.java:70)
	at org.springframework.jdbc.support.AbstractFallbackSQLExceptionTranslator.translate(AbstractFallbackSQLExceptionTranslator.java:79)
	at org.mybatis.spring.MyBatisExceptionTranslator.translateExceptionIfPossible(MyBatisExceptionTranslator.java:91)
	at org.mybatis.spring.SqlSessionTemplate$SqlSessionInterceptor.invoke(SqlSessionTemplate.java:441)
	at com.sun.proxy.$Proxy109.insert(Unknown Source)
	at org.mybatis.spring.SqlSessionTemplate.insert(SqlSessionTemplate.java:272)
	at org.apache.ibatis.binding.MapperMethod.execute(MapperMethod.java:62)
	at org.apache.ibatis.binding.MapperProxy$PlainMethodInvoker.invoke(MapperProxy.java:152)
	at org.apache.ibatis.binding.MapperProxy.invoke(MapperProxy.java:85)
	at com.sun.proxy.$Proxy115.insert(Unknown Source)
	at sun.reflect.NativeMethodAccessorImpl.invoke0(Native Method)
	at sun.reflect.NativeMethodAccessorImpl.invoke(NativeMethodAccessorImpl.java:62)
	at sun.reflect.DelegatingMethodAccessorImpl.invoke(DelegatingMethodAccessorImpl.java:43)
	at java.lang.reflect.Method.invoke(Method.java:498)
	at org.springframework.aop.support.AopUtils.invokeJoinpointUsingReflection(AopUtils.java:344)
	at org.springframework.aop.framework.ReflectiveMethodInvocation.invokeJoinpoint(ReflectiveMethodInvocation.java:198)
	at org.springframework.aop.framework.ReflectiveMethodInvocation.proceed(ReflectiveMethodInvocation.java:163)
	at org.springframework.aop.interceptor.ExposeInvocationInterceptor.invoke(ExposeInvocationInterceptor.java:97)
	at org.springframework.aop.framework.ReflectiveMethodInvocation.proceed(ReflectiveMethodInvocation.java:186)
	at org.springframework.aop.framework.JdkDynamicAopProxy.invoke(JdkDynamicAopProxy.java:220)
	at com.sun.proxy.$Proxy116.insert(Unknown Source)
	at cn.gzy.infrastructure.persistent.repository.ActivityRepository.lambda$updateOrder$3(ActivityRepository.java:686)
	at org.springframework.transaction.support.TransactionTemplate.execute(TransactionTemplate.java:140)
	at cn.gzy.infrastructure.persistent.repository.ActivityRepository.updateOrder(ActivityRepository.java:675)
	at cn.gzy.infrastructure.persistent.repository.ActivityRepository$$FastClassBySpringCGLIB$$9abb50c6.invoke(<generated>)
	at org.springframework.cglib.proxy.MethodProxy.invoke(MethodProxy.java:218)
	at org.springframework.aop.framework.CglibAopProxy$CglibMethodInvocation.invokeJoinpoint(CglibAopProxy.java:793)
	at org.springframework.aop.framework.ReflectiveMethodInvocation.proceed(ReflectiveMethodInvocation.java:163)
	at org.springframework.aop.framework.CglibAopProxy$CglibMethodInvocation.proceed(CglibAopProxy.java:763)
	at org.springframework.dao.support.PersistenceExceptionTranslationInterceptor.invoke(PersistenceExceptionTranslationInterceptor.java:137)
	at org.springframework.aop.framework.ReflectiveMethodInvocation.proceed(ReflectiveMethodInvocation.java:186)
	at org.springframework.aop.framework.CglibAopProxy$CglibMethodInvocation.proceed(CglibAopProxy.java:763)
	at org.springframework.aop.framework.CglibAopProxy$DynamicAdvisedInterceptor.intercept(CglibAopProxy.java:708)
	at cn.gzy.infrastructure.persistent.repository.ActivityRepository$$EnhancerBySpringCGLIB$$d40f7c36.updateOrder(<generated>)
	at cn.gzy.domain.activity.service.quota.RaffleActivityAccountQuotaService.updateOrder(RaffleActivityAccountQuotaService.java:97)
	at cn.gzy.trigger.listener.CreditAdjustSuccessCustomer.listener(CreditAdjustSuccessCustomer.java:45)
	at sun.reflect.NativeMethodAccessorImpl.invoke0(Native Method)
	at sun.reflect.NativeMethodAccessorImpl.invoke(NativeMethodAccessorImpl.java:62)
	at sun.reflect.DelegatingMethodAccessorImpl.invoke(DelegatingMethodAccessorImpl.java:43)
	at java.lang.reflect.Method.invoke(Method.java:498)
	at org.springframework.messaging.handler.invocation.InvocableHandlerMethod.doInvoke(InvocableHandlerMethod.java:169)
	at org.springframework.messaging.handler.invocation.InvocableHandlerMethod.invoke(InvocableHandlerMethod.java:119)
	at org.springframework.amqp.rabbit.listener.adapter.HandlerAdapter.invoke(HandlerAdapter.java:77)
	at org.springframework.amqp.rabbit.listener.adapter.MessagingMessageListenerAdapter.invokeHandler(MessagingMessageListenerAdapter.java:263)
	... 13 common frames omitted
Caused by: java.sql.SQLIntegrityConstraintViolationException: Column 'user_id' cannot be null
	at com.mysql.cj.jdbc.exceptions.SQLError.createSQLException(SQLError.java:117)
	at com.mysql.cj.jdbc.exceptions.SQLError.createSQLException(SQLError.java:97)
	at com.mysql.cj.jdbc.exceptions.SQLExceptionsMapping.translateException(SQLExceptionsMapping.java:122)
	at com.mysql.cj.jdbc.ClientPreparedStatement.executeInternal(ClientPreparedStatement.java:953)
	at com.mysql.cj.jdbc.ClientPreparedStatement.execute(ClientPreparedStatement.java:370)
	at com.zaxxer.hikari.pool.ProxyPreparedStatement.execute(ProxyPreparedStatement.java:44)
	at com.zaxxer.hikari.pool.HikariProxyPreparedStatement.execute(HikariProxyPreparedStatement.java)
	at org.apache.ibatis.executor.statement.PreparedStatementHandler.update(PreparedStatementHandler.java:47)
	at org.apache.ibatis.executor.statement.RoutingStatementHandler.update(RoutingStatementHandler.java:74)
	at sun.reflect.GeneratedMethodAccessor20.invoke(Unknown Source)
	at sun.reflect.DelegatingMethodAccessorImpl.invoke(DelegatingMethodAccessorImpl.java:43)
	at java.lang.reflect.Method.invoke(Method.java:498)
	at org.apache.ibatis.plugin.Plugin.invoke(Plugin.java:63)
	at com.sun.proxy.$Proxy207.update(Unknown Source)
	at org.apache.ibatis.executor.SimpleExecutor.doUpdate(SimpleExecutor.java:50)
	at org.apache.ibatis.executor.BaseExecutor.update(BaseExecutor.java:117)
	at org.apache.ibatis.executor.CachingExecutor.update(CachingExecutor.java:76)
	at org.apache.ibatis.session.defaults.DefaultSqlSession.update(DefaultSqlSession.java:197)
	at org.apache.ibatis.session.defaults.DefaultSqlSession.insert(DefaultSqlSession.java:184)
	at sun.reflect.NativeMethodAccessorImpl.invoke0(Native Method)
	at sun.reflect.NativeMethodAccessorImpl.invoke(NativeMethodAccessorImpl.java:62)
	at sun.reflect.DelegatingMethodAccessorImpl.invoke(DelegatingMethodAccessorImpl.java:43)
	at java.lang.reflect.Method.invoke(Method.java:498)
	at org.mybatis.spring.SqlSessionTemplate$SqlSessionInterceptor.invoke(SqlSessionTemplate.java:427)
	... 53 common frames omitted
26-05-11.10:05:50.986 [org.springframework.amqp.rabbit.RabbitListenerEndpointContainer#1-1] ERROR CreditAdjustSuccessCustomer - 监听积分账户调整成功消息，进行交易商品发货失败 topic: credit_adjust_success message: {"data":{"amount":-1.68,"orderId":"849555347552","outBusinessNo":"700091009200","userId":"xiaofuge"},"id":"36319250145","timestamp":1778465143977}
org.springframework.dao.DataIntegrityViolationException: 
### Error updating database.  Cause: java.sql.SQLIntegrityConstraintViolationException: Column 'user_id' cannot be null
### The error may exist in file [E:\project_java\big-market\big-market-app\target\classes\mybatis\mapper\raffle_activity_account_mapper.xml]
### The error may involve cn.gzy.infrastructure.persistent.dao.IRaffleActivityAccountDao.insert-Inline
### The error occurred while setting parameters
### SQL: insert into raffle_activity_account         (user_id, activity_id, total_count, total_count_surplus, day_count,          day_count_surplus, month_count, month_count_surplus, create_time, update_time)         values             (?, ?, ?, ?, ?,              ?, ?, ?, now(), now())
### Cause: java.sql.SQLIntegrityConstraintViolationException: Column 'user_id' cannot be null
; Column 'user_id' cannot be null; nested exception is java.sql.SQLIntegrityConstraintViolationException: Column 'user_id' cannot be null
	at org.springframework.jdbc.support.SQLExceptionSubclassTranslator.doTranslate(SQLExceptionSubclassTranslator.java:87)
	at org.springframework.jdbc.support.AbstractFallbackSQLExceptionTranslator.translate(AbstractFallbackSQLExceptionTranslator.java:70)
	at org.springframework.jdbc.support.AbstractFallbackSQLExceptionTranslator.translate(AbstractFallbackSQLExceptionTranslator.java:79)
	at org.mybatis.spring.MyBatisExceptionTranslator.translateExceptionIfPossible(MyBatisExceptionTranslator.java:91)
	at org.mybatis.spring.SqlSessionTemplate$SqlSessionInterceptor.invoke(SqlSessionTemplate.java:441)
	at com.sun.proxy.$Proxy109.insert(Unknown Source)
	at org.mybatis.spring.SqlSessionTemplate.insert(SqlSessionTemplate.java:272)
	at org.apache.ibatis.binding.MapperMethod.execute(MapperMethod.java:62)
	at org.apache.ibatis.binding.MapperProxy$PlainMethodInvoker.invoke(MapperProxy.java:152)
	at org.apache.ibatis.binding.MapperProxy.invoke(MapperProxy.java:85)
	at com.sun.proxy.$Proxy115.insert(Unknown Source)
	at sun.reflect.NativeMethodAccessorImpl.invoke0(Native Method)
	at sun.reflect.NativeMethodAccessorImpl.invoke(NativeMethodAccessorImpl.java:62)
	at sun.reflect.DelegatingMethodAccessorImpl.invoke(DelegatingMethodAccessorImpl.java:43)
	at java.lang.reflect.Method.invoke(Method.java:498)
	at org.springframework.aop.support.AopUtils.invokeJoinpointUsingReflection(AopUtils.java:344)
	at org.springframework.aop.framework.ReflectiveMethodInvocation.invokeJoinpoint(ReflectiveMethodInvocation.java:198)
	at org.springframework.aop.framework.ReflectiveMethodInvocation.proceed(ReflectiveMethodInvocation.java:163)
	at org.springframework.aop.interceptor.ExposeInvocationInterceptor.invoke(ExposeInvocationInterceptor.java:97)
	at org.springframework.aop.framework.ReflectiveMethodInvocation.proceed(ReflectiveMethodInvocation.java:186)
	at org.springframework.aop.framework.JdkDynamicAopProxy.invoke(JdkDynamicAopProxy.java:220)
	at com.sun.proxy.$Proxy116.insert(Unknown Source)
	at cn.gzy.infrastructure.persistent.repository.ActivityRepository.lambda$updateOrder$3(ActivityRepository.java:686)
	at org.springframework.transaction.support.TransactionTemplate.execute(TransactionTemplate.java:140)
	at cn.gzy.infrastructure.persistent.repository.ActivityRepository.updateOrder(ActivityRepository.java:675)
	at cn.gzy.infrastructure.persistent.repository.ActivityRepository$$FastClassBySpringCGLIB$$9abb50c6.invoke(<generated>)
	at org.springframework.cglib.proxy.MethodProxy.invoke(MethodProxy.java:218)
	at org.springframework.aop.framework.CglibAopProxy$CglibMethodInvocation.invokeJoinpoint(CglibAopProxy.java:793)
	at org.springframework.aop.framework.ReflectiveMethodInvocation.proceed(ReflectiveMethodInvocation.java:163)
	at org.springframework.aop.framework.CglibAopProxy$CglibMethodInvocation.proceed(CglibAopProxy.java:763)
	at org.springframework.dao.support.PersistenceExceptionTranslationInterceptor.invoke(PersistenceExceptionTranslationInterceptor.java:137)
	at org.springframework.aop.framework.ReflectiveMethodInvocation.proceed(ReflectiveMethodInvocation.java:186)
	at org.springframework.aop.framework.CglibAopProxy$CglibMethodInvocation.proceed(CglibAopProxy.java:763)
	at org.springframework.aop.framework.CglibAopProxy$DynamicAdvisedInterceptor.intercept(CglibAopProxy.java:708)
	at cn.gzy.infrastructure.persistent.repository.ActivityRepository$$EnhancerBySpringCGLIB$$d40f7c36.updateOrder(<generated>)
	at cn.gzy.domain.activity.service.quota.RaffleActivityAccountQuotaService.updateOrder(RaffleActivityAccountQuotaService.java:97)
	at cn.gzy.trigger.listener.CreditAdjustSuccessCustomer.listener(CreditAdjustSuccessCustomer.java:45)
	at sun.reflect.NativeMethodAccessorImpl.invoke0(Native Method)
	at sun.reflect.NativeMethodAccessorImpl.invoke(NativeMethodAccessorImpl.java:62)
	at sun.reflect.DelegatingMethodAccessorImpl.invoke(DelegatingMethodAccessorImpl.java:43)
	at java.lang.reflect.Method.invoke(Method.java:498)
	at org.springframework.messaging.handler.invocation.InvocableHandlerMethod.doInvoke(InvocableHandlerMethod.java:169)
	at org.springframework.messaging.handler.invocation.InvocableHandlerMethod.invoke(InvocableHandlerMethod.java:119)
	at org.springframework.amqp.rabbit.listener.adapter.HandlerAdapter.invoke(HandlerAdapter.java:77)
	at org.springframework.amqp.rabbit.listener.adapter.MessagingMessageListenerAdapter.invokeHandler(MessagingMessageListenerAdapter.java:263)
	at org.springframework.amqp.rabbit.listener.adapter.MessagingMessageListenerAdapter.invokeHandlerAndProcessResult(MessagingMessageListenerAdapter.java:209)
	at org.springframework.amqp.rabbit.listener.adapter.MessagingMessageListenerAdapter.onMessage(MessagingMessageListenerAdapter.java:148)
	at org.springframework.amqp.rabbit.listener.AbstractMessageListenerContainer.doInvokeListener(AbstractMessageListenerContainer.java:1674)
	at org.springframework.amqp.rabbit.listener.AbstractMessageListenerContainer.actualInvokeListener(AbstractMessageListenerContainer.java:1593)
	at org.springframework.amqp.rabbit.listener.AbstractMessageListenerContainer.invokeListener(AbstractMessageListenerContainer.java:1581)
	at org.springframework.amqp.rabbit.listener.AbstractMessageListenerContainer.doExecuteListener(AbstractMessageListenerContainer.java:1572)
	at org.springframework.amqp.rabbit.listener.AbstractMessageListenerContainer.executeListener(AbstractMessageListenerContainer.java:1516)
	at org.springframework.amqp.rabbit.listener.SimpleMessageListenerContainer.doReceiveAndExecute(SimpleMessageListenerContainer.java:1001)
	at org.springframework.amqp.rabbit.listener.SimpleMessageListenerContainer.receiveAndExecute(SimpleMessageListenerContainer.java:948)
	at org.springframework.amqp.rabbit.listener.SimpleMessageListenerContainer.access$1600(SimpleMessageListenerContainer.java:86)
	at org.springframework.amqp.rabbit.listener.SimpleMessageListenerContainer$AsyncMessageProcessingConsumer.mainLoop(SimpleMessageListenerContainer.java:1326)
	at org.springframework.amqp.rabbit.listener.SimpleMessageListenerContainer$AsyncMessageProcessingConsumer.run(SimpleMessageListenerContainer.java:1232)
	at java.lang.Thread.run(Thread.java:748)
Caused by: java.sql.SQLIntegrityConstraintViolationException: Column 'user_id' cannot be null
	at com.mysql.cj.jdbc.exceptions.SQLError.createSQLException(SQLError.java:117)
	at com.mysql.cj.jdbc.exceptions.SQLError.createSQLException(SQLError.java:97)
	at com.mysql.cj.jdbc.exceptions.SQLExceptionsMapping.translateException(SQLExceptionsMapping.java:122)
	at com.mysql.cj.jdbc.ClientPreparedStatement.executeInternal(ClientPreparedStatement.java:953)
	at com.mysql.cj.jdbc.ClientPreparedStatement.execute(ClientPreparedStatement.java:370)
	at com.zaxxer.hikari.pool.ProxyPreparedStatement.execute(ProxyPreparedStatement.java:44)
	at com.zaxxer.hikari.pool.HikariProxyPreparedStatement.execute(HikariProxyPreparedStatement.java)
	at org.apache.ibatis.executor.statement.PreparedStatementHandler.update(PreparedStatementHandler.java:47)
	at org.apache.ibatis.executor.statement.RoutingStatementHandler.update(RoutingStatementHandler.java:74)
	at sun.reflect.GeneratedMethodAccessor20.invoke(Unknown Source)
	at sun.reflect.DelegatingMethodAccessorImpl.invoke(DelegatingMethodAccessorImpl.java:43)
	at java.lang.reflect.Method.invoke(Method.java:498)
	at org.apache.ibatis.plugin.Plugin.invoke(Plugin.java:63)
	at com.sun.proxy.$Proxy207.update(Unknown Source)
	at org.apache.ibatis.executor.SimpleExecutor.doUpdate(SimpleExecutor.java:50)
	at org.apache.ibatis.executor.BaseExecutor.update(BaseExecutor.java:117)
	at org.apache.ibatis.executor.CachingExecutor.update(CachingExecutor.java:76)
	at org.apache.ibatis.session.defaults.DefaultSqlSession.update(DefaultSqlSession.java:197)
	at org.apache.ibatis.session.defaults.DefaultSqlSession.insert(DefaultSqlSession.java:184)
	at sun.reflect.NativeMethodAccessorImpl.invoke0(Native Method)
	at sun.reflect.NativeMethodAccessorImpl.invoke(NativeMethodAccessorImpl.java:62)
	at sun.reflect.DelegatingMethodAccessorImpl.invoke(DelegatingMethodAccessorImpl.java:43)
	at java.lang.reflect.Method.invoke(Method.java:498)
	at org.mybatis.spring.SqlSessionTemplate$SqlSessionInterceptor.invoke(SqlSessionTemplate.java:427)
	... 53 common frames omitted
26-05-11.10:05:50.989 [org.springframework.amqp.rabbit.RabbitListenerEndpointContainer#1-1] WARN  ConditionalRejectingErrorHandler - Execution of Rabbit message listener failed.
org.springframework.amqp.rabbit.support.ListenerExecutionFailedException: Listener method 'public void cn.gzy.trigger.listener.CreditAdjustSuccessCustomer.listener(java.lang.String)' threw exception
	at org.springframework.amqp.rabbit.listener.adapter.MessagingMessageListenerAdapter.invokeHandler(MessagingMessageListenerAdapter.java:272)
	at org.springframework.amqp.rabbit.listener.adapter.MessagingMessageListenerAdapter.invokeHandlerAndProcessResult(MessagingMessageListenerAdapter.java:209)
	at org.springframework.amqp.rabbit.listener.adapter.MessagingMessageListenerAdapter.onMessage(MessagingMessageListenerAdapter.java:148)
	at org.springframework.amqp.rabbit.listener.AbstractMessageListenerContainer.doInvokeListener(AbstractMessageListenerContainer.java:1674)
	at org.springframework.amqp.rabbit.listener.AbstractMessageListenerContainer.actualInvokeListener(AbstractMessageListenerContainer.java:1593)
	at org.springframework.amqp.rabbit.listener.AbstractMessageListenerContainer.invokeListener(AbstractMessageListenerContainer.java:1581)
	at org.springframework.amqp.rabbit.listener.AbstractMessageListenerContainer.doExecuteListener(AbstractMessageListenerContainer.java:1572)
	at org.springframework.amqp.rabbit.listener.AbstractMessageListenerContainer.executeListener(AbstractMessageListenerContainer.java:1516)
	at org.springframework.amqp.rabbit.listener.SimpleMessageListenerContainer.doReceiveAndExecute(SimpleMessageListenerContainer.java:1001)
	at org.springframework.amqp.rabbit.listener.SimpleMessageListenerContainer.receiveAndExecute(SimpleMessageListenerContainer.java:948)
	at org.springframework.amqp.rabbit.listener.SimpleMessageListenerContainer.access$1600(SimpleMessageListenerContainer.java:86)
	at org.springframework.amqp.rabbit.listener.SimpleMessageListenerContainer$AsyncMessageProcessingConsumer.mainLoop(SimpleMessageListenerContainer.java:1326)
	at org.springframework.amqp.rabbit.listener.SimpleMessageListenerContainer$AsyncMessageProcessingConsumer.run(SimpleMessageListenerContainer.java:1232)
	at java.lang.Thread.run(Thread.java:748)
Caused by: org.springframework.dao.DataIntegrityViolationException: 
### Error updating database.  Cause: java.sql.SQLIntegrityConstraintViolationException: Column 'user_id' cannot be null
### The error may exist in file [E:\project_java\big-market\big-market-app\target\classes\mybatis\mapper\raffle_activity_account_mapper.xml]
### The error may involve cn.gzy.infrastructure.persistent.dao.IRaffleActivityAccountDao.insert-Inline
### The error occurred while setting parameters
### SQL: insert into raffle_activity_account         (user_id, activity_id, total_count, total_count_surplus, day_count,          day_count_surplus, month_count, month_count_surplus, create_time, update_time)         values             (?, ?, ?, ?, ?,              ?, ?, ?, now(), now())
### Cause: java.sql.SQLIntegrityConstraintViolationException: Column 'user_id' cannot be null
; Column 'user_id' cannot be null; nested exception is java.sql.SQLIntegrityConstraintViolationException: Column 'user_id' cannot be null
	at org.springframework.jdbc.support.SQLExceptionSubclassTranslator.doTranslate(SQLExceptionSubclassTranslator.java:87)
	at org.springframework.jdbc.support.AbstractFallbackSQLExceptionTranslator.translate(AbstractFallbackSQLExceptionTranslator.java:70)
	at org.springframework.jdbc.support.AbstractFallbackSQLExceptionTranslator.translate(AbstractFallbackSQLExceptionTranslator.java:79)
	at org.mybatis.spring.MyBatisExceptionTranslator.translateExceptionIfPossible(MyBatisExceptionTranslator.java:91)
	at org.mybatis.spring.SqlSessionTemplate$SqlSessionInterceptor.invoke(SqlSessionTemplate.java:441)
	at com.sun.proxy.$Proxy109.insert(Unknown Source)
	at org.mybatis.spring.SqlSessionTemplate.insert(SqlSessionTemplate.java:272)
	at org.apache.ibatis.binding.MapperMethod.execute(MapperMethod.java:62)
	at org.apache.ibatis.binding.MapperProxy$PlainMethodInvoker.invoke(MapperProxy.java:152)
	at org.apache.ibatis.binding.MapperProxy.invoke(MapperProxy.java:85)
	at com.sun.proxy.$Proxy115.insert(Unknown Source)
	at sun.reflect.NativeMethodAccessorImpl.invoke0(Native Method)
	at sun.reflect.NativeMethodAccessorImpl.invoke(NativeMethodAccessorImpl.java:62)
	at sun.reflect.DelegatingMethodAccessorImpl.invoke(DelegatingMethodAccessorImpl.java:43)
	at java.lang.reflect.Method.invoke(Method.java:498)
	at org.springframework.aop.support.AopUtils.invokeJoinpointUsingReflection(AopUtils.java:344)
	at org.springframework.aop.framework.ReflectiveMethodInvocation.invokeJoinpoint(ReflectiveMethodInvocation.java:198)
	at org.springframework.aop.framework.ReflectiveMethodInvocation.proceed(ReflectiveMethodInvocation.java:163)
	at org.springframework.aop.interceptor.ExposeInvocationInterceptor.invoke(ExposeInvocationInterceptor.java:97)
	at org.springframework.aop.framework.ReflectiveMethodInvocation.proceed(ReflectiveMethodInvocation.java:186)
	at org.springframework.aop.framework.JdkDynamicAopProxy.invoke(JdkDynamicAopProxy.java:220)
	at com.sun.proxy.$Proxy116.insert(Unknown Source)
	at cn.gzy.infrastructure.persistent.repository.ActivityRepository.lambda$updateOrder$3(ActivityRepository.java:686)
	at org.springframework.transaction.support.TransactionTemplate.execute(TransactionTemplate.java:140)
	at cn.gzy.infrastructure.persistent.repository.ActivityRepository.updateOrder(ActivityRepository.java:675)
	at cn.gzy.infrastructure.persistent.repository.ActivityRepository$$FastClassBySpringCGLIB$$9abb50c6.invoke(<generated>)
	at org.springframework.cglib.proxy.MethodProxy.invoke(MethodProxy.java:218)
	at org.springframework.aop.framework.CglibAopProxy$CglibMethodInvocation.invokeJoinpoint(CglibAopProxy.java:793)
	at org.springframework.aop.framework.ReflectiveMethodInvocation.proceed(ReflectiveMethodInvocation.java:163)
	at org.springframework.aop.framework.CglibAopProxy$CglibMethodInvocation.proceed(CglibAopProxy.java:763)
	at org.springframework.dao.support.PersistenceExceptionTranslationInterceptor.invoke(PersistenceExceptionTranslationInterceptor.java:137)
	at org.springframework.aop.framework.ReflectiveMethodInvocation.proceed(ReflectiveMethodInvocation.java:186)
	at org.springframework.aop.framework.CglibAopProxy$CglibMethodInvocation.proceed(CglibAopProxy.java:763)
	at org.springframework.aop.framework.CglibAopProxy$DynamicAdvisedInterceptor.intercept(CglibAopProxy.java:708)
	at cn.gzy.infrastructure.persistent.repository.ActivityRepository$$EnhancerBySpringCGLIB$$d40f7c36.updateOrder(<generated>)
	at cn.gzy.domain.activity.service.quota.RaffleActivityAccountQuotaService.updateOrder(RaffleActivityAccountQuotaService.java:97)
	at cn.gzy.trigger.listener.CreditAdjustSuccessCustomer.listener(CreditAdjustSuccessCustomer.java:45)
	at sun.reflect.NativeMethodAccessorImpl.invoke0(Native Method)
	at sun.reflect.NativeMethodAccessorImpl.invoke(NativeMethodAccessorImpl.java:62)
	at sun.reflect.DelegatingMethodAccessorImpl.invoke(DelegatingMethodAccessorImpl.java:43)
	at java.lang.reflect.Method.invoke(Method.java:498)
	at org.springframework.messaging.handler.invocation.InvocableHandlerMethod.doInvoke(InvocableHandlerMethod.java:169)
	at org.springframework.messaging.handler.invocation.InvocableHandlerMethod.invoke(InvocableHandlerMethod.java:119)
	at org.springframework.amqp.rabbit.listener.adapter.HandlerAdapter.invoke(HandlerAdapter.java:77)
	at org.springframework.amqp.rabbit.listener.adapter.MessagingMessageListenerAdapter.invokeHandler(MessagingMessageListenerAdapter.java:263)
	... 13 common frames omitted
Caused by: java.sql.SQLIntegrityConstraintViolationException: Column 'user_id' cannot be null
	at com.mysql.cj.jdbc.exceptions.SQLError.createSQLException(SQLError.java:117)
	at com.mysql.cj.jdbc.exceptions.SQLError.createSQLException(SQLError.java:97)
	at com.mysql.cj.jdbc.exceptions.SQLExceptionsMapping.translateException(SQLExceptionsMapping.java:122)
	at com.mysql.cj.jdbc.ClientPreparedStatement.executeInternal(ClientPreparedStatement.java:953)
	at com.mysql.cj.jdbc.ClientPreparedStatement.execute(ClientPreparedStatement.java:370)
	at com.zaxxer.hikari.pool.ProxyPreparedStatement.execute(ProxyPreparedStatement.java:44)
	at com.zaxxer.hikari.pool.HikariProxyPreparedStatement.execute(HikariProxyPreparedStatement.java)
	at org.apache.ibatis.executor.statement.PreparedStatementHandler.update(PreparedStatementHandler.java:47)
	at org.apache.ibatis.executor.statement.RoutingStatementHandler.update(RoutingStatementHandler.java:74)
	at sun.reflect.GeneratedMethodAccessor20.invoke(Unknown Source)
	at sun.reflect.DelegatingMethodAccessorImpl.invoke(DelegatingMethodAccessorImpl.java:43)
	at java.lang.reflect.Method.invoke(Method.java:498)
	at org.apache.ibatis.plugin.Plugin.invoke(Plugin.java:63)
	at com.sun.proxy.$Proxy207.update(Unknown Source)
	at org.apache.ibatis.executor.SimpleExecutor.doUpdate(SimpleExecutor.java:50)
	at org.apache.ibatis.executor.BaseExecutor.update(BaseExecutor.java:117)
	at org.apache.ibatis.executor.CachingExecutor.update(CachingExecutor.java:76)
	at org.apache.ibatis.session.defaults.DefaultSqlSession.update(DefaultSqlSession.java:197)
	at org.apache.ibatis.session.defaults.DefaultSqlSession.insert(DefaultSqlSession.java:184)
	at sun.reflect.NativeMethodAccessorImpl.invoke0(Native Method)
	at sun.reflect.NativeMethodAccessorImpl.invoke(NativeMethodAccessorImpl.java:62)
	at sun.reflect.DelegatingMethodAccessorImpl.invoke(DelegatingMethodAccessorImpl.java:43)
	at java.lang.reflect.Method.invoke(Method.java:498)
	at org.mybatis.spring.SqlSessionTemplate$SqlSessionInterceptor.invoke(SqlSessionTemplate.java:427)
	... 53 common frames omitted
26-05-11.10:05:51.403 [org.springframework.amqp.rabbit.RabbitListenerEndpointContainer#1-1] ERROR CreditAdjustSuccessCustomer - 监听积分账户调整成功消息，进行交易商品发货失败 topic: credit_adjust_success message: {"data":{"amount":-1.68,"orderId":"849555347552","outBusinessNo":"700091009200","userId":"xiaofuge"},"id":"36319250145","timestamp":1778465143977}
org.springframework.dao.DataIntegrityViolationException: 
### Error updating database.  Cause: java.sql.SQLIntegrityConstraintViolationException: Column 'user_id' cannot be null
### The error may exist in file [E:\project_java\big-market\big-market-app\target\classes\mybatis\mapper\raffle_activity_account_mapper.xml]
### The error may involve cn.gzy.infrastructure.persistent.dao.IRaffleActivityAccountDao.insert-Inline
### The error occurred while setting parameters
### SQL: insert into raffle_activity_account         (user_id, activity_id, total_count, total_count_surplus, day_count,          day_count_surplus, month_count, month_count_surplus, create_time, update_time)         values             (?, ?, ?, ?, ?,              ?, ?, ?, now(), now())
### Cause: java.sql.SQLIntegrityConstraintViolationException: Column 'user_id' cannot be null
; Column 'user_id' cannot be null; nested exception is java.sql.SQLIntegrityConstraintViolationException: Column 'user_id' cannot be null
	at org.springframework.jdbc.support.SQLExceptionSubclassTranslator.doTranslate(SQLExceptionSubclassTranslator.java:87)
	at org.springframework.jdbc.support.AbstractFallbackSQLExceptionTranslator.translate(AbstractFallbackSQLExceptionTranslator.java:70)
	at org.springframework.jdbc.support.AbstractFallbackSQLExceptionTranslator.translate(AbstractFallbackSQLExceptionTranslator.java:79)
	at org.mybatis.spring.MyBatisExceptionTranslator.translateExceptionIfPossible(MyBatisExceptionTranslator.java:91)
	at org.mybatis.spring.SqlSessionTemplate$SqlSessionInterceptor.invoke(SqlSessionTemplate.java:441)
	at com.sun.proxy.$Proxy109.insert(Unknown Source)
	at org.mybatis.spring.SqlSessionTemplate.insert(SqlSessionTemplate.java:272)
	at org.apache.ibatis.binding.MapperMethod.execute(MapperMethod.java:62)
	at org.apache.ibatis.binding.MapperProxy$PlainMethodInvoker.invoke(MapperProxy.java:152)
	at org.apache.ibatis.binding.MapperProxy.invoke(MapperProxy.java:85)
	at com.sun.proxy.$Proxy115.insert(Unknown Source)
	at sun.reflect.NativeMethodAccessorImpl.invoke0(Native Method)
	at sun.reflect.NativeMethodAccessorImpl.invoke(NativeMethodAccessorImpl.java:62)
	at sun.reflect.DelegatingMethodAccessorImpl.invoke(DelegatingMethodAccessorImpl.java:43)
	at java.lang.reflect.Method.invoke(Method.java:498)
	at org.springframework.aop.support.AopUtils.invokeJoinpointUsingReflection(AopUtils.java:344)
	at org.springframework.aop.framework.ReflectiveMethodInvocation.invokeJoinpoint(ReflectiveMethodInvocation.java:198)
	at org.springframework.aop.framework.ReflectiveMethodInvocation.proceed(ReflectiveMethodInvocation.java:163)
	at org.springframework.aop.interceptor.ExposeInvocationInterceptor.invoke(ExposeInvocationInterceptor.java:97)
	at org.springframework.aop.framework.ReflectiveMethodInvocation.proceed(ReflectiveMethodInvocation.java:186)
	at org.springframework.aop.framework.JdkDynamicAopProxy.invoke(JdkDynamicAopProxy.java:220)
	at com.sun.proxy.$Proxy116.insert(Unknown Source)
	at cn.gzy.infrastructure.persistent.repository.ActivityRepository.lambda$updateOrder$3(ActivityRepository.java:686)
	at org.springframework.transaction.support.TransactionTemplate.execute(TransactionTemplate.java:140)
	at cn.gzy.infrastructure.persistent.repository.ActivityRepository.updateOrder(ActivityRepository.java:675)
	at cn.gzy.infrastructure.persistent.repository.ActivityRepository$$FastClassBySpringCGLIB$$9abb50c6.invoke(<generated>)
	at org.springframework.cglib.proxy.MethodProxy.invoke(MethodProxy.java:218)
	at org.springframework.aop.framework.CglibAopProxy$CglibMethodInvocation.invokeJoinpoint(CglibAopProxy.java:793)
	at org.springframework.aop.framework.ReflectiveMethodInvocation.proceed(ReflectiveMethodInvocation.java:163)
	at org.springframework.aop.framework.CglibAopProxy$CglibMethodInvocation.proceed(CglibAopProxy.java:763)
	at org.springframework.dao.support.PersistenceExceptionTranslationInterceptor.invoke(PersistenceExceptionTranslationInterceptor.java:137)
	at org.springframework.aop.framework.ReflectiveMethodInvocation.proceed(ReflectiveMethodInvocation.java:186)
	at org.springframework.aop.framework.CglibAopProxy$CglibMethodInvocation.proceed(CglibAopProxy.java:763)
	at org.springframework.aop.framework.CglibAopProxy$DynamicAdvisedInterceptor.intercept(CglibAopProxy.java:708)
	at cn.gzy.infrastructure.persistent.repository.ActivityRepository$$EnhancerBySpringCGLIB$$d40f7c36.updateOrder(<generated>)
	at cn.gzy.domain.activity.service.quota.RaffleActivityAccountQuotaService.updateOrder(RaffleActivityAccountQuotaService.java:97)
	at cn.gzy.trigger.listener.CreditAdjustSuccessCustomer.listener(CreditAdjustSuccessCustomer.java:45)
	at sun.reflect.NativeMethodAccessorImpl.invoke0(Native Method)
	at sun.reflect.NativeMethodAccessorImpl.invoke(NativeMethodAccessorImpl.java:62)
	at sun.reflect.DelegatingMethodAccessorImpl.invoke(DelegatingMethodAccessorImpl.java:43)
	at java.lang.reflect.Method.invoke(Method.java:498)
	at org.springframework.messaging.handler.invocation.InvocableHandlerMethod.doInvoke(InvocableHandlerMethod.java:169)
	at org.springframework.messaging.handler.invocation.InvocableHandlerMethod.invoke(InvocableHandlerMethod.java:119)
	at org.springframework.amqp.rabbit.listener.adapter.HandlerAdapter.invoke(HandlerAdapter.java:77)
	at org.springframework.amqp.rabbit.listener.adapter.MessagingMessageListenerAdapter.invokeHandler(MessagingMessageListenerAdapter.java:263)
	at org.springframework.amqp.rabbit.listener.adapter.MessagingMessageListenerAdapter.invokeHandlerAndProcessResult(MessagingMessageListenerAdapter.java:209)
	at org.springframework.amqp.rabbit.listener.adapter.MessagingMessageListenerAdapter.onMessage(MessagingMessageListenerAdapter.java:148)
	at org.springframework.amqp.rabbit.listener.AbstractMessageListenerContainer.doInvokeListener(AbstractMessageListenerContainer.java:1674)
	at org.springframework.amqp.rabbit.listener.AbstractMessageListenerContainer.actualInvokeListener(AbstractMessageListenerContainer.java:1593)
	at org.springframework.amqp.rabbit.listener.AbstractMessageListenerContainer.invokeListener(AbstractMessageListenerContainer.java:1581)
	at org.springframework.amqp.rabbit.listener.AbstractMessageListenerContainer.doExecuteListener(AbstractMessageListenerContainer.java:1572)
	at org.springframework.amqp.rabbit.listener.AbstractMessageListenerContainer.executeListener(AbstractMessageListenerContainer.java:1516)
	at org.springframework.amqp.rabbit.listener.SimpleMessageListenerContainer.doReceiveAndExecute(SimpleMessageListenerContainer.java:1001)
	at org.springframework.amqp.rabbit.listener.SimpleMessageListenerContainer.receiveAndExecute(SimpleMessageListenerContainer.java:948)
	at org.springframework.amqp.rabbit.listener.SimpleMessageListenerContainer.access$1600(SimpleMessageListenerContainer.java:86)
	at org.springframework.amqp.rabbit.listener.SimpleMessageListenerContainer$AsyncMessageProcessingConsumer.mainLoop(SimpleMessageListenerContainer.java:1326)
	at org.springframework.amqp.rabbit.listener.SimpleMessageListenerContainer$AsyncMessageProcessingConsumer.run(SimpleMessageListenerContainer.java:1232)
	at java.lang.Thread.run(Thread.java:748)
Caused by: java.sql.SQLIntegrityConstraintViolationException: Column 'user_id' cannot be null
	at com.mysql.cj.jdbc.exceptions.SQLError.createSQLException(SQLError.java:117)
	at com.mysql.cj.jdbc.exceptions.SQLError.createSQLException(SQLError.java:97)
	at com.mysql.cj.jdbc.exceptions.SQLExceptionsMapping.translateException(SQLExceptionsMapping.java:122)
	at com.mysql.cj.jdbc.ClientPreparedStatement.executeInternal(ClientPreparedStatement.java:953)
	at com.mysql.cj.jdbc.ClientPreparedStatement.execute(ClientPreparedStatement.java:370)
	at com.zaxxer.hikari.pool.ProxyPreparedStatement.execute(ProxyPreparedStatement.java:44)
	at com.zaxxer.hikari.pool.HikariProxyPreparedStatement.execute(HikariProxyPreparedStatement.java)
	at org.apache.ibatis.executor.statement.PreparedStatementHandler.update(PreparedStatementHandler.java:47)
	at org.apache.ibatis.executor.statement.RoutingStatementHandler.update(RoutingStatementHandler.java:74)
	at sun.reflect.GeneratedMethodAccessor20.invoke(Unknown Source)
	at sun.reflect.DelegatingMethodAccessorImpl.invoke(DelegatingMethodAccessorImpl.java:43)
	at java.lang.reflect.Method.invoke(Method.java:498)
	at org.apache.ibatis.plugin.Plugin.invoke(Plugin.java:63)
	at com.sun.proxy.$Proxy207.update(Unknown Source)
	at org.apache.ibatis.executor.SimpleExecutor.doUpdate(SimpleExecutor.java:50)
	at org.apache.ibatis.executor.BaseExecutor.update(BaseExecutor.java:117)
	at org.apache.ibatis.executor.CachingExecutor.update(CachingExecutor.java:76)
	at org.apache.ibatis.session.defaults.DefaultSqlSession.update(DefaultSqlSession.java:197)
	at org.apache.ibatis.session.defaults.DefaultSqlSession.insert(DefaultSqlSession.java:184)
	at sun.reflect.GeneratedMethodAccessor25.invoke(Unknown Source)
	at sun.reflect.DelegatingMethodAccessorImpl.invoke(DelegatingMethodAccessorImpl.java:43)
	at java.lang.reflect.Method.invoke(Method.java:498)
	at org.mybatis.spring.SqlSessionTemplate$SqlSessionInterceptor.invoke(SqlSessionTemplate.java:427)
	... 53 common frames omitted
26-05-11.10:05:51.403 [org.springframework.amqp.rabbit.RabbitListenerEndpointContainer#1-1] WARN  ConditionalRejectingErrorHandler - Execution of Rabbit message listener failed.
org.springframework.amqp.rabbit.support.ListenerExecutionFailedException: Listener method 'public void cn.gzy.trigger.listener.CreditAdjustSuccessCustomer.listener(java.lang.String)' threw exception
	at org.springframework.amqp.rabbit.listener.adapter.MessagingMessageListenerAdapter.invokeHandler(MessagingMessageListenerAdapter.java:272)
	at org.springframework.amqp.rabbit.listener.adapter.MessagingMessageListenerAdapter.invokeHandlerAndProcessResult(MessagingMessageListenerAdapter.java:209)
	at org.springframework.amqp.rabbit.listener.adapter.MessagingMessageListenerAdapter.onMessage(MessagingMessageListenerAdapter.java:148)
	at org.springframework.amqp.rabbit.listener.AbstractMessageListenerContainer.doInvokeListener(AbstractMessageListenerContainer.java:1674)
	at org.springframework.amqp.rabbit.listener.AbstractMessageListenerContainer.actualInvokeListener(AbstractMessageListenerContainer.java:1593)
	at org.springframework.amqp.rabbit.listener.AbstractMessageListenerContainer.invokeListener(AbstractMessageListenerContainer.java:1581)
	at org.springframework.amqp.rabbit.listener.AbstractMessageListenerContainer.doExecuteListener(AbstractMessageListenerContainer.java:1572)
	at org.springframework.amqp.rabbit.listener.AbstractMessageListenerContainer.executeListener(AbstractMessageListenerContainer.java:1516)
	at org.springframework.amqp.rabbit.listener.SimpleMessageListenerContainer.doReceiveAndExecute(SimpleMessageListenerContainer.java:1001)
	at org.springframework.amqp.rabbit.listener.SimpleMessageListenerContainer.receiveAndExecute(SimpleMessageListenerContainer.java:948)
	at org.springframework.amqp.rabbit.listener.SimpleMessageListenerContainer.access$1600(SimpleMessageListenerContainer.java:86)
	at org.springframework.amqp.rabbit.listener.SimpleMessageListenerContainer$AsyncMessageProcessingConsumer.mainLoop(SimpleMessageListenerContainer.java:1326)
	at org.springframework.amqp.rabbit.listener.SimpleMessageListenerContainer$AsyncMessageProcessingConsumer.run(SimpleMessageListenerContainer.java:1232)
	at java.lang.Thread.run(Thread.java:748)
Caused by: org.springframework.dao.DataIntegrityViolationException: 
### Error updating database.  Cause: java.sql.SQLIntegrityConstraintViolationException: Column 'user_id' cannot be null
### The error may exist in file [E:\project_java\big-market\big-market-app\target\classes\mybatis\mapper\raffle_activity_account_mapper.xml]
### The error may involve cn.gzy.infrastructure.persistent.dao.IRaffleActivityAccountDao.insert-Inline
### The error occurred while setting parameters
### SQL: insert into raffle_activity_account         (user_id, activity_id, total_count, total_count_surplus, day_count,          day_count_surplus, month_count, month_count_surplus, create_time, update_time)         values             (?, ?, ?, ?, ?,              ?, ?, ?, now(), now())
### Cause: java.sql.SQLIntegrityConstraintViolationException: Column 'user_id' cannot be null
; Column 'user_id' cannot be null; nested exception is java.sql.SQLIntegrityConstraintViolationException: Column 'user_id' cannot be null
	at org.springframework.jdbc.support.SQLExceptionSubclassTranslator.doTranslate(SQLExceptionSubclassTranslator.java:87)
	at org.springframework.jdbc.support.AbstractFallbackSQLExceptionTranslator.translate(AbstractFallbackSQLExceptionTranslator.java:70)
	at org.springframework.jdbc.support.AbstractFallbackSQLExceptionTranslator.translate(AbstractFallbackSQLExceptionTranslator.java:79)
	at org.mybatis.spring.MyBatisExceptionTranslator.translateExceptionIfPossible(MyBatisExceptionTranslator.java:91)
	at org.mybatis.spring.SqlSessionTemplate$SqlSessionInterceptor.invoke(SqlSessionTemplate.java:441)
	at com.sun.proxy.$Proxy109.insert(Unknown Source)
	at org.mybatis.spring.SqlSessionTemplate.insert(SqlSessionTemplate.java:272)
	at org.apache.ibatis.binding.MapperMethod.execute(MapperMethod.java:62)
	at org.apache.ibatis.binding.MapperProxy$PlainMethodInvoker.invoke(MapperProxy.java:152)
	at org.apache.ibatis.binding.MapperProxy.invoke(MapperProxy.java:85)
	at com.sun.proxy.$Proxy115.insert(Unknown Source)
	at sun.reflect.NativeMethodAccessorImpl.invoke0(Native Method)
	at sun.reflect.NativeMethodAccessorImpl.invoke(NativeMethodAccessorImpl.java:62)
	at sun.reflect.DelegatingMethodAccessorImpl.invoke(DelegatingMethodAccessorImpl.java:43)
	at java.lang.reflect.Method.invoke(Method.java:498)
	at org.springframework.aop.support.AopUtils.invokeJoinpointUsingReflection(AopUtils.java:344)
	at org.springframework.aop.framework.ReflectiveMethodInvocation.invokeJoinpoint(ReflectiveMethodInvocation.java:198)
	at org.springframework.aop.framework.ReflectiveMethodInvocation.proceed(ReflectiveMethodInvocation.java:163)
	at org.springframework.aop.interceptor.ExposeInvocationInterceptor.invoke(ExposeInvocationInterceptor.java:97)
	at org.springframework.aop.framework.ReflectiveMethodInvocation.proceed(ReflectiveMethodInvocation.java:186)
	at org.springframework.aop.framework.JdkDynamicAopProxy.invoke(JdkDynamicAopProxy.java:220)
	at com.sun.proxy.$Proxy116.insert(Unknown Source)
	at cn.gzy.infrastructure.persistent.repository.ActivityRepository.lambda$updateOrder$3(ActivityRepository.java:686)
	at org.springframework.transaction.support.TransactionTemplate.execute(TransactionTemplate.java:140)
	at cn.gzy.infrastructure.persistent.repository.ActivityRepository.updateOrder(ActivityRepository.java:675)
	at cn.gzy.infrastructure.persistent.repository.ActivityRepository$$FastClassBySpringCGLIB$$9abb50c6.invoke(<generated>)
	at org.springframework.cglib.proxy.MethodProxy.invoke(MethodProxy.java:218)
	at org.springframework.aop.framework.CglibAopProxy$CglibMethodInvocation.invokeJoinpoint(CglibAopProxy.java:793)
	at org.springframework.aop.framework.ReflectiveMethodInvocation.proceed(ReflectiveMethodInvocation.java:163)
	at org.springframework.aop.framework.CglibAopProxy$CglibMethodInvocation.proceed(CglibAopProxy.java:763)
	at org.springframework.dao.support.PersistenceExceptionTranslationInterceptor.invoke(PersistenceExceptionTranslationInterceptor.java:137)
	at org.springframework.aop.framework.ReflectiveMethodInvocation.proceed(ReflectiveMethodInvocation.java:186)
	at org.springframework.aop.framework.CglibAopProxy$CglibMethodInvocation.proceed(CglibAopProxy.java:763)
	at org.springframework.aop.framework.CglibAopProxy$DynamicAdvisedInterceptor.intercept(CglibAopProxy.java:708)
	at cn.gzy.infrastructure.persistent.repository.ActivityRepository$$EnhancerBySpringCGLIB$$d40f7c36.updateOrder(<generated>)
	at cn.gzy.domain.activity.service.quota.RaffleActivityAccountQuotaService.updateOrder(RaffleActivityAccountQuotaService.java:97)
	at cn.gzy.trigger.listener.CreditAdjustSuccessCustomer.listener(CreditAdjustSuccessCustomer.java:45)
	at sun.reflect.NativeMethodAccessorImpl.invoke0(Native Method)
	at sun.reflect.NativeMethodAccessorImpl.invoke(NativeMethodAccessorImpl.java:62)
	at sun.reflect.DelegatingMethodAccessorImpl.invoke(DelegatingMethodAccessorImpl.java:43)
	at java.lang.reflect.Method.invoke(Method.java:498)
	at org.springframework.messaging.handler.invocation.InvocableHandlerMethod.doInvoke(InvocableHandlerMethod.java:169)
	at org.springframework.messaging.handler.invocation.InvocableHandlerMethod.invoke(InvocableHandlerMethod.java:119)
	at org.springframework.amqp.rabbit.listener.adapter.HandlerAdapter.invoke(HandlerAdapter.java:77)
	at org.springframework.amqp.rabbit.listener.adapter.MessagingMessageListenerAdapter.invokeHandler(MessagingMessageListenerAdapter.java:263)
	... 13 common frames omitted
Caused by: java.sql.SQLIntegrityConstraintViolationException: Column 'user_id' cannot be null
	at com.mysql.cj.jdbc.exceptions.SQLError.createSQLException(SQLError.java:117)
	at com.mysql.cj.jdbc.exceptions.SQLError.createSQLException(SQLError.java:97)
	at com.mysql.cj.jdbc.exceptions.SQLExceptionsMapping.translateException(SQLExceptionsMapping.java:122)
	at com.mysql.cj.jdbc.ClientPreparedStatement.executeInternal(ClientPreparedStatement.java:953)
	at com.mysql.cj.jdbc.ClientPreparedStatement.execute(ClientPreparedStatement.java:370)
	at com.zaxxer.hikari.pool.ProxyPreparedStatement.execute(ProxyPreparedStatement.java:44)
	at com.zaxxer.hikari.pool.HikariProxyPreparedStatement.execute(HikariProxyPreparedStatement.java)
	at org.apache.ibatis.executor.statement.PreparedStatementHandler.update(PreparedStatementHandler.java:47)
	at org.apache.ibatis.executor.statement.RoutingStatementHandler.update(RoutingStatementHandler.java:74)
	at sun.reflect.GeneratedMethodAccessor20.invoke(Unknown Source)
	at sun.reflect.DelegatingMethodAccessorImpl.invoke(DelegatingMethodAccessorImpl.java:43)
	at java.lang.reflect.Method.invoke(Method.java:498)
	at org.apache.ibatis.plugin.Plugin.invoke(Plugin.java:63)
	at com.sun.proxy.$Proxy207.update(Unknown Source)
	at org.apache.ibatis.executor.SimpleExecutor.doUpdate(SimpleExecutor.java:50)
	at org.apache.ibatis.executor.BaseExecutor.update(BaseExecutor.java:117)
	at org.apache.ibatis.executor.CachingExecutor.update(CachingExecutor.java:76)
	at org.apache.ibatis.session.defaults.DefaultSqlSession.update(DefaultSqlSession.java:197)
	at org.apache.ibatis.session.defaults.DefaultSqlSession.insert(DefaultSqlSession.java:184)
	at sun.reflect.GeneratedMethodAccessor25.invoke(Unknown Source)
	at sun.reflect.DelegatingMethodAccessorImpl.invoke(DelegatingMethodAccessorImpl.java:43)
	at java.lang.reflect.Method.invoke(Method.java:498)
	at org.mybatis.spring.SqlSessionTemplate$SqlSessionInterceptor.invoke(SqlSessionTemplate.java:427)
	... 53 common frames omitted
26-05-11.10:05:51.812 [org.springframework.amqp.rabbit.RabbitListenerEndpointContainer#1-1] ERROR CreditAdjustSuccessCustomer - 监听积分账户调整成功消息，进行交易商品发货失败 topic: credit_adjust_success message: {"data":{"amount":-1.68,"orderId":"849555347552","outBusinessNo":"700091009200","userId":"xiaofuge"},"id":"36319250145","timestamp":1778465143977}
org.springframework.dao.DataIntegrityViolationException: 
### Error updating database.  Cause: java.sql.SQLIntegrityConstraintViolationException: Column 'user_id' cannot be null
### The error may exist in file [E:\project_java\big-market\big-market-app\target\classes\mybatis\mapper\raffle_activity_account_mapper.xml]
### The error may involve cn.gzy.infrastructure.persistent.dao.IRaffleActivityAccountDao.insert-Inline
### The error occurred while setting parameters
### SQL: insert into raffle_activity_account         (user_id, activity_id, total_count, total_count_surplus, day_count,          day_count_surplus, month_count, month_count_surplus, create_time, update_time)         values             (?, ?, ?, ?, ?,              ?, ?, ?, now(), now())
### Cause: java.sql.SQLIntegrityConstraintViolationException: Column 'user_id' cannot be null
; Column 'user_id' cannot be null; nested exception is java.sql.SQLIntegrityConstraintViolationException: Column 'user_id' cannot be null
	at org.springframework.jdbc.support.SQLExceptionSubclassTranslator.doTranslate(SQLExceptionSubclassTranslator.java:87)
	at org.springframework.jdbc.support.AbstractFallbackSQLExceptionTranslator.translate(AbstractFallbackSQLExceptionTranslator.java:70)
	at org.springframework.jdbc.support.AbstractFallbackSQLExceptionTranslator.translate(AbstractFallbackSQLExceptionTranslator.java:79)
	at org.mybatis.spring.MyBatisExceptionTranslator.translateExceptionIfPossible(MyBatisExceptionTranslator.java:91)
	at org.mybatis.spring.SqlSessionTemplate$SqlSessionInterceptor.invoke(SqlSessionTemplate.java:441)
	at com.sun.proxy.$Proxy109.insert(Unknown Source)
	at org.mybatis.spring.SqlSessionTemplate.insert(SqlSessionTemplate.java:272)
	at org.apache.ibatis.binding.MapperMethod.execute(MapperMethod.java:62)
	at org.apache.ibatis.binding.MapperProxy$PlainMethodInvoker.invoke(MapperProxy.java:152)
	at org.apache.ibatis.binding.MapperProxy.invoke(MapperProxy.java:85)
	at com.sun.proxy.$Proxy115.insert(Unknown Source)
	at sun.reflect.NativeMethodAccessorImpl.invoke0(Native Method)
	at sun.reflect.NativeMethodAccessorImpl.invoke(NativeMethodAccessorImpl.java:62)
	at sun.reflect.DelegatingMethodAccessorImpl.invoke(DelegatingMethodAccessorImpl.java:43)
	at java.lang.reflect.Method.invoke(Method.java:498)
	at org.springframework.aop.support.AopUtils.invokeJoinpointUsingReflection(AopUtils.java:344)
	at org.springframework.aop.framework.ReflectiveMethodInvocation.invokeJoinpoint(ReflectiveMethodInvocation.java:198)
	at org.springframework.aop.framework.ReflectiveMethodInvocation.proceed(ReflectiveMethodInvocation.java:163)
	at org.springframework.aop.interceptor.ExposeInvocationInterceptor.invoke(ExposeInvocationInterceptor.java:97)
	at org.springframework.aop.framework.ReflectiveMethodInvocation.proceed(ReflectiveMethodInvocation.java:186)
	at org.springframework.aop.framework.JdkDynamicAopProxy.invoke(JdkDynamicAopProxy.java:220)
	at com.sun.proxy.$Proxy116.insert(Unknown Source)
	at cn.gzy.infrastructure.persistent.repository.ActivityRepository.lambda$updateOrder$3(ActivityRepository.java:686)
	at org.springframework.transaction.support.TransactionTemplate.execute(TransactionTemplate.java:140)
	at cn.gzy.infrastructure.persistent.repository.ActivityRepository.updateOrder(ActivityRepository.java:675)
	at cn.gzy.infrastructure.persistent.repository.ActivityRepository$$FastClassBySpringCGLIB$$9abb50c6.invoke(<generated>)
	at org.springframework.cglib.proxy.MethodProxy.invoke(MethodProxy.java:218)
	at org.springframework.aop.framework.CglibAopProxy$CglibMethodInvocation.invokeJoinpoint(CglibAopProxy.java:793)
	at org.springframework.aop.framework.ReflectiveMethodInvocation.proceed(ReflectiveMethodInvocation.java:163)
	at org.springframework.aop.framework.CglibAopProxy$CglibMethodInvocation.proceed(CglibAopProxy.java:763)
	at org.springframework.dao.support.PersistenceExceptionTranslationInterceptor.invoke(PersistenceExceptionTranslationInterceptor.java:137)
	at org.springframework.aop.framework.ReflectiveMethodInvocation.proceed(ReflectiveMethodInvocation.java:186)
	at org.springframework.aop.framework.CglibAopProxy$CglibMethodInvocation.proceed(CglibAopProxy.java:763)
	at org.springframework.aop.framework.CglibAopProxy$DynamicAdvisedInterceptor.intercept(CglibAopProxy.java:708)
	at cn.gzy.infrastructure.persistent.repository.ActivityRepository$$EnhancerBySpringCGLIB$$d40f7c36.updateOrder(<generated>)
	at cn.gzy.domain.activity.service.quota.RaffleActivityAccountQuotaService.updateOrder(RaffleActivityAccountQuotaService.java:97)
	at cn.gzy.trigger.listener.CreditAdjustSuccessCustomer.listener(CreditAdjustSuccessCustomer.java:45)
	at sun.reflect.NativeMethodAccessorImpl.invoke0(Native Method)
	at sun.reflect.NativeMethodAccessorImpl.invoke(NativeMethodAccessorImpl.java:62)
	at sun.reflect.DelegatingMethodAccessorImpl.invoke(DelegatingMethodAccessorImpl.java:43)
	at java.lang.reflect.Method.invoke(Method.java:498)
	at org.springframework.messaging.handler.invocation.InvocableHandlerMethod.doInvoke(InvocableHandlerMethod.java:169)
	at org.springframework.messaging.handler.invocation.InvocableHandlerMethod.invoke(InvocableHandlerMethod.java:119)
	at org.springframework.amqp.rabbit.listener.adapter.HandlerAdapter.invoke(HandlerAdapter.java:77)
	at org.springframework.amqp.rabbit.listener.adapter.MessagingMessageListenerAdapter.invokeHandler(MessagingMessageListenerAdapter.java:263)
	at org.springframework.amqp.rabbit.listener.adapter.MessagingMessageListenerAdapter.invokeHandlerAndProcessResult(MessagingMessageListenerAdapter.java:209)
	at org.springframework.amqp.rabbit.listener.adapter.MessagingMessageListenerAdapter.onMessage(MessagingMessageListenerAdapter.java:148)
	at org.springframework.amqp.rabbit.listener.AbstractMessageListenerContainer.doInvokeListener(AbstractMessageListenerContainer.java:1674)
	at org.springframework.amqp.rabbit.listener.AbstractMessageListenerContainer.actualInvokeListener(AbstractMessageListenerContainer.java:1593)
	at org.springframework.amqp.rabbit.listener.AbstractMessageListenerContainer.invokeListener(AbstractMessageListenerContainer.java:1581)
	at org.springframework.amqp.rabbit.listener.AbstractMessageListenerContainer.doExecuteListener(AbstractMessageListenerContainer.java:1572)
	at org.springframework.amqp.rabbit.listener.AbstractMessageListenerContainer.executeListener(AbstractMessageListenerContainer.java:1516)
	at org.springframework.amqp.rabbit.listener.SimpleMessageListenerContainer.doReceiveAndExecute(SimpleMessageListenerContainer.java:1001)
	at org.springframework.amqp.rabbit.listener.SimpleMessageListenerContainer.receiveAndExecute(SimpleMessageListenerContainer.java:948)
	at org.springframework.amqp.rabbit.listener.SimpleMessageListenerContainer.access$1600(SimpleMessageListenerContainer.java:86)
	at org.springframework.amqp.rabbit.listener.SimpleMessageListenerContainer$AsyncMessageProcessingConsumer.mainLoop(SimpleMessageListenerContainer.java:1326)
	at org.springframework.amqp.rabbit.listener.SimpleMessageListenerContainer$AsyncMessageProcessingConsumer.run(SimpleMessageListenerContainer.java:1232)
	at java.lang.Thread.run(Thread.java:748)
Caused by: java.sql.SQLIntegrityConstraintViolationException: Column 'user_id' cannot be null
	at com.mysql.cj.jdbc.exceptions.SQLError.createSQLException(SQLError.java:117)
	at com.mysql.cj.jdbc.exceptions.SQLError.createSQLException(SQLError.java:97)
	at com.mysql.cj.jdbc.exceptions.SQLExceptionsMapping.translateException(SQLExceptionsMapping.java:122)
	at com.mysql.cj.jdbc.ClientPreparedStatement.executeInternal(ClientPreparedStatement.java:953)
	at com.mysql.cj.jdbc.ClientPreparedStatement.execute(ClientPreparedStatement.java:370)
	at com.zaxxer.hikari.pool.ProxyPreparedStatement.execute(ProxyPreparedStatement.java:44)
	at com.zaxxer.hikari.pool.HikariProxyPreparedStatement.execute(HikariProxyPreparedStatement.java)
	at org.apache.ibatis.executor.statement.PreparedStatementHandler.update(PreparedStatementHandler.java:47)
	at org.apache.ibatis.executor.statement.RoutingStatementHandler.update(RoutingStatementHandler.java:74)
	at sun.reflect.GeneratedMethodAccessor20.invoke(Unknown Source)
	at sun.reflect.DelegatingMethodAccessorImpl.invoke(DelegatingMethodAccessorImpl.java:43)
	at java.lang.reflect.Method.invoke(Method.java:498)
	at org.apache.ibatis.plugin.Plugin.invoke(Plugin.java:63)
	at com.sun.proxy.$Proxy207.update(Unknown Source)
	at org.apache.ibatis.executor.SimpleExecutor.doUpdate(SimpleExecutor.java:50)
	at org.apache.ibatis.executor.BaseExecutor.update(BaseExecutor.java:117)
	at org.apache.ibatis.executor.CachingExecutor.update(CachingExecutor.java:76)
	at org.apache.ibatis.session.defaults.DefaultSqlSession.update(DefaultSqlSession.java:197)
	at org.apache.ibatis.session.defaults.DefaultSqlSession.insert(DefaultSqlSession.java:184)
	at sun.reflect.GeneratedMethodAccessor25.invoke(Unknown Source)
	at sun.reflect.DelegatingMethodAccessorImpl.invoke(DelegatingMethodAccessorImpl.java:43)
	at java.lang.reflect.Method.invoke(Method.java:498)
	at org.mybatis.spring.SqlSessionTemplate$SqlSessionInterceptor.invoke(SqlSessionTemplate.java:427)
	... 53 common frames omitted
26-05-11.10:05:51.813 [org.springframework.amqp.rabbit.RabbitListenerEndpointContainer#1-1] WARN  ConditionalRejectingErrorHandler - Execution of Rabbit message listener failed.
org.springframework.amqp.rabbit.support.ListenerExecutionFailedException: Listener method 'public void cn.gzy.trigger.listener.CreditAdjustSuccessCustomer.listener(java.lang.String)' threw exception
	at org.springframework.amqp.rabbit.listener.adapter.MessagingMessageListenerAdapter.invokeHandler(MessagingMessageListenerAdapter.java:272)
	at org.springframework.amqp.rabbit.listener.adapter.MessagingMessageListenerAdapter.invokeHandlerAndProcessResult(MessagingMessageListenerAdapter.java:209)
	at org.springframework.amqp.rabbit.listener.adapter.MessagingMessageListenerAdapter.onMessage(MessagingMessageListenerAdapter.java:148)
	at org.springframework.amqp.rabbit.listener.AbstractMessageListenerContainer.doInvokeListener(AbstractMessageListenerContainer.java:1674)
	at org.springframework.amqp.rabbit.listener.AbstractMessageListenerContainer.actualInvokeListener(AbstractMessageListenerContainer.java:1593)
	at org.springframework.amqp.rabbit.listener.AbstractMessageListenerContainer.invokeListener(AbstractMessageListenerContainer.java:1581)
	at org.springframework.amqp.rabbit.listener.AbstractMessageListenerContainer.doExecuteListener(AbstractMessageListenerContainer.java:1572)
	at org.springframework.amqp.rabbit.listener.AbstractMessageListenerContainer.executeListener(AbstractMessageListenerContainer.java:1516)
	at org.springframework.amqp.rabbit.listener.SimpleMessageListenerContainer.doReceiveAndExecute(SimpleMessageListenerContainer.java:1001)
	at org.springframework.amqp.rabbit.listener.SimpleMessageListenerContainer.receiveAndExecute(SimpleMessageListenerContainer.java:948)
	at org.springframework.amqp.rabbit.listener.SimpleMessageListenerContainer.access$1600(SimpleMessageListenerContainer.java:86)
	at org.springframework.amqp.rabbit.listener.SimpleMessageListenerContainer$AsyncMessageProcessingConsumer.mainLoop(SimpleMessageListenerContainer.java:1326)
	at org.springframework.amqp.rabbit.listener.SimpleMessageListenerContainer$AsyncMessageProcessingConsumer.run(SimpleMessageListenerContainer.java:1232)
	at java.lang.Thread.run(Thread.java:748)
Caused by: org.springframework.dao.DataIntegrityViolationException: 
### Error updating database.  Cause: java.sql.SQLIntegrityConstraintViolationException: Column 'user_id' cannot be null
### The error may exist in file [E:\project_java\big-market\big-market-app\target\classes\mybatis\mapper\raffle_activity_account_mapper.xml]
### The error may involve cn.gzy.infrastructure.persistent.dao.IRaffleActivityAccountDao.insert-Inline
### The error occurred while setting parameters
### SQL: insert into raffle_activity_account         (user_id, activity_id, total_count, total_count_surplus, day_count,          day_count_surplus, month_count, month_count_surplus, create_time, update_time)         values             (?, ?, ?, ?, ?,              ?, ?, ?, now(), now())
### Cause: java.sql.SQLIntegrityConstraintViolationException: Column 'user_id' cannot be null
; Column 'user_id' cannot be null; nested exception is java.sql.SQLIntegrityConstraintViolationException: Column 'user_id' cannot be null
	at org.springframework.jdbc.support.SQLExceptionSubclassTranslator.doTranslate(SQLExceptionSubclassTranslator.java:87)
	at org.springframework.jdbc.support.AbstractFallbackSQLExceptionTranslator.translate(AbstractFallbackSQLExceptionTranslator.java:70)
	at org.springframework.jdbc.support.AbstractFallbackSQLExceptionTranslator.translate(AbstractFallbackSQLExceptionTranslator.java:79)
	at org.mybatis.spring.MyBatisExceptionTranslator.translateExceptionIfPossible(MyBatisExceptionTranslator.java:91)
	at org.mybatis.spring.SqlSessionTemplate$SqlSessionInterceptor.invoke(SqlSessionTemplate.java:441)
	at com.sun.proxy.$Proxy109.insert(Unknown Source)
	at org.mybatis.spring.SqlSessionTemplate.insert(SqlSessionTemplate.java:272)
	at org.apache.ibatis.binding.MapperMethod.execute(MapperMethod.java:62)
	at org.apache.ibatis.binding.MapperProxy$PlainMethodInvoker.invoke(MapperProxy.java:152)
	at org.apache.ibatis.binding.MapperProxy.invoke(MapperProxy.java:85)
	at com.sun.proxy.$Proxy115.insert(Unknown Source)
	at sun.reflect.NativeMethodAccessorImpl.invoke0(Native Method)
	at sun.reflect.NativeMethodAccessorImpl.invoke(NativeMethodAccessorImpl.java:62)
	at sun.reflect.DelegatingMethodAccessorImpl.invoke(DelegatingMethodAccessorImpl.java:43)
	at java.lang.reflect.Method.invoke(Method.java:498)
	at org.springframework.aop.support.AopUtils.invokeJoinpointUsingReflection(AopUtils.java:344)
	at org.springframework.aop.framework.ReflectiveMethodInvocation.invokeJoinpoint(ReflectiveMethodInvocation.java:198)
	at org.springframework.aop.framework.ReflectiveMethodInvocation.proceed(ReflectiveMethodInvocation.java:163)
	at org.springframework.aop.interceptor.ExposeInvocationInterceptor.invoke(ExposeInvocationInterceptor.java:97)
	at org.springframework.aop.framework.ReflectiveMethodInvocation.proceed(ReflectiveMethodInvocation.java:186)
	at org.springframework.aop.framework.JdkDynamicAopProxy.invoke(JdkDynamicAopProxy.java:220)
	at com.sun.proxy.$Proxy116.insert(Unknown Source)
	at cn.gzy.infrastructure.persistent.repository.ActivityRepository.lambda$updateOrder$3(ActivityRepository.java:686)
	at org.springframework.transaction.support.TransactionTemplate.execute(TransactionTemplate.java:140)
	at cn.gzy.infrastructure.persistent.repository.ActivityRepository.updateOrder(ActivityRepository.java:675)
	at cn.gzy.infrastructure.persistent.repository.ActivityRepository$$FastClassBySpringCGLIB$$9abb50c6.invoke(<generated>)
	at org.springframework.cglib.proxy.MethodProxy.invoke(MethodProxy.java:218)
	at org.springframework.aop.framework.CglibAopProxy$CglibMethodInvocation.invokeJoinpoint(CglibAopProxy.java:793)
	at org.springframework.aop.framework.ReflectiveMethodInvocation.proceed(ReflectiveMethodInvocation.java:163)
	at org.springframework.aop.framework.CglibAopProxy$CglibMethodInvocation.proceed(CglibAopProxy.java:763)
	at org.springframework.dao.support.PersistenceExceptionTranslationInterceptor.invoke(PersistenceExceptionTranslationInterceptor.java:137)
	at org.springframework.aop.framework.ReflectiveMethodInvocation.proceed(ReflectiveMethodInvocation.java:186)
	at org.springframework.aop.framework.CglibAopProxy$CglibMethodInvocation.proceed(CglibAopProxy.java:763)
	at org.springframework.aop.framework.CglibAopProxy$DynamicAdvisedInterceptor.intercept(CglibAopProxy.java:708)
	at cn.gzy.infrastructure.persistent.repository.ActivityRepository$$EnhancerBySpringCGLIB$$d40f7c36.updateOrder(<generated>)
	at cn.gzy.domain.activity.service.quota.RaffleActivityAccountQuotaService.updateOrder(RaffleActivityAccountQuotaService.java:97)
	at cn.gzy.trigger.listener.CreditAdjustSuccessCustomer.listener(CreditAdjustSuccessCustomer.java:45)
	at sun.reflect.NativeMethodAccessorImpl.invoke0(Native Method)
	at sun.reflect.NativeMethodAccessorImpl.invoke(NativeMethodAccessorImpl.java:62)
	at sun.reflect.DelegatingMethodAccessorImpl.invoke(DelegatingMethodAccessorImpl.java:43)
	at java.lang.reflect.Method.invoke(Method.java:498)
	at org.springframework.messaging.handler.invocation.InvocableHandlerMethod.doInvoke(InvocableHandlerMethod.java:169)
	at org.springframework.messaging.handler.invocation.InvocableHandlerMethod.invoke(InvocableHandlerMethod.java:119)
	at org.springframework.amqp.rabbit.listener.adapter.HandlerAdapter.invoke(HandlerAdapter.java:77)
	at org.springframework.amqp.rabbit.listener.adapter.MessagingMessageListenerAdapter.invokeHandler(MessagingMessageListenerAdapter.java:263)
	... 13 common frames omitted
Caused by: java.sql.SQLIntegrityConstraintViolationException: Column 'user_id' cannot be null
	at com.mysql.cj.jdbc.exceptions.SQLError.createSQLException(SQLError.java:117)
	at com.mysql.cj.jdbc.exceptions.SQLError.createSQLException(SQLError.java:97)
	at com.mysql.cj.jdbc.exceptions.SQLExceptionsMapping.translateException(SQLExceptionsMapping.java:122)
	at com.mysql.cj.jdbc.ClientPreparedStatement.executeInternal(ClientPreparedStatement.java:953)
	at com.mysql.cj.jdbc.ClientPreparedStatement.execute(ClientPreparedStatement.java:370)
	at com.zaxxer.hikari.pool.ProxyPreparedStatement.execute(ProxyPreparedStatement.java:44)
	at com.zaxxer.hikari.pool.HikariProxyPreparedStatement.execute(HikariProxyPreparedStatement.java)
	at org.apache.ibatis.executor.statement.PreparedStatementHandler.update(PreparedStatementHandler.java:47)
	at org.apache.ibatis.executor.statement.RoutingStatementHandler.update(RoutingStatementHandler.java:74)
	at sun.reflect.GeneratedMethodAccessor20.invoke(Unknown Source)
	at sun.reflect.DelegatingMethodAccessorImpl.invoke(DelegatingMethodAccessorImpl.java:43)
	at java.lang.reflect.Method.invoke(Method.java:498)
	at org.apache.ibatis.plugin.Plugin.invoke(Plugin.java:63)
	at com.sun.proxy.$Proxy207.update(Unknown Source)
	at org.apache.ibatis.executor.SimpleExecutor.doUpdate(SimpleExecutor.java:50)
	at org.apache.ibatis.executor.BaseExecutor.update(BaseExecutor.java:117)
	at org.apache.ibatis.executor.CachingExecutor.update(CachingExecutor.java:76)
	at org.apache.ibatis.session.defaults.DefaultSqlSession.update(DefaultSqlSession.java:197)
	at org.apache.ibatis.session.defaults.DefaultSqlSession.insert(DefaultSqlSession.java:184)
	at sun.reflect.GeneratedMethodAccessor25.invoke(Unknown Source)
	at sun.reflect.DelegatingMethodAccessorImpl.invoke(DelegatingMethodAccessorImpl.java:43)
	at java.lang.reflect.Method.invoke(Method.java:498)
	at org.mybatis.spring.SqlSessionTemplate$SqlSessionInterceptor.invoke(SqlSessionTemplate.java:427)
	... 53 common frames omitted
26-05-11.10:05:52.228 [org.springframework.amqp.rabbit.RabbitListenerEndpointContainer#1-1] ERROR CreditAdjustSuccessCustomer - 监听积分账户调整成功消息，进行交易商品发货失败 topic: credit_adjust_success message: {"data":{"amount":-1.68,"orderId":"849555347552","outBusinessNo":"700091009200","userId":"xiaofuge"},"id":"36319250145","timestamp":1778465143977}
org.springframework.dao.DataIntegrityViolationException: 
### Error updating database.  Cause: java.sql.SQLIntegrityConstraintViolationException: Column 'user_id' cannot be null
### The error may exist in file [E:\project_java\big-market\big-market-app\target\classes\mybatis\mapper\raffle_activity_account_mapper.xml]
### The error may involve cn.gzy.infrastructure.persistent.dao.IRaffleActivityAccountDao.insert-Inline
### The error occurred while setting parameters
### SQL: insert into raffle_activity_account         (user_id, activity_id, total_count, total_count_surplus, day_count,          day_count_surplus, month_count, month_count_surplus, create_time, update_time)         values             (?, ?, ?, ?, ?,              ?, ?, ?, now(), now())
### Cause: java.sql.SQLIntegrityConstraintViolationException: Column 'user_id' cannot be null
; Column 'user_id' cannot be null; nested exception is java.sql.SQLIntegrityConstraintViolationException: Column 'user_id' cannot be null
	at org.springframework.jdbc.support.SQLExceptionSubclassTranslator.doTranslate(SQLExceptionSubclassTranslator.java:87)
	at org.springframework.jdbc.support.AbstractFallbackSQLExceptionTranslator.translate(AbstractFallbackSQLExceptionTranslator.java:70)
	at org.springframework.jdbc.support.AbstractFallbackSQLExceptionTranslator.translate(AbstractFallbackSQLExceptionTranslator.java:79)
	at org.mybatis.spring.MyBatisExceptionTranslator.translateExceptionIfPossible(MyBatisExceptionTranslator.java:91)
	at org.mybatis.spring.SqlSessionTemplate$SqlSessionInterceptor.invoke(SqlSessionTemplate.java:441)
	at com.sun.proxy.$Proxy109.insert(Unknown Source)
	at org.mybatis.spring.SqlSessionTemplate.insert(SqlSessionTemplate.java:272)
	at org.apache.ibatis.binding.MapperMethod.execute(MapperMethod.java:62)
	at org.apache.ibatis.binding.MapperProxy$PlainMethodInvoker.invoke(MapperProxy.java:152)
	at org.apache.ibatis.binding.MapperProxy.invoke(MapperProxy.java:85)
	at com.sun.proxy.$Proxy115.insert(Unknown Source)
	at sun.reflect.GeneratedMethodAccessor32.invoke(Unknown Source)
	at sun.reflect.DelegatingMethodAccessorImpl.invoke(DelegatingMethodAccessorImpl.java:43)
	at java.lang.reflect.Method.invoke(Method.java:498)
	at org.springframework.aop.support.AopUtils.invokeJoinpointUsingReflection(AopUtils.java:344)
	at org.springframework.aop.framework.ReflectiveMethodInvocation.invokeJoinpoint(ReflectiveMethodInvocation.java:198)
	at org.springframework.aop.framework.ReflectiveMethodInvocation.proceed(ReflectiveMethodInvocation.java:163)
	at org.springframework.aop.interceptor.ExposeInvocationInterceptor.invoke(ExposeInvocationInterceptor.java:97)
	at org.springframework.aop.framework.ReflectiveMethodInvocation.proceed(ReflectiveMethodInvocation.java:186)
	at org.springframework.aop.framework.JdkDynamicAopProxy.invoke(JdkDynamicAopProxy.java:220)
	at com.sun.proxy.$Proxy116.insert(Unknown Source)
	at cn.gzy.infrastructure.persistent.repository.ActivityRepository.lambda$updateOrder$3(ActivityRepository.java:686)
	at org.springframework.transaction.support.TransactionTemplate.execute(TransactionTemplate.java:140)
	at cn.gzy.infrastructure.persistent.repository.ActivityRepository.updateOrder(ActivityRepository.java:675)
	at cn.gzy.infrastructure.persistent.repository.ActivityRepository$$FastClassBySpringCGLIB$$9abb50c6.invoke(<generated>)
	at org.springframework.cglib.proxy.MethodProxy.invoke(MethodProxy.java:218)
	at org.springframework.aop.framework.CglibAopProxy$CglibMethodInvocation.invokeJoinpoint(CglibAopProxy.java:793)
	at org.springframework.aop.framework.ReflectiveMethodInvocation.proceed(ReflectiveMethodInvocation.java:163)
	at org.springframework.aop.framework.CglibAopProxy$CglibMethodInvocation.proceed(CglibAopProxy.java:763)
	at org.springframework.dao.support.PersistenceExceptionTranslationInterceptor.invoke(PersistenceExceptionTranslationInterceptor.java:137)
	at org.springframework.aop.framework.ReflectiveMethodInvocation.proceed(ReflectiveMethodInvocation.java:186)
	at org.springframework.aop.framework.CglibAopProxy$CglibMethodInvocation.proceed(CglibAopProxy.java:763)
	at org.springframework.aop.framework.CglibAopProxy$DynamicAdvisedInterceptor.intercept(CglibAopProxy.java:708)
	at cn.gzy.infrastructure.persistent.repository.ActivityRepository$$EnhancerBySpringCGLIB$$d40f7c36.updateOrder(<generated>)
	at cn.gzy.domain.activity.service.quota.RaffleActivityAccountQuotaService.updateOrder(RaffleActivityAccountQuotaService.java:97)
	at cn.gzy.trigger.listener.CreditAdjustSuccessCustomer.listener(CreditAdjustSuccessCustomer.java:45)
	at sun.reflect.GeneratedMethodAccessor26.invoke(Unknown Source)
	at sun.reflect.DelegatingMethodAccessorImpl.invoke(DelegatingMethodAccessorImpl.java:43)
	at java.lang.reflect.Method.invoke(Method.java:498)
	at org.springframework.messaging.handler.invocation.InvocableHandlerMethod.doInvoke(InvocableHandlerMethod.java:169)
	at org.springframework.messaging.handler.invocation.InvocableHandlerMethod.invoke(InvocableHandlerMethod.java:119)
	at org.springframework.amqp.rabbit.listener.adapter.HandlerAdapter.invoke(HandlerAdapter.java:77)
	at org.springframework.amqp.rabbit.listener.adapter.MessagingMessageListenerAdapter.invokeHandler(MessagingMessageListenerAdapter.java:263)
	at org.springframework.amqp.rabbit.listener.adapter.MessagingMessageListenerAdapter.invokeHandlerAndProcessResult(MessagingMessageListenerAdapter.java:209)
	at org.springframework.amqp.rabbit.listener.adapter.MessagingMessageListenerAdapter.onMessage(MessagingMessageListenerAdapter.java:148)
	at org.springframework.amqp.rabbit.listener.AbstractMessageListenerContainer.doInvokeListener(AbstractMessageListenerContainer.java:1674)
	at org.springframework.amqp.rabbit.listener.AbstractMessageListenerContainer.actualInvokeListener(AbstractMessageListenerContainer.java:1593)
	at org.springframework.amqp.rabbit.listener.AbstractMessageListenerContainer.invokeListener(AbstractMessageListenerContainer.java:1581)
	at org.springframework.amqp.rabbit.listener.AbstractMessageListenerContainer.doExecuteListener(AbstractMessageListenerContainer.java:1572)
	at org.springframework.amqp.rabbit.listener.AbstractMessageListenerContainer.executeListener(AbstractMessageListenerContainer.java:1516)
	at org.springframework.amqp.rabbit.listener.SimpleMessageListenerContainer.doReceiveAndExecute(SimpleMessageListenerContainer.java:1001)
	at org.springframework.amqp.rabbit.listener.SimpleMessageListenerContainer.receiveAndExecute(SimpleMessageListenerContainer.java:948)
	at org.springframework.amqp.rabbit.listener.SimpleMessageListenerContainer.access$1600(SimpleMessageListenerContainer.java:86)
	at org.springframework.amqp.rabbit.listener.SimpleMessageListenerContainer$AsyncMessageProcessingConsumer.mainLoop(SimpleMessageListenerContainer.java:1326)
	at org.springframework.amqp.rabbit.listener.SimpleMessageListenerContainer$AsyncMessageProcessingConsumer.run(SimpleMessageListenerContainer.java:1232)
	at java.lang.Thread.run(Thread.java:748)
Caused by: java.sql.SQLIntegrityConstraintViolationException: Column 'user_id' cannot be null
	at com.mysql.cj.jdbc.exceptions.SQLError.createSQLException(SQLError.java:117)
	at com.mysql.cj.jdbc.exceptions.SQLError.createSQLException(SQLError.java:97)
	at com.mysql.cj.jdbc.exceptions.SQLExceptionsMapping.translateException(SQLExceptionsMapping.java:122)
	at com.mysql.cj.jdbc.ClientPreparedStatement.executeInternal(ClientPreparedStatement.java:953)
	at com.mysql.cj.jdbc.ClientPreparedStatement.execute(ClientPreparedStatement.java:370)
	at com.zaxxer.hikari.pool.ProxyPreparedStatement.execute(ProxyPreparedStatement.java:44)
	at com.zaxxer.hikari.pool.HikariProxyPreparedStatement.execute(HikariProxyPreparedStatement.java)
	at org.apache.ibatis.executor.statement.PreparedStatementHandler.update(PreparedStatementHandler.java:47)
	at org.apache.ibatis.executor.statement.RoutingStatementHandler.update(RoutingStatementHandler.java:74)
	at sun.reflect.GeneratedMethodAccessor20.invoke(Unknown Source)
	at sun.reflect.DelegatingMethodAccessorImpl.invoke(DelegatingMethodAccessorImpl.java:43)
	at java.lang.reflect.Method.invoke(Method.java:498)
	at org.apache.ibatis.plugin.Plugin.invoke(Plugin.java:63)
	at com.sun.proxy.$Proxy207.update(Unknown Source)
	at org.apache.ibatis.executor.SimpleExecutor.doUpdate(SimpleExecutor.java:50)
	at org.apache.ibatis.executor.BaseExecutor.update(BaseExecutor.java:117)
	at org.apache.ibatis.executor.CachingExecutor.update(CachingExecutor.java:76)
	at org.apache.ibatis.session.defaults.DefaultSqlSession.update(DefaultSqlSession.java:197)
	at org.apache.ibatis.session.defaults.DefaultSqlSession.insert(DefaultSqlSession.java:184)
	at sun.reflect.GeneratedMethodAccessor25.invoke(Unknown Source)
	at sun.reflect.DelegatingMethodAccessorImpl.invoke(DelegatingMethodAccessorImpl.java:43)
	at java.lang.reflect.Method.invoke(Method.java:498)
	at org.mybatis.spring.SqlSessionTemplate$SqlSessionInterceptor.invoke(SqlSessionTemplate.java:427)
	... 51 common frames omitted
26-05-11.10:05:52.229 [org.springframework.amqp.rabbit.RabbitListenerEndpointContainer#1-1] WARN  ConditionalRejectingErrorHandler - Execution of Rabbit message listener failed.
org.springframework.amqp.rabbit.support.ListenerExecutionFailedException: Listener method 'public void cn.gzy.trigger.listener.CreditAdjustSuccessCustomer.listener(java.lang.String)' threw exception
	at org.springframework.amqp.rabbit.listener.adapter.MessagingMessageListenerAdapter.invokeHandler(MessagingMessageListenerAdapter.java:272)
	at org.springframework.amqp.rabbit.listener.adapter.MessagingMessageListenerAdapter.invokeHandlerAndProcessResult(MessagingMessageListenerAdapter.java:209)
	at org.springframework.amqp.rabbit.listener.adapter.MessagingMessageListenerAdapter.onMessage(MessagingMessageListenerAdapter.java:148)
	at org.springframework.amqp.rabbit.listener.AbstractMessageListenerContainer.doInvokeListener(AbstractMessageListenerContainer.java:1674)
	at org.springframework.amqp.rabbit.listener.AbstractMessageListenerContainer.actualInvokeListener(AbstractMessageListenerContainer.java:1593)
	at org.springframework.amqp.rabbit.listener.AbstractMessageListenerContainer.invokeListener(AbstractMessageListenerContainer.java:1581)
	at org.springframework.amqp.rabbit.listener.AbstractMessageListenerContainer.doExecuteListener(AbstractMessageListenerContainer.java:1572)
	at org.springframework.amqp.rabbit.listener.AbstractMessageListenerContainer.executeListener(AbstractMessageListenerContainer.java:1516)
	at org.springframework.amqp.rabbit.listener.SimpleMessageListenerContainer.doReceiveAndExecute(SimpleMessageListenerContainer.java:1001)
	at org.springframework.amqp.rabbit.listener.SimpleMessageListenerContainer.receiveAndExecute(SimpleMessageListenerContainer.java:948)
	at org.springframework.amqp.rabbit.listener.SimpleMessageListenerContainer.access$1600(SimpleMessageListenerContainer.java:86)
	at org.springframework.amqp.rabbit.listener.SimpleMessageListenerContainer$AsyncMessageProcessingConsumer.mainLoop(SimpleMessageListenerContainer.java:1326)
	at org.springframework.amqp.rabbit.listener.SimpleMessageListenerContainer$AsyncMessageProcessingConsumer.run(SimpleMessageListenerContainer.java:1232)
	at java.lang.Thread.run(Thread.java:748)
Caused by: org.springframework.dao.DataIntegrityViolationException: 
### Error updating database.  Cause: java.sql.SQLIntegrityConstraintViolationException: Column 'user_id' cannot be null
### The error may exist in file [E:\project_java\big-market\big-market-app\target\classes\mybatis\mapper\raffle_activity_account_mapper.xml]
### The error may involve cn.gzy.infrastructure.persistent.dao.IRaffleActivityAccountDao.insert-Inline
### The error occurred while setting parameters
### SQL: insert into raffle_activity_account         (user_id, activity_id, total_count, total_count_surplus, day_count,          day_count_surplus, month_count, month_count_surplus, create_time, update_time)         values             (?, ?, ?, ?, ?,              ?, ?, ?, now(), now())
### Cause: java.sql.SQLIntegrityConstraintViolationException: Column 'user_id' cannot be null
; Column 'user_id' cannot be null; nested exception is java.sql.SQLIntegrityConstraintViolationException: Column 'user_id' cannot be null
	at org.springframework.jdbc.support.SQLExceptionSubclassTranslator.doTranslate(SQLExceptionSubclassTranslator.java:87)
	at org.springframework.jdbc.support.AbstractFallbackSQLExceptionTranslator.translate(AbstractFallbackSQLExceptionTranslator.java:70)
	at org.springframework.jdbc.support.AbstractFallbackSQLExceptionTranslator.translate(AbstractFallbackSQLExceptionTranslator.java:79)
	at org.mybatis.spring.MyBatisExceptionTranslator.translateExceptionIfPossible(MyBatisExceptionTranslator.java:91)
	at org.mybatis.spring.SqlSessionTemplate$SqlSessionInterceptor.invoke(SqlSessionTemplate.java:441)
	at com.sun.proxy.$Proxy109.insert(Unknown Source)
	at org.mybatis.spring.SqlSessionTemplate.insert(SqlSessionTemplate.java:272)
	at org.apache.ibatis.binding.MapperMethod.execute(MapperMethod.java:62)
	at org.apache.ibatis.binding.MapperProxy$PlainMethodInvoker.invoke(MapperProxy.java:152)
	at org.apache.ibatis.binding.MapperProxy.invoke(MapperProxy.java:85)
	at com.sun.proxy.$Proxy115.insert(Unknown Source)
	at sun.reflect.GeneratedMethodAccessor32.invoke(Unknown Source)
	at sun.reflect.DelegatingMethodAccessorImpl.invoke(DelegatingMethodAccessorImpl.java:43)
	at java.lang.reflect.Method.invoke(Method.java:498)
	at org.springframework.aop.support.AopUtils.invokeJoinpointUsingReflection(AopUtils.java:344)
	at org.springframework.aop.framework.ReflectiveMethodInvocation.invokeJoinpoint(ReflectiveMethodInvocation.java:198)
	at org.springframework.aop.framework.ReflectiveMethodInvocation.proceed(ReflectiveMethodInvocation.java:163)
	at org.springframework.aop.interceptor.ExposeInvocationInterceptor.invoke(ExposeInvocationInterceptor.java:97)
	at org.springframework.aop.framework.ReflectiveMethodInvocation.proceed(ReflectiveMethodInvocation.java:186)
	at org.springframework.aop.framework.JdkDynamicAopProxy.invoke(JdkDynamicAopProxy.java:220)
	at com.sun.proxy.$Proxy116.insert(Unknown Source)
	at cn.gzy.infrastructure.persistent.repository.ActivityRepository.lambda$updateOrder$3(ActivityRepository.java:686)
	at org.springframework.transaction.support.TransactionTemplate.execute(TransactionTemplate.java:140)
	at cn.gzy.infrastructure.persistent.repository.ActivityRepository.updateOrder(ActivityRepository.java:675)
	at cn.gzy.infrastructure.persistent.repository.ActivityRepository$$FastClassBySpringCGLIB$$9abb50c6.invoke(<generated>)
	at org.springframework.cglib.proxy.MethodProxy.invoke(MethodProxy.java:218)
	at org.springframework.aop.framework.CglibAopProxy$CglibMethodInvocation.invokeJoinpoint(CglibAopProxy.java:793)
	at org.springframework.aop.framework.ReflectiveMethodInvocation.proceed(ReflectiveMethodInvocation.java:163)
	at org.springframework.aop.framework.CglibAopProxy$CglibMethodInvocation.proceed(CglibAopProxy.java:763)
	at org.springframework.dao.support.PersistenceExceptionTranslationInterceptor.invoke(PersistenceExceptionTranslationInterceptor.java:137)
	at org.springframework.aop.framework.ReflectiveMethodInvocation.proceed(ReflectiveMethodInvocation.java:186)
	at org.springframework.aop.framework.CglibAopProxy$CglibMethodInvocation.proceed(CglibAopProxy.java:763)
	at org.springframework.aop.framework.CglibAopProxy$DynamicAdvisedInterceptor.intercept(CglibAopProxy.java:708)
	at cn.gzy.infrastructure.persistent.repository.ActivityRepository$$EnhancerBySpringCGLIB$$d40f7c36.updateOrder(<generated>)
	at cn.gzy.domain.activity.service.quota.RaffleActivityAccountQuotaService.updateOrder(RaffleActivityAccountQuotaService.java:97)
	at cn.gzy.trigger.listener.CreditAdjustSuccessCustomer.listener(CreditAdjustSuccessCustomer.java:45)
	at sun.reflect.GeneratedMethodAccessor26.invoke(Unknown Source)
	at sun.reflect.DelegatingMethodAccessorImpl.invoke(DelegatingMethodAccessorImpl.java:43)
	at java.lang.reflect.Method.invoke(Method.java:498)
	at org.springframework.messaging.handler.invocation.InvocableHandlerMethod.doInvoke(InvocableHandlerMethod.java:169)
	at org.springframework.messaging.handler.invocation.InvocableHandlerMethod.invoke(InvocableHandlerMethod.java:119)
	at org.springframework.amqp.rabbit.listener.adapter.HandlerAdapter.invoke(HandlerAdapter.java:77)
	at org.springframework.amqp.rabbit.listener.adapter.MessagingMessageListenerAdapter.invokeHandler(MessagingMessageListenerAdapter.java:263)
	... 13 common frames omitted
Caused by: java.sql.SQLIntegrityConstraintViolationException: Column 'user_id' cannot be null
	at com.mysql.cj.jdbc.exceptions.SQLError.createSQLException(SQLError.java:117)
	at com.mysql.cj.jdbc.exceptions.SQLError.createSQLException(SQLError.java:97)
	at com.mysql.cj.jdbc.exceptions.SQLExceptionsMapping.translateException(SQLExceptionsMapping.java:122)
	at com.mysql.cj.jdbc.ClientPreparedStatement.executeInternal(ClientPreparedStatement.java:953)
	at com.mysql.cj.jdbc.ClientPreparedStatement.execute(ClientPreparedStatement.java:370)
	at com.zaxxer.hikari.pool.ProxyPreparedStatement.execute(ProxyPreparedStatement.java:44)
	at com.zaxxer.hikari.pool.HikariProxyPreparedStatement.execute(HikariProxyPreparedStatement.java)
	at org.apache.ibatis.executor.statement.PreparedStatementHandler.update(PreparedStatementHandler.java:47)
	at org.apache.ibatis.executor.statement.RoutingStatementHandler.update(RoutingStatementHandler.java:74)
	at sun.reflect.GeneratedMethodAccessor20.invoke(Unknown Source)
	at sun.reflect.DelegatingMethodAccessorImpl.invoke(DelegatingMethodAccessorImpl.java:43)
	at java.lang.reflect.Method.invoke(Method.java:498)
	at org.apache.ibatis.plugin.Plugin.invoke(Plugin.java:63)
	at com.sun.proxy.$Proxy207.update(Unknown Source)
	at org.apache.ibatis.executor.SimpleExecutor.doUpdate(SimpleExecutor.java:50)
	at org.apache.ibatis.executor.BaseExecutor.update(BaseExecutor.java:117)
	at org.apache.ibatis.executor.CachingExecutor.update(CachingExecutor.java:76)
	at org.apache.ibatis.session.defaults.DefaultSqlSession.update(DefaultSqlSession.java:197)
	at org.apache.ibatis.session.defaults.DefaultSqlSession.insert(DefaultSqlSession.java:184)
	at sun.reflect.GeneratedMethodAccessor25.invoke(Unknown Source)
	at sun.reflect.DelegatingMethodAccessorImpl.invoke(DelegatingMethodAccessorImpl.java:43)
	at java.lang.reflect.Method.invoke(Method.java:498)
	at org.mybatis.spring.SqlSessionTemplate$SqlSessionInterceptor.invoke(SqlSessionTemplate.java:427)
	... 51 common frames omitted
26-05-11.10:15:07.060 [main            ] ERROR CreditRepository       - 调整账户积分额度异常，唯一索引冲突 userId:xiaofuge orderId:798292242944
org.springframework.dao.DuplicateKeyException: 
### Error updating database.  Cause: java.sql.SQLIntegrityConstraintViolationException: Duplicate entry '700091009200' for key 'user_credit_order_001.uq_out_business_no'
### The error may exist in file [E:\project_java\big-market\big-market-app\target\classes\mybatis\mapper\user_credit_order_mapper.xml]
### The error may involve cn.gzy.infrastructure.persistent.dao.IUserCreditOrderDao.insert-Inline
### The error occurred while setting parameters
### SQL: insert into user_credit_order_001(user_id, order_id, trade_name, trade_type, trade_amount, out_business_no, create_time, update_time)         values(                   ?,?,?,?,?,?,now(),now()               )
### Cause: java.sql.SQLIntegrityConstraintViolationException: Duplicate entry '700091009200' for key 'user_credit_order_001.uq_out_business_no'
; Duplicate entry '700091009200' for key 'user_credit_order_001.uq_out_business_no'; nested exception is java.sql.SQLIntegrityConstraintViolationException: Duplicate entry '700091009200' for key 'user_credit_order_001.uq_out_business_no'
	at org.springframework.jdbc.support.SQLErrorCodeSQLExceptionTranslator.doTranslate(SQLErrorCodeSQLExceptionTranslator.java:247)
	at org.springframework.jdbc.support.AbstractFallbackSQLExceptionTranslator.translate(AbstractFallbackSQLExceptionTranslator.java:70)
	at org.mybatis.spring.MyBatisExceptionTranslator.translateExceptionIfPossible(MyBatisExceptionTranslator.java:91)
	at org.mybatis.spring.SqlSessionTemplate$SqlSessionInterceptor.invoke(SqlSessionTemplate.java:441)
	at com.sun.proxy.$Proxy109.insert(Unknown Source)
	at org.mybatis.spring.SqlSessionTemplate.insert(SqlSessionTemplate.java:272)
	at org.apache.ibatis.binding.MapperMethod.execute(MapperMethod.java:62)
	at org.apache.ibatis.binding.MapperProxy$PlainMethodInvoker.invoke(MapperProxy.java:152)
	at org.apache.ibatis.binding.MapperProxy.invoke(MapperProxy.java:85)
	at com.sun.proxy.$Proxy149.insert(Unknown Source)
	at cn.gzy.infrastructure.persistent.repository.CreditRepository.lambda$saveUserCreditTradeOrder$0(CreditRepository.java:96)
	at org.springframework.transaction.support.TransactionTemplate.execute(TransactionTemplate.java:140)
	at cn.gzy.infrastructure.persistent.repository.CreditRepository.saveUserCreditTradeOrder(CreditRepository.java:86)
	at cn.gzy.infrastructure.persistent.repository.CreditRepository$$FastClassBySpringCGLIB$$f0a98b70.invoke(<generated>)
	at org.springframework.cglib.proxy.MethodProxy.invoke(MethodProxy.java:218)
	at org.springframework.aop.framework.CglibAopProxy$CglibMethodInvocation.invokeJoinpoint(CglibAopProxy.java:793)
	at org.springframework.aop.framework.ReflectiveMethodInvocation.proceed(ReflectiveMethodInvocation.java:163)
	at org.springframework.aop.framework.CglibAopProxy$CglibMethodInvocation.proceed(CglibAopProxy.java:763)
	at org.springframework.dao.support.PersistenceExceptionTranslationInterceptor.invoke(PersistenceExceptionTranslationInterceptor.java:137)
	at org.springframework.aop.framework.ReflectiveMethodInvocation.proceed(ReflectiveMethodInvocation.java:186)
	at org.springframework.aop.framework.CglibAopProxy$CglibMethodInvocation.proceed(CglibAopProxy.java:763)
	at org.springframework.aop.framework.CglibAopProxy$DynamicAdvisedInterceptor.intercept(CglibAopProxy.java:708)
	at cn.gzy.infrastructure.persistent.repository.CreditRepository$$EnhancerBySpringCGLIB$$7f15677c.saveUserCreditTradeOrder(<generated>)
	at cn.gzy.domain.credit.service.CreditAdjustService.createOrder(CreditAdjustService.java:69)
	at cn.gzy.test.domain.credit.CreditServiceTest.test_createOrder_pay(CreditServiceTest.java:56)
	at sun.reflect.NativeMethodAccessorImpl.invoke0(Native Method)
	at sun.reflect.NativeMethodAccessorImpl.invoke(NativeMethodAccessorImpl.java:62)
	at sun.reflect.DelegatingMethodAccessorImpl.invoke(DelegatingMethodAccessorImpl.java:43)
	at java.lang.reflect.Method.invoke(Method.java:498)
	at org.junit.runners.model.FrameworkMethod$1.runReflectiveCall(FrameworkMethod.java:59)
	at org.junit.internal.runners.model.ReflectiveCallable.run(ReflectiveCallable.java:12)
	at org.junit.runners.model.FrameworkMethod.invokeExplosively(FrameworkMethod.java:56)
	at org.junit.internal.runners.statements.InvokeMethod.evaluate(InvokeMethod.java:17)
	at org.springframework.test.context.junit4.statements.RunBeforeTestExecutionCallbacks.evaluate(RunBeforeTestExecutionCallbacks.java:74)
	at org.springframework.test.context.junit4.statements.RunAfterTestExecutionCallbacks.evaluate(RunAfterTestExecutionCallbacks.java:84)
	at org.springframework.test.context.junit4.statements.RunBeforeTestMethodCallbacks.evaluate(RunBeforeTestMethodCallbacks.java:75)
	at org.springframework.test.context.junit4.statements.RunAfterTestMethodCallbacks.evaluate(RunAfterTestMethodCallbacks.java:86)
	at org.springframework.test.context.junit4.statements.SpringRepeat.evaluate(SpringRepeat.java:84)
	at org.junit.runners.ParentRunner.runLeaf(ParentRunner.java:366)
	at org.springframework.test.context.junit4.SpringJUnit4ClassRunner.runChild(SpringJUnit4ClassRunner.java:251)
	at org.springframework.test.context.junit4.SpringJUnit4ClassRunner.runChild(SpringJUnit4ClassRunner.java:97)
	at org.junit.runners.ParentRunner$4.run(ParentRunner.java:331)
	at org.junit.runners.ParentRunner$1.schedule(ParentRunner.java:79)
	at org.junit.runners.ParentRunner.runChildren(ParentRunner.java:329)
	at org.junit.runners.ParentRunner.access$100(ParentRunner.java:66)
	at org.junit.runners.ParentRunner$2.evaluate(ParentRunner.java:293)
	at org.springframework.test.context.junit4.statements.RunBeforeTestClassCallbacks.evaluate(RunBeforeTestClassCallbacks.java:61)
	at org.springframework.test.context.junit4.statements.RunAfterTestClassCallbacks.evaluate(RunAfterTestClassCallbacks.java:70)
	at org.junit.runners.ParentRunner$3.evaluate(ParentRunner.java:306)
	at org.junit.runners.ParentRunner.run(ParentRunner.java:413)
	at org.springframework.test.context.junit4.SpringJUnit4ClassRunner.run(SpringJUnit4ClassRunner.java:190)
	at org.junit.runner.JUnitCore.run(JUnitCore.java:137)
	at com.intellij.junit4.JUnit4IdeaTestRunner.startRunnerWithArgs(JUnit4IdeaTestRunner.java:69)
	at com.intellij.rt.junit.IdeaTestRunner$Repeater$1.execute(IdeaTestRunner.java:38)
	at com.intellij.rt.execution.junit.TestsRepeater.repeat(TestsRepeater.java:11)
	at com.intellij.rt.junit.IdeaTestRunner$Repeater.startRunnerWithArgs(IdeaTestRunner.java:35)
	at com.intellij.rt.junit.JUnitStarter.prepareStreamsAndStart(JUnitStarter.java:232)
	at com.intellij.rt.junit.JUnitStarter.main(JUnitStarter.java:55)
Caused by: java.sql.SQLIntegrityConstraintViolationException: Duplicate entry '700091009200' for key 'user_credit_order_001.uq_out_business_no'
	at com.mysql.cj.jdbc.exceptions.SQLError.createSQLException(SQLError.java:117)
	at com.mysql.cj.jdbc.exceptions.SQLError.createSQLException(SQLError.java:97)
	at com.mysql.cj.jdbc.exceptions.SQLExceptionsMapping.translateException(SQLExceptionsMapping.java:122)
	at com.mysql.cj.jdbc.ClientPreparedStatement.executeInternal(ClientPreparedStatement.java:953)
	at com.mysql.cj.jdbc.ClientPreparedStatement.execute(ClientPreparedStatement.java:370)
	at com.zaxxer.hikari.pool.ProxyPreparedStatement.execute(ProxyPreparedStatement.java:44)
	at com.zaxxer.hikari.pool.HikariProxyPreparedStatement.execute(HikariProxyPreparedStatement.java)
	at org.apache.ibatis.executor.statement.PreparedStatementHandler.update(PreparedStatementHandler.java:47)
	at org.apache.ibatis.executor.statement.RoutingStatementHandler.update(RoutingStatementHandler.java:74)
	at sun.reflect.NativeMethodAccessorImpl.invoke0(Native Method)
	at sun.reflect.NativeMethodAccessorImpl.invoke(NativeMethodAccessorImpl.java:62)
	at sun.reflect.DelegatingMethodAccessorImpl.invoke(DelegatingMethodAccessorImpl.java:43)
	at java.lang.reflect.Method.invoke(Method.java:498)
	at org.apache.ibatis.plugin.Plugin.invoke(Plugin.java:63)
	at com.sun.proxy.$Proxy185.update(Unknown Source)
	at org.apache.ibatis.executor.SimpleExecutor.doUpdate(SimpleExecutor.java:50)
	at org.apache.ibatis.executor.BaseExecutor.update(BaseExecutor.java:117)
	at org.apache.ibatis.executor.CachingExecutor.update(CachingExecutor.java:76)
	at org.apache.ibatis.session.defaults.DefaultSqlSession.update(DefaultSqlSession.java:197)
	at org.apache.ibatis.session.defaults.DefaultSqlSession.insert(DefaultSqlSession.java:184)
	at sun.reflect.NativeMethodAccessorImpl.invoke0(Native Method)
	at sun.reflect.NativeMethodAccessorImpl.invoke(NativeMethodAccessorImpl.java:62)
	at sun.reflect.DelegatingMethodAccessorImpl.invoke(DelegatingMethodAccessorImpl.java:43)
	at java.lang.reflect.Method.invoke(Method.java:498)
	at org.mybatis.spring.SqlSessionTemplate$SqlSessionInterceptor.invoke(SqlSessionTemplate.java:427)
	... 54 common frames omitted
26-05-11.10:15:07.433 [org.springframework.amqp.rabbit.RabbitListenerEndpointContainer#1-1] ERROR CreditAdjustSuccessCustomer - 监听积分账户调整成功消息，进行交易商品发货失败 topic: credit_adjust_success message: {"data":{"amount":-1.68,"orderId":"849555347552","outBusinessNo":"700091009200","userId":"xiaofuge"},"id":"36319250145","timestamp":1778465143977}
org.springframework.dao.DataIntegrityViolationException: 
### Error updating database.  Cause: java.sql.SQLIntegrityConstraintViolationException: Column 'user_id' cannot be null
### The error may exist in file [E:\project_java\big-market\big-market-app\target\classes\mybatis\mapper\raffle_activity_account_mapper.xml]
### The error may involve cn.gzy.infrastructure.persistent.dao.IRaffleActivityAccountDao.insert-Inline
### The error occurred while setting parameters
### SQL: insert into raffle_activity_account         (user_id, activity_id, total_count, total_count_surplus, day_count,          day_count_surplus, month_count, month_count_surplus, create_time, update_time)         values             (?, ?, ?, ?, ?,              ?, ?, ?, now(), now())
### Cause: java.sql.SQLIntegrityConstraintViolationException: Column 'user_id' cannot be null
; Column 'user_id' cannot be null; nested exception is java.sql.SQLIntegrityConstraintViolationException: Column 'user_id' cannot be null
	at org.springframework.jdbc.support.SQLExceptionSubclassTranslator.doTranslate(SQLExceptionSubclassTranslator.java:87)
	at org.springframework.jdbc.support.AbstractFallbackSQLExceptionTranslator.translate(AbstractFallbackSQLExceptionTranslator.java:70)
	at org.springframework.jdbc.support.AbstractFallbackSQLExceptionTranslator.translate(AbstractFallbackSQLExceptionTranslator.java:79)
	at org.mybatis.spring.MyBatisExceptionTranslator.translateExceptionIfPossible(MyBatisExceptionTranslator.java:91)
	at org.mybatis.spring.SqlSessionTemplate$SqlSessionInterceptor.invoke(SqlSessionTemplate.java:441)
	at com.sun.proxy.$Proxy109.insert(Unknown Source)
	at org.mybatis.spring.SqlSessionTemplate.insert(SqlSessionTemplate.java:272)
	at org.apache.ibatis.binding.MapperMethod.execute(MapperMethod.java:62)
	at org.apache.ibatis.binding.MapperProxy$PlainMethodInvoker.invoke(MapperProxy.java:152)
	at org.apache.ibatis.binding.MapperProxy.invoke(MapperProxy.java:85)
	at com.sun.proxy.$Proxy115.insert(Unknown Source)
	at sun.reflect.NativeMethodAccessorImpl.invoke0(Native Method)
	at sun.reflect.NativeMethodAccessorImpl.invoke(NativeMethodAccessorImpl.java:62)
	at sun.reflect.DelegatingMethodAccessorImpl.invoke(DelegatingMethodAccessorImpl.java:43)
	at java.lang.reflect.Method.invoke(Method.java:498)
	at org.springframework.aop.support.AopUtils.invokeJoinpointUsingReflection(AopUtils.java:344)
	at org.springframework.aop.framework.ReflectiveMethodInvocation.invokeJoinpoint(ReflectiveMethodInvocation.java:198)
	at org.springframework.aop.framework.ReflectiveMethodInvocation.proceed(ReflectiveMethodInvocation.java:163)
	at org.springframework.aop.interceptor.ExposeInvocationInterceptor.invoke(ExposeInvocationInterceptor.java:97)
	at org.springframework.aop.framework.ReflectiveMethodInvocation.proceed(ReflectiveMethodInvocation.java:186)
	at org.springframework.aop.framework.JdkDynamicAopProxy.invoke(JdkDynamicAopProxy.java:220)
	at com.sun.proxy.$Proxy116.insert(Unknown Source)
	at cn.gzy.infrastructure.persistent.repository.ActivityRepository.lambda$updateOrder$3(ActivityRepository.java:686)
	at org.springframework.transaction.support.TransactionTemplate.execute(TransactionTemplate.java:140)
	at cn.gzy.infrastructure.persistent.repository.ActivityRepository.updateOrder(ActivityRepository.java:675)
	at cn.gzy.infrastructure.persistent.repository.ActivityRepository$$FastClassBySpringCGLIB$$9abb50c6.invoke(<generated>)
	at org.springframework.cglib.proxy.MethodProxy.invoke(MethodProxy.java:218)
	at org.springframework.aop.framework.CglibAopProxy$CglibMethodInvocation.invokeJoinpoint(CglibAopProxy.java:793)
	at org.springframework.aop.framework.ReflectiveMethodInvocation.proceed(ReflectiveMethodInvocation.java:163)
	at org.springframework.aop.framework.CglibAopProxy$CglibMethodInvocation.proceed(CglibAopProxy.java:763)
	at org.springframework.dao.support.PersistenceExceptionTranslationInterceptor.invoke(PersistenceExceptionTranslationInterceptor.java:137)
	at org.springframework.aop.framework.ReflectiveMethodInvocation.proceed(ReflectiveMethodInvocation.java:186)
	at org.springframework.aop.framework.CglibAopProxy$CglibMethodInvocation.proceed(CglibAopProxy.java:763)
	at org.springframework.aop.framework.CglibAopProxy$DynamicAdvisedInterceptor.intercept(CglibAopProxy.java:708)
	at cn.gzy.infrastructure.persistent.repository.ActivityRepository$$EnhancerBySpringCGLIB$$164dbd3e.updateOrder(<generated>)
	at cn.gzy.domain.activity.service.quota.RaffleActivityAccountQuotaService.updateOrder(RaffleActivityAccountQuotaService.java:97)
	at cn.gzy.trigger.listener.CreditAdjustSuccessCustomer.listener(CreditAdjustSuccessCustomer.java:45)
	at sun.reflect.NativeMethodAccessorImpl.invoke0(Native Method)
	at sun.reflect.NativeMethodAccessorImpl.invoke(NativeMethodAccessorImpl.java:62)
	at sun.reflect.DelegatingMethodAccessorImpl.invoke(DelegatingMethodAccessorImpl.java:43)
	at java.lang.reflect.Method.invoke(Method.java:498)
	at org.springframework.messaging.handler.invocation.InvocableHandlerMethod.doInvoke(InvocableHandlerMethod.java:169)
	at org.springframework.messaging.handler.invocation.InvocableHandlerMethod.invoke(InvocableHandlerMethod.java:119)
	at org.springframework.amqp.rabbit.listener.adapter.HandlerAdapter.invoke(HandlerAdapter.java:77)
	at org.springframework.amqp.rabbit.listener.adapter.MessagingMessageListenerAdapter.invokeHandler(MessagingMessageListenerAdapter.java:263)
	at org.springframework.amqp.rabbit.listener.adapter.MessagingMessageListenerAdapter.invokeHandlerAndProcessResult(MessagingMessageListenerAdapter.java:209)
	at org.springframework.amqp.rabbit.listener.adapter.MessagingMessageListenerAdapter.onMessage(MessagingMessageListenerAdapter.java:148)
	at org.springframework.amqp.rabbit.listener.AbstractMessageListenerContainer.doInvokeListener(AbstractMessageListenerContainer.java:1674)
	at org.springframework.amqp.rabbit.listener.AbstractMessageListenerContainer.actualInvokeListener(AbstractMessageListenerContainer.java:1593)
	at org.springframework.amqp.rabbit.listener.AbstractMessageListenerContainer.invokeListener(AbstractMessageListenerContainer.java:1581)
	at org.springframework.amqp.rabbit.listener.AbstractMessageListenerContainer.doExecuteListener(AbstractMessageListenerContainer.java:1572)
	at org.springframework.amqp.rabbit.listener.AbstractMessageListenerContainer.executeListener(AbstractMessageListenerContainer.java:1516)
	at org.springframework.amqp.rabbit.listener.SimpleMessageListenerContainer.doReceiveAndExecute(SimpleMessageListenerContainer.java:1001)
	at org.springframework.amqp.rabbit.listener.SimpleMessageListenerContainer.receiveAndExecute(SimpleMessageListenerContainer.java:948)
	at org.springframework.amqp.rabbit.listener.SimpleMessageListenerContainer.access$1600(SimpleMessageListenerContainer.java:86)
	at org.springframework.amqp.rabbit.listener.SimpleMessageListenerContainer$AsyncMessageProcessingConsumer.mainLoop(SimpleMessageListenerContainer.java:1326)
	at org.springframework.amqp.rabbit.listener.SimpleMessageListenerContainer$AsyncMessageProcessingConsumer.run(SimpleMessageListenerContainer.java:1232)
	at java.lang.Thread.run(Thread.java:748)
Caused by: java.sql.SQLIntegrityConstraintViolationException: Column 'user_id' cannot be null
	at com.mysql.cj.jdbc.exceptions.SQLError.createSQLException(SQLError.java:117)
	at com.mysql.cj.jdbc.exceptions.SQLError.createSQLException(SQLError.java:97)
	at com.mysql.cj.jdbc.exceptions.SQLExceptionsMapping.translateException(SQLExceptionsMapping.java:122)
	at com.mysql.cj.jdbc.ClientPreparedStatement.executeInternal(ClientPreparedStatement.java:953)
	at com.mysql.cj.jdbc.ClientPreparedStatement.execute(ClientPreparedStatement.java:370)
	at com.zaxxer.hikari.pool.ProxyPreparedStatement.execute(ProxyPreparedStatement.java:44)
	at com.zaxxer.hikari.pool.HikariProxyPreparedStatement.execute(HikariProxyPreparedStatement.java)
	at org.apache.ibatis.executor.statement.PreparedStatementHandler.update(PreparedStatementHandler.java:47)
	at org.apache.ibatis.executor.statement.RoutingStatementHandler.update(RoutingStatementHandler.java:74)
	at sun.reflect.NativeMethodAccessorImpl.invoke0(Native Method)
	at sun.reflect.NativeMethodAccessorImpl.invoke(NativeMethodAccessorImpl.java:62)
	at sun.reflect.DelegatingMethodAccessorImpl.invoke(DelegatingMethodAccessorImpl.java:43)
	at java.lang.reflect.Method.invoke(Method.java:498)
	at org.apache.ibatis.plugin.Plugin.invoke(Plugin.java:63)
	at com.sun.proxy.$Proxy185.update(Unknown Source)
	at org.apache.ibatis.executor.SimpleExecutor.doUpdate(SimpleExecutor.java:50)
	at org.apache.ibatis.executor.BaseExecutor.update(BaseExecutor.java:117)
	at org.apache.ibatis.executor.CachingExecutor.update(CachingExecutor.java:76)
	at org.apache.ibatis.session.defaults.DefaultSqlSession.update(DefaultSqlSession.java:197)
	at org.apache.ibatis.session.defaults.DefaultSqlSession.insert(DefaultSqlSession.java:184)
	at sun.reflect.NativeMethodAccessorImpl.invoke0(Native Method)
	at sun.reflect.NativeMethodAccessorImpl.invoke(NativeMethodAccessorImpl.java:62)
	at sun.reflect.DelegatingMethodAccessorImpl.invoke(DelegatingMethodAccessorImpl.java:43)
	at java.lang.reflect.Method.invoke(Method.java:498)
	at org.mybatis.spring.SqlSessionTemplate$SqlSessionInterceptor.invoke(SqlSessionTemplate.java:427)
	... 53 common frames omitted
26-05-11.10:15:07.435 [org.springframework.amqp.rabbit.RabbitListenerEndpointContainer#1-1] WARN  ConditionalRejectingErrorHandler - Execution of Rabbit message listener failed.
org.springframework.amqp.rabbit.support.ListenerExecutionFailedException: Listener method 'public void cn.gzy.trigger.listener.CreditAdjustSuccessCustomer.listener(java.lang.String)' threw exception
	at org.springframework.amqp.rabbit.listener.adapter.MessagingMessageListenerAdapter.invokeHandler(MessagingMessageListenerAdapter.java:272)
	at org.springframework.amqp.rabbit.listener.adapter.MessagingMessageListenerAdapter.invokeHandlerAndProcessResult(MessagingMessageListenerAdapter.java:209)
	at org.springframework.amqp.rabbit.listener.adapter.MessagingMessageListenerAdapter.onMessage(MessagingMessageListenerAdapter.java:148)
	at org.springframework.amqp.rabbit.listener.AbstractMessageListenerContainer.doInvokeListener(AbstractMessageListenerContainer.java:1674)
	at org.springframework.amqp.rabbit.listener.AbstractMessageListenerContainer.actualInvokeListener(AbstractMessageListenerContainer.java:1593)
	at org.springframework.amqp.rabbit.listener.AbstractMessageListenerContainer.invokeListener(AbstractMessageListenerContainer.java:1581)
	at org.springframework.amqp.rabbit.listener.AbstractMessageListenerContainer.doExecuteListener(AbstractMessageListenerContainer.java:1572)
	at org.springframework.amqp.rabbit.listener.AbstractMessageListenerContainer.executeListener(AbstractMessageListenerContainer.java:1516)
	at org.springframework.amqp.rabbit.listener.SimpleMessageListenerContainer.doReceiveAndExecute(SimpleMessageListenerContainer.java:1001)
	at org.springframework.amqp.rabbit.listener.SimpleMessageListenerContainer.receiveAndExecute(SimpleMessageListenerContainer.java:948)
	at org.springframework.amqp.rabbit.listener.SimpleMessageListenerContainer.access$1600(SimpleMessageListenerContainer.java:86)
	at org.springframework.amqp.rabbit.listener.SimpleMessageListenerContainer$AsyncMessageProcessingConsumer.mainLoop(SimpleMessageListenerContainer.java:1326)
	at org.springframework.amqp.rabbit.listener.SimpleMessageListenerContainer$AsyncMessageProcessingConsumer.run(SimpleMessageListenerContainer.java:1232)
	at java.lang.Thread.run(Thread.java:748)
Caused by: org.springframework.dao.DataIntegrityViolationException: 
### Error updating database.  Cause: java.sql.SQLIntegrityConstraintViolationException: Column 'user_id' cannot be null
### The error may exist in file [E:\project_java\big-market\big-market-app\target\classes\mybatis\mapper\raffle_activity_account_mapper.xml]
### The error may involve cn.gzy.infrastructure.persistent.dao.IRaffleActivityAccountDao.insert-Inline
### The error occurred while setting parameters
### SQL: insert into raffle_activity_account         (user_id, activity_id, total_count, total_count_surplus, day_count,          day_count_surplus, month_count, month_count_surplus, create_time, update_time)         values             (?, ?, ?, ?, ?,              ?, ?, ?, now(), now())
### Cause: java.sql.SQLIntegrityConstraintViolationException: Column 'user_id' cannot be null
; Column 'user_id' cannot be null; nested exception is java.sql.SQLIntegrityConstraintViolationException: Column 'user_id' cannot be null
	at org.springframework.jdbc.support.SQLExceptionSubclassTranslator.doTranslate(SQLExceptionSubclassTranslator.java:87)
	at org.springframework.jdbc.support.AbstractFallbackSQLExceptionTranslator.translate(AbstractFallbackSQLExceptionTranslator.java:70)
	at org.springframework.jdbc.support.AbstractFallbackSQLExceptionTranslator.translate(AbstractFallbackSQLExceptionTranslator.java:79)
	at org.mybatis.spring.MyBatisExceptionTranslator.translateExceptionIfPossible(MyBatisExceptionTranslator.java:91)
	at org.mybatis.spring.SqlSessionTemplate$SqlSessionInterceptor.invoke(SqlSessionTemplate.java:441)
	at com.sun.proxy.$Proxy109.insert(Unknown Source)
	at org.mybatis.spring.SqlSessionTemplate.insert(SqlSessionTemplate.java:272)
	at org.apache.ibatis.binding.MapperMethod.execute(MapperMethod.java:62)
	at org.apache.ibatis.binding.MapperProxy$PlainMethodInvoker.invoke(MapperProxy.java:152)
	at org.apache.ibatis.binding.MapperProxy.invoke(MapperProxy.java:85)
	at com.sun.proxy.$Proxy115.insert(Unknown Source)
	at sun.reflect.NativeMethodAccessorImpl.invoke0(Native Method)
	at sun.reflect.NativeMethodAccessorImpl.invoke(NativeMethodAccessorImpl.java:62)
	at sun.reflect.DelegatingMethodAccessorImpl.invoke(DelegatingMethodAccessorImpl.java:43)
	at java.lang.reflect.Method.invoke(Method.java:498)
	at org.springframework.aop.support.AopUtils.invokeJoinpointUsingReflection(AopUtils.java:344)
	at org.springframework.aop.framework.ReflectiveMethodInvocation.invokeJoinpoint(ReflectiveMethodInvocation.java:198)
	at org.springframework.aop.framework.ReflectiveMethodInvocation.proceed(ReflectiveMethodInvocation.java:163)
	at org.springframework.aop.interceptor.ExposeInvocationInterceptor.invoke(ExposeInvocationInterceptor.java:97)
	at org.springframework.aop.framework.ReflectiveMethodInvocation.proceed(ReflectiveMethodInvocation.java:186)
	at org.springframework.aop.framework.JdkDynamicAopProxy.invoke(JdkDynamicAopProxy.java:220)
	at com.sun.proxy.$Proxy116.insert(Unknown Source)
	at cn.gzy.infrastructure.persistent.repository.ActivityRepository.lambda$updateOrder$3(ActivityRepository.java:686)
	at org.springframework.transaction.support.TransactionTemplate.execute(TransactionTemplate.java:140)
	at cn.gzy.infrastructure.persistent.repository.ActivityRepository.updateOrder(ActivityRepository.java:675)
	at cn.gzy.infrastructure.persistent.repository.ActivityRepository$$FastClassBySpringCGLIB$$9abb50c6.invoke(<generated>)
	at org.springframework.cglib.proxy.MethodProxy.invoke(MethodProxy.java:218)
	at org.springframework.aop.framework.CglibAopProxy$CglibMethodInvocation.invokeJoinpoint(CglibAopProxy.java:793)
	at org.springframework.aop.framework.ReflectiveMethodInvocation.proceed(ReflectiveMethodInvocation.java:163)
	at org.springframework.aop.framework.CglibAopProxy$CglibMethodInvocation.proceed(CglibAopProxy.java:763)
	at org.springframework.dao.support.PersistenceExceptionTranslationInterceptor.invoke(PersistenceExceptionTranslationInterceptor.java:137)
	at org.springframework.aop.framework.ReflectiveMethodInvocation.proceed(ReflectiveMethodInvocation.java:186)
	at org.springframework.aop.framework.CglibAopProxy$CglibMethodInvocation.proceed(CglibAopProxy.java:763)
	at org.springframework.aop.framework.CglibAopProxy$DynamicAdvisedInterceptor.intercept(CglibAopProxy.java:708)
	at cn.gzy.infrastructure.persistent.repository.ActivityRepository$$EnhancerBySpringCGLIB$$164dbd3e.updateOrder(<generated>)
	at cn.gzy.domain.activity.service.quota.RaffleActivityAccountQuotaService.updateOrder(RaffleActivityAccountQuotaService.java:97)
	at cn.gzy.trigger.listener.CreditAdjustSuccessCustomer.listener(CreditAdjustSuccessCustomer.java:45)
	at sun.reflect.NativeMethodAccessorImpl.invoke0(Native Method)
	at sun.reflect.NativeMethodAccessorImpl.invoke(NativeMethodAccessorImpl.java:62)
	at sun.reflect.DelegatingMethodAccessorImpl.invoke(DelegatingMethodAccessorImpl.java:43)
	at java.lang.reflect.Method.invoke(Method.java:498)
	at org.springframework.messaging.handler.invocation.InvocableHandlerMethod.doInvoke(InvocableHandlerMethod.java:169)
	at org.springframework.messaging.handler.invocation.InvocableHandlerMethod.invoke(InvocableHandlerMethod.java:119)
	at org.springframework.amqp.rabbit.listener.adapter.HandlerAdapter.invoke(HandlerAdapter.java:77)
	at org.springframework.amqp.rabbit.listener.adapter.MessagingMessageListenerAdapter.invokeHandler(MessagingMessageListenerAdapter.java:263)
	... 13 common frames omitted
Caused by: java.sql.SQLIntegrityConstraintViolationException: Column 'user_id' cannot be null
	at com.mysql.cj.jdbc.exceptions.SQLError.createSQLException(SQLError.java:117)
	at com.mysql.cj.jdbc.exceptions.SQLError.createSQLException(SQLError.java:97)
	at com.mysql.cj.jdbc.exceptions.SQLExceptionsMapping.translateException(SQLExceptionsMapping.java:122)
	at com.mysql.cj.jdbc.ClientPreparedStatement.executeInternal(ClientPreparedStatement.java:953)
	at com.mysql.cj.jdbc.ClientPreparedStatement.execute(ClientPreparedStatement.java:370)
	at com.zaxxer.hikari.pool.ProxyPreparedStatement.execute(ProxyPreparedStatement.java:44)
	at com.zaxxer.hikari.pool.HikariProxyPreparedStatement.execute(HikariProxyPreparedStatement.java)
	at org.apache.ibatis.executor.statement.PreparedStatementHandler.update(PreparedStatementHandler.java:47)
	at org.apache.ibatis.executor.statement.RoutingStatementHandler.update(RoutingStatementHandler.java:74)
	at sun.reflect.NativeMethodAccessorImpl.invoke0(Native Method)
	at sun.reflect.NativeMethodAccessorImpl.invoke(NativeMethodAccessorImpl.java:62)
	at sun.reflect.DelegatingMethodAccessorImpl.invoke(DelegatingMethodAccessorImpl.java:43)
	at java.lang.reflect.Method.invoke(Method.java:498)
	at org.apache.ibatis.plugin.Plugin.invoke(Plugin.java:63)
	at com.sun.proxy.$Proxy185.update(Unknown Source)
	at org.apache.ibatis.executor.SimpleExecutor.doUpdate(SimpleExecutor.java:50)
	at org.apache.ibatis.executor.BaseExecutor.update(BaseExecutor.java:117)
	at org.apache.ibatis.executor.CachingExecutor.update(CachingExecutor.java:76)
	at org.apache.ibatis.session.defaults.DefaultSqlSession.update(DefaultSqlSession.java:197)
	at org.apache.ibatis.session.defaults.DefaultSqlSession.insert(DefaultSqlSession.java:184)
	at sun.reflect.NativeMethodAccessorImpl.invoke0(Native Method)
	at sun.reflect.NativeMethodAccessorImpl.invoke(NativeMethodAccessorImpl.java:62)
	at sun.reflect.DelegatingMethodAccessorImpl.invoke(DelegatingMethodAccessorImpl.java:43)
	at java.lang.reflect.Method.invoke(Method.java:498)
	at org.mybatis.spring.SqlSessionTemplate$SqlSessionInterceptor.invoke(SqlSessionTemplate.java:427)
	... 53 common frames omitted
26-05-11.10:18:34.572 [Retail_HikariCP housekeeper] WARN  HikariPool             - Retail_HikariCP - Thread starvation or clock leap detected (housekeeper delta=1m57s319ms605µs600ns).
26-05-11.10:18:34.572 [Retail_HikariCP housekeeper] WARN  HikariPool             - Retail_HikariCP - Thread starvation or clock leap detected (housekeeper delta=1m57s319ms720µs200ns).
26-05-11.10:18:35.325 [org.springframework.amqp.rabbit.RabbitListenerEndpointContainer#1-1] ERROR CreditAdjustSuccessCustomer - 监听积分账户调整成功消息，进行交易商品发货失败 topic: credit_adjust_success message: {"data":{"amount":-1.68,"orderId":"849555347552","outBusinessNo":"700091009200","userId":"xiaofuge"},"id":"36319250145","timestamp":1778465143977}
java.lang.IllegalMonitorStateException: attempt to unlock lock, not locked by current thread by node id: 20aeeb9e-385e-453f-9754-768463892067 thread-id: 49
	at org.redisson.RedissonBaseLock.lambda$unlockAsync0$2(RedissonBaseLock.java:290)
	at java.util.concurrent.CompletableFuture.uniHandle(CompletableFuture.java:822)
	at java.util.concurrent.CompletableFuture$UniHandle.tryFire(CompletableFuture.java:797)
	at java.util.concurrent.CompletableFuture.postComplete(CompletableFuture.java:474)
	at java.util.concurrent.CompletableFuture.complete(CompletableFuture.java:1962)
	at org.redisson.command.CommandBatchService.lambda$executeAsync$7(CommandBatchService.java:362)
	at java.util.concurrent.CompletableFuture.uniWhenComplete(CompletableFuture.java:760)
	at java.util.concurrent.CompletableFuture$UniWhenComplete.tryFire(CompletableFuture.java:736)
	at java.util.concurrent.CompletableFuture.postComplete(CompletableFuture.java:474)
	at java.util.concurrent.CompletableFuture.complete(CompletableFuture.java:1962)
	at org.redisson.command.CommandBatchService.lambda$execute$9(CommandBatchService.java:471)
	at java.util.concurrent.CompletableFuture.uniWhenComplete(CompletableFuture.java:760)
	at java.util.concurrent.CompletableFuture$UniWhenComplete.tryFire(CompletableFuture.java:736)
	at java.util.concurrent.CompletableFuture.postComplete(CompletableFuture.java:474)
	at java.util.concurrent.CompletableFuture.complete(CompletableFuture.java:1962)
	at org.redisson.command.RedisCommonBatchExecutor.handleResult(RedisCommonBatchExecutor.java:164)
	at org.redisson.command.RedisExecutor.checkAttemptPromise(RedisExecutor.java:553)
	at org.redisson.command.RedisExecutor.lambda$execute$5(RedisExecutor.java:195)
	at java.util.concurrent.CompletableFuture.uniWhenComplete(CompletableFuture.java:760)
	at java.util.concurrent.CompletableFuture$UniWhenComplete.tryFire(CompletableFuture.java:736)
	at java.util.concurrent.CompletableFuture.postComplete(CompletableFuture.java:474)
	at java.util.concurrent.CompletableFuture.complete(CompletableFuture.java:1962)
	at org.redisson.client.handler.CommandDecoder.decodeCommandBatch(CommandDecoder.java:326)
	at org.redisson.client.handler.CommandDecoder.decodeCommand(CommandDecoder.java:217)
	at org.redisson.client.handler.CommandDecoder.decode(CommandDecoder.java:144)
	at org.redisson.client.handler.CommandDecoder.decode(CommandDecoder.java:120)
	at io.netty.handler.codec.ByteToMessageDecoder.decodeRemovalReentryProtection(ByteToMessageDecoder.java:529)
	at io.netty.handler.codec.ReplayingDecoder.callDecode(ReplayingDecoder.java:366)
	at io.netty.handler.codec.ByteToMessageDecoder.channelRead(ByteToMessageDecoder.java:290)
	at io.netty.channel.AbstractChannelHandlerContext.invokeChannelRead(AbstractChannelHandlerContext.java:444)
	at io.netty.channel.AbstractChannelHandlerContext.invokeChannelRead(AbstractChannelHandlerContext.java:420)
	at io.netty.channel.AbstractChannelHandlerContext.fireChannelRead(AbstractChannelHandlerContext.java:412)
	at io.netty.channel.DefaultChannelPipeline$HeadContext.channelRead(DefaultChannelPipeline.java:1410)
	at io.netty.channel.AbstractChannelHandlerContext.invokeChannelRead(AbstractChannelHandlerContext.java:440)
	at io.netty.channel.AbstractChannelHandlerContext.invokeChannelRead(AbstractChannelHandlerContext.java:420)
	at io.netty.channel.DefaultChannelPipeline.fireChannelRead(DefaultChannelPipeline.java:919)
	at io.netty.channel.nio.AbstractNioByteChannel$NioByteUnsafe.read(AbstractNioByteChannel.java:166)
	at io.netty.channel.nio.NioEventLoop.processSelectedKey(NioEventLoop.java:788)
	at io.netty.channel.nio.NioEventLoop.processSelectedKeysOptimized(NioEventLoop.java:724)
	at io.netty.channel.nio.NioEventLoop.processSelectedKeys(NioEventLoop.java:650)
	at io.netty.channel.nio.NioEventLoop.run(NioEventLoop.java:562)
	at io.netty.util.concurrent.SingleThreadEventExecutor$4.run(SingleThreadEventExecutor.java:997)
	at io.netty.util.internal.ThreadExecutorMap$2.run(ThreadExecutorMap.java:74)
	at io.netty.util.concurrent.FastThreadLocalRunnable.run(FastThreadLocalRunnable.java:30)
	at java.lang.Thread.run(Thread.java:748)
26-05-11.10:18:35.326 [org.springframework.amqp.rabbit.RabbitListenerEndpointContainer#1-1] WARN  ConditionalRejectingErrorHandler - Execution of Rabbit message listener failed.
org.springframework.amqp.rabbit.support.ListenerExecutionFailedException: Listener method 'public void cn.gzy.trigger.listener.CreditAdjustSuccessCustomer.listener(java.lang.String)' threw exception
	at org.springframework.amqp.rabbit.listener.adapter.MessagingMessageListenerAdapter.invokeHandler(MessagingMessageListenerAdapter.java:272)
	at org.springframework.amqp.rabbit.listener.adapter.MessagingMessageListenerAdapter.invokeHandlerAndProcessResult(MessagingMessageListenerAdapter.java:209)
	at org.springframework.amqp.rabbit.listener.adapter.MessagingMessageListenerAdapter.onMessage(MessagingMessageListenerAdapter.java:148)
	at org.springframework.amqp.rabbit.listener.AbstractMessageListenerContainer.doInvokeListener(AbstractMessageListenerContainer.java:1674)
	at org.springframework.amqp.rabbit.listener.AbstractMessageListenerContainer.actualInvokeListener(AbstractMessageListenerContainer.java:1593)
	at org.springframework.amqp.rabbit.listener.AbstractMessageListenerContainer.invokeListener(AbstractMessageListenerContainer.java:1581)
	at org.springframework.amqp.rabbit.listener.AbstractMessageListenerContainer.doExecuteListener(AbstractMessageListenerContainer.java:1572)
	at org.springframework.amqp.rabbit.listener.AbstractMessageListenerContainer.executeListener(AbstractMessageListenerContainer.java:1516)
	at org.springframework.amqp.rabbit.listener.SimpleMessageListenerContainer.doReceiveAndExecute(SimpleMessageListenerContainer.java:1001)
	at org.springframework.amqp.rabbit.listener.SimpleMessageListenerContainer.receiveAndExecute(SimpleMessageListenerContainer.java:948)
	at org.springframework.amqp.rabbit.listener.SimpleMessageListenerContainer.access$1600(SimpleMessageListenerContainer.java:86)
	at org.springframework.amqp.rabbit.listener.SimpleMessageListenerContainer$AsyncMessageProcessingConsumer.mainLoop(SimpleMessageListenerContainer.java:1326)
	at org.springframework.amqp.rabbit.listener.SimpleMessageListenerContainer$AsyncMessageProcessingConsumer.run(SimpleMessageListenerContainer.java:1232)
	at java.lang.Thread.run(Thread.java:748)
Caused by: java.lang.IllegalMonitorStateException: attempt to unlock lock, not locked by current thread by node id: 20aeeb9e-385e-453f-9754-768463892067 thread-id: 49
	at org.redisson.RedissonBaseLock.lambda$unlockAsync0$2(RedissonBaseLock.java:290)
	at java.util.concurrent.CompletableFuture.uniHandle(CompletableFuture.java:822)
	at java.util.concurrent.CompletableFuture$UniHandle.tryFire(CompletableFuture.java:797)
	at java.util.concurrent.CompletableFuture.postComplete(CompletableFuture.java:474)
	at java.util.concurrent.CompletableFuture.complete(CompletableFuture.java:1962)
	at org.redisson.command.CommandBatchService.lambda$executeAsync$7(CommandBatchService.java:362)
	at java.util.concurrent.CompletableFuture.uniWhenComplete(CompletableFuture.java:760)
	at java.util.concurrent.CompletableFuture$UniWhenComplete.tryFire(CompletableFuture.java:736)
	at java.util.concurrent.CompletableFuture.postComplete(CompletableFuture.java:474)
	at java.util.concurrent.CompletableFuture.complete(CompletableFuture.java:1962)
	at org.redisson.command.CommandBatchService.lambda$execute$9(CommandBatchService.java:471)
	at java.util.concurrent.CompletableFuture.uniWhenComplete(CompletableFuture.java:760)
	at java.util.concurrent.CompletableFuture$UniWhenComplete.tryFire(CompletableFuture.java:736)
	at java.util.concurrent.CompletableFuture.postComplete(CompletableFuture.java:474)
	at java.util.concurrent.CompletableFuture.complete(CompletableFuture.java:1962)
	at org.redisson.command.RedisCommonBatchExecutor.handleResult(RedisCommonBatchExecutor.java:164)
	at org.redisson.command.RedisExecutor.checkAttemptPromise(RedisExecutor.java:553)
	at org.redisson.command.RedisExecutor.lambda$execute$5(RedisExecutor.java:195)
	at java.util.concurrent.CompletableFuture.uniWhenComplete(CompletableFuture.java:760)
	at java.util.concurrent.CompletableFuture$UniWhenComplete.tryFire(CompletableFuture.java:736)
	at java.util.concurrent.CompletableFuture.postComplete(CompletableFuture.java:474)
	at java.util.concurrent.CompletableFuture.complete(CompletableFuture.java:1962)
	at org.redisson.client.handler.CommandDecoder.decodeCommandBatch(CommandDecoder.java:326)
	at org.redisson.client.handler.CommandDecoder.decodeCommand(CommandDecoder.java:217)
	at org.redisson.client.handler.CommandDecoder.decode(CommandDecoder.java:144)
	at org.redisson.client.handler.CommandDecoder.decode(CommandDecoder.java:120)
	at io.netty.handler.codec.ByteToMessageDecoder.decodeRemovalReentryProtection(ByteToMessageDecoder.java:529)
	at io.netty.handler.codec.ReplayingDecoder.callDecode(ReplayingDecoder.java:366)
	at io.netty.handler.codec.ByteToMessageDecoder.channelRead(ByteToMessageDecoder.java:290)
	at io.netty.channel.AbstractChannelHandlerContext.invokeChannelRead(AbstractChannelHandlerContext.java:444)
	at io.netty.channel.AbstractChannelHandlerContext.invokeChannelRead(AbstractChannelHandlerContext.java:420)
	at io.netty.channel.AbstractChannelHandlerContext.fireChannelRead(AbstractChannelHandlerContext.java:412)
	at io.netty.channel.DefaultChannelPipeline$HeadContext.channelRead(DefaultChannelPipeline.java:1410)
	at io.netty.channel.AbstractChannelHandlerContext.invokeChannelRead(AbstractChannelHandlerContext.java:440)
	at io.netty.channel.AbstractChannelHandlerContext.invokeChannelRead(AbstractChannelHandlerContext.java:420)
	at io.netty.channel.DefaultChannelPipeline.fireChannelRead(DefaultChannelPipeline.java:919)
	at io.netty.channel.nio.AbstractNioByteChannel$NioByteUnsafe.read(AbstractNioByteChannel.java:166)
	at io.netty.channel.nio.NioEventLoop.processSelectedKey(NioEventLoop.java:788)
	at io.netty.channel.nio.NioEventLoop.processSelectedKeysOptimized(NioEventLoop.java:724)
	at io.netty.channel.nio.NioEventLoop.processSelectedKeys(NioEventLoop.java:650)
	at io.netty.channel.nio.NioEventLoop.run(NioEventLoop.java:562)
	at io.netty.util.concurrent.SingleThreadEventExecutor$4.run(SingleThreadEventExecutor.java:997)
	at io.netty.util.internal.ThreadExecutorMap$2.run(ThreadExecutorMap.java:74)
	at io.netty.util.concurrent.FastThreadLocalRunnable.run(FastThreadLocalRunnable.java:30)
	... 1 common frames omitted
26-05-11.10:19:42.187 [org.springframework.amqp.rabbit.RabbitListenerEndpointContainer#1-1] ERROR CreditAdjustSuccessCustomer - 监听积分账户调整成功消息，进行交易商品发货失败 topic: credit_adjust_success message: {"data":{"amount":-1.68,"orderId":"849555347552","outBusinessNo":"700091009200","userId":"xiaofuge"},"id":"36319250145","timestamp":1778465143977}
org.springframework.dao.DataIntegrityViolationException: 
### Error updating database.  Cause: java.sql.SQLIntegrityConstraintViolationException: Column 'total_count' cannot be null
### The error may exist in file [E:\project_java\big-market\big-market-app\target\classes\mybatis\mapper\raffle_activity_account_mapper.xml]
### The error may involve cn.gzy.infrastructure.persistent.dao.IRaffleActivityAccountDao.updateAccountQuota-Inline
### The error occurred while setting parameters
### SQL: update raffle_activity_account         set             total_count = total_count + ?,             total_count_surplus = total_count_surplus + ?,             day_count_surplus = day_count_surplus + ?,             day_count = day_count + ?,             month_count_surplus = month_count_surplus + ?,             month_count = month_count + ?,             update_time = now()         where user_id = ? and activity_id = ?
### Cause: java.sql.SQLIntegrityConstraintViolationException: Column 'total_count' cannot be null
; Column 'total_count' cannot be null; nested exception is java.sql.SQLIntegrityConstraintViolationException: Column 'total_count' cannot be null
	at org.springframework.jdbc.support.SQLExceptionSubclassTranslator.doTranslate(SQLExceptionSubclassTranslator.java:87)
	at org.springframework.jdbc.support.AbstractFallbackSQLExceptionTranslator.translate(AbstractFallbackSQLExceptionTranslator.java:70)
	at org.springframework.jdbc.support.AbstractFallbackSQLExceptionTranslator.translate(AbstractFallbackSQLExceptionTranslator.java:79)
	at org.mybatis.spring.MyBatisExceptionTranslator.translateExceptionIfPossible(MyBatisExceptionTranslator.java:91)
	at org.mybatis.spring.SqlSessionTemplate$SqlSessionInterceptor.invoke(SqlSessionTemplate.java:441)
	at com.sun.proxy.$Proxy109.update(Unknown Source)
	at org.mybatis.spring.SqlSessionTemplate.update(SqlSessionTemplate.java:288)
	at org.apache.ibatis.binding.MapperMethod.execute(MapperMethod.java:67)
	at org.apache.ibatis.binding.MapperProxy$PlainMethodInvoker.invoke(MapperProxy.java:152)
	at org.apache.ibatis.binding.MapperProxy.invoke(MapperProxy.java:85)
	at com.sun.proxy.$Proxy115.updateAccountQuota(Unknown Source)
	at sun.reflect.NativeMethodAccessorImpl.invoke0(Native Method)
	at sun.reflect.NativeMethodAccessorImpl.invoke(NativeMethodAccessorImpl.java:62)
	at sun.reflect.DelegatingMethodAccessorImpl.invoke(DelegatingMethodAccessorImpl.java:43)
	at java.lang.reflect.Method.invoke(Method.java:498)
	at org.springframework.aop.support.AopUtils.invokeJoinpointUsingReflection(AopUtils.java:344)
	at org.springframework.aop.framework.ReflectiveMethodInvocation.invokeJoinpoint(ReflectiveMethodInvocation.java:198)
	at org.springframework.aop.framework.ReflectiveMethodInvocation.proceed(ReflectiveMethodInvocation.java:163)
	at org.springframework.aop.interceptor.ExposeInvocationInterceptor.invoke(ExposeInvocationInterceptor.java:97)
	at org.springframework.aop.framework.ReflectiveMethodInvocation.proceed(ReflectiveMethodInvocation.java:186)
	at org.springframework.aop.framework.JdkDynamicAopProxy.invoke(JdkDynamicAopProxy.java:220)
	at com.sun.proxy.$Proxy116.updateAccountQuota(Unknown Source)
	at cn.gzy.infrastructure.persistent.repository.ActivityRepository.lambda$updateOrder$3(ActivityRepository.java:688)
	at org.springframework.transaction.support.TransactionTemplate.execute(TransactionTemplate.java:140)
	at cn.gzy.infrastructure.persistent.repository.ActivityRepository.updateOrder(ActivityRepository.java:675)
	at cn.gzy.infrastructure.persistent.repository.ActivityRepository$$FastClassBySpringCGLIB$$9abb50c6.invoke(<generated>)
	at org.springframework.cglib.proxy.MethodProxy.invoke(MethodProxy.java:218)
	at org.springframework.aop.framework.CglibAopProxy$CglibMethodInvocation.invokeJoinpoint(CglibAopProxy.java:793)
	at org.springframework.aop.framework.ReflectiveMethodInvocation.proceed(ReflectiveMethodInvocation.java:163)
	at org.springframework.aop.framework.CglibAopProxy$CglibMethodInvocation.proceed(CglibAopProxy.java:763)
	at org.springframework.dao.support.PersistenceExceptionTranslationInterceptor.invoke(PersistenceExceptionTranslationInterceptor.java:137)
	at org.springframework.aop.framework.ReflectiveMethodInvocation.proceed(ReflectiveMethodInvocation.java:186)
	at org.springframework.aop.framework.CglibAopProxy$CglibMethodInvocation.proceed(CglibAopProxy.java:763)
	at org.springframework.aop.framework.CglibAopProxy$DynamicAdvisedInterceptor.intercept(CglibAopProxy.java:708)
	at cn.gzy.infrastructure.persistent.repository.ActivityRepository$$EnhancerBySpringCGLIB$$d40f7c36.updateOrder(<generated>)
	at cn.gzy.domain.activity.service.quota.RaffleActivityAccountQuotaService.updateOrder(RaffleActivityAccountQuotaService.java:97)
	at cn.gzy.trigger.listener.CreditAdjustSuccessCustomer.listener(CreditAdjustSuccessCustomer.java:45)
	at sun.reflect.NativeMethodAccessorImpl.invoke0(Native Method)
	at sun.reflect.NativeMethodAccessorImpl.invoke(NativeMethodAccessorImpl.java:62)
	at sun.reflect.DelegatingMethodAccessorImpl.invoke(DelegatingMethodAccessorImpl.java:43)
	at java.lang.reflect.Method.invoke(Method.java:498)
	at org.springframework.messaging.handler.invocation.InvocableHandlerMethod.doInvoke(InvocableHandlerMethod.java:169)
	at org.springframework.messaging.handler.invocation.InvocableHandlerMethod.invoke(InvocableHandlerMethod.java:119)
	at org.springframework.amqp.rabbit.listener.adapter.HandlerAdapter.invoke(HandlerAdapter.java:77)
	at org.springframework.amqp.rabbit.listener.adapter.MessagingMessageListenerAdapter.invokeHandler(MessagingMessageListenerAdapter.java:263)
	at org.springframework.amqp.rabbit.listener.adapter.MessagingMessageListenerAdapter.invokeHandlerAndProcessResult(MessagingMessageListenerAdapter.java:209)
	at org.springframework.amqp.rabbit.listener.adapter.MessagingMessageListenerAdapter.onMessage(MessagingMessageListenerAdapter.java:148)
	at org.springframework.amqp.rabbit.listener.AbstractMessageListenerContainer.doInvokeListener(AbstractMessageListenerContainer.java:1674)
	at org.springframework.amqp.rabbit.listener.AbstractMessageListenerContainer.actualInvokeListener(AbstractMessageListenerContainer.java:1593)
	at org.springframework.amqp.rabbit.listener.AbstractMessageListenerContainer.invokeListener(AbstractMessageListenerContainer.java:1581)
	at org.springframework.amqp.rabbit.listener.AbstractMessageListenerContainer.doExecuteListener(AbstractMessageListenerContainer.java:1572)
	at org.springframework.amqp.rabbit.listener.AbstractMessageListenerContainer.executeListener(AbstractMessageListenerContainer.java:1516)
	at org.springframework.amqp.rabbit.listener.SimpleMessageListenerContainer.doReceiveAndExecute(SimpleMessageListenerContainer.java:1001)
	at org.springframework.amqp.rabbit.listener.SimpleMessageListenerContainer.receiveAndExecute(SimpleMessageListenerContainer.java:948)
	at org.springframework.amqp.rabbit.listener.SimpleMessageListenerContainer.access$1600(SimpleMessageListenerContainer.java:86)
	at org.springframework.amqp.rabbit.listener.SimpleMessageListenerContainer$AsyncMessageProcessingConsumer.mainLoop(SimpleMessageListenerContainer.java:1326)
	at org.springframework.amqp.rabbit.listener.SimpleMessageListenerContainer$AsyncMessageProcessingConsumer.run(SimpleMessageListenerContainer.java:1232)
	at java.lang.Thread.run(Thread.java:748)
Caused by: java.sql.SQLIntegrityConstraintViolationException: Column 'total_count' cannot be null
	at com.mysql.cj.jdbc.exceptions.SQLError.createSQLException(SQLError.java:117)
	at com.mysql.cj.jdbc.exceptions.SQLError.createSQLException(SQLError.java:97)
	at com.mysql.cj.jdbc.exceptions.SQLExceptionsMapping.translateException(SQLExceptionsMapping.java:122)
	at com.mysql.cj.jdbc.ClientPreparedStatement.executeInternal(ClientPreparedStatement.java:953)
	at com.mysql.cj.jdbc.ClientPreparedStatement.execute(ClientPreparedStatement.java:370)
	at com.zaxxer.hikari.pool.ProxyPreparedStatement.execute(ProxyPreparedStatement.java:44)
	at com.zaxxer.hikari.pool.HikariProxyPreparedStatement.execute(HikariProxyPreparedStatement.java)
	at org.apache.ibatis.executor.statement.PreparedStatementHandler.update(PreparedStatementHandler.java:47)
	at org.apache.ibatis.executor.statement.RoutingStatementHandler.update(RoutingStatementHandler.java:74)
	at sun.reflect.NativeMethodAccessorImpl.invoke0(Native Method)
	at sun.reflect.NativeMethodAccessorImpl.invoke(NativeMethodAccessorImpl.java:62)
	at sun.reflect.DelegatingMethodAccessorImpl.invoke(DelegatingMethodAccessorImpl.java:43)
	at java.lang.reflect.Method.invoke(Method.java:498)
	at org.apache.ibatis.plugin.Plugin.invoke(Plugin.java:63)
	at com.sun.proxy.$Proxy184.update(Unknown Source)
	at org.apache.ibatis.executor.SimpleExecutor.doUpdate(SimpleExecutor.java:50)
	at org.apache.ibatis.executor.BaseExecutor.update(BaseExecutor.java:117)
	at org.apache.ibatis.executor.CachingExecutor.update(CachingExecutor.java:76)
	at org.apache.ibatis.session.defaults.DefaultSqlSession.update(DefaultSqlSession.java:197)
	at sun.reflect.NativeMethodAccessorImpl.invoke0(Native Method)
	at sun.reflect.NativeMethodAccessorImpl.invoke(NativeMethodAccessorImpl.java:62)
	at sun.reflect.DelegatingMethodAccessorImpl.invoke(DelegatingMethodAccessorImpl.java:43)
	at java.lang.reflect.Method.invoke(Method.java:498)
	at org.mybatis.spring.SqlSessionTemplate$SqlSessionInterceptor.invoke(SqlSessionTemplate.java:427)
	... 53 common frames omitted
26-05-11.10:19:42.188 [org.springframework.amqp.rabbit.RabbitListenerEndpointContainer#1-1] WARN  ConditionalRejectingErrorHandler - Execution of Rabbit message listener failed.
org.springframework.amqp.rabbit.support.ListenerExecutionFailedException: Listener method 'public void cn.gzy.trigger.listener.CreditAdjustSuccessCustomer.listener(java.lang.String)' threw exception
	at org.springframework.amqp.rabbit.listener.adapter.MessagingMessageListenerAdapter.invokeHandler(MessagingMessageListenerAdapter.java:272)
	at org.springframework.amqp.rabbit.listener.adapter.MessagingMessageListenerAdapter.invokeHandlerAndProcessResult(MessagingMessageListenerAdapter.java:209)
	at org.springframework.amqp.rabbit.listener.adapter.MessagingMessageListenerAdapter.onMessage(MessagingMessageListenerAdapter.java:148)
	at org.springframework.amqp.rabbit.listener.AbstractMessageListenerContainer.doInvokeListener(AbstractMessageListenerContainer.java:1674)
	at org.springframework.amqp.rabbit.listener.AbstractMessageListenerContainer.actualInvokeListener(AbstractMessageListenerContainer.java:1593)
	at org.springframework.amqp.rabbit.listener.AbstractMessageListenerContainer.invokeListener(AbstractMessageListenerContainer.java:1581)
	at org.springframework.amqp.rabbit.listener.AbstractMessageListenerContainer.doExecuteListener(AbstractMessageListenerContainer.java:1572)
	at org.springframework.amqp.rabbit.listener.AbstractMessageListenerContainer.executeListener(AbstractMessageListenerContainer.java:1516)
	at org.springframework.amqp.rabbit.listener.SimpleMessageListenerContainer.doReceiveAndExecute(SimpleMessageListenerContainer.java:1001)
	at org.springframework.amqp.rabbit.listener.SimpleMessageListenerContainer.receiveAndExecute(SimpleMessageListenerContainer.java:948)
	at org.springframework.amqp.rabbit.listener.SimpleMessageListenerContainer.access$1600(SimpleMessageListenerContainer.java:86)
	at org.springframework.amqp.rabbit.listener.SimpleMessageListenerContainer$AsyncMessageProcessingConsumer.mainLoop(SimpleMessageListenerContainer.java:1326)
	at org.springframework.amqp.rabbit.listener.SimpleMessageListenerContainer$AsyncMessageProcessingConsumer.run(SimpleMessageListenerContainer.java:1232)
	at java.lang.Thread.run(Thread.java:748)
Caused by: org.springframework.dao.DataIntegrityViolationException: 
### Error updating database.  Cause: java.sql.SQLIntegrityConstraintViolationException: Column 'total_count' cannot be null
### The error may exist in file [E:\project_java\big-market\big-market-app\target\classes\mybatis\mapper\raffle_activity_account_mapper.xml]
### The error may involve cn.gzy.infrastructure.persistent.dao.IRaffleActivityAccountDao.updateAccountQuota-Inline
### The error occurred while setting parameters
### SQL: update raffle_activity_account         set             total_count = total_count + ?,             total_count_surplus = total_count_surplus + ?,             day_count_surplus = day_count_surplus + ?,             day_count = day_count + ?,             month_count_surplus = month_count_surplus + ?,             month_count = month_count + ?,             update_time = now()         where user_id = ? and activity_id = ?
### Cause: java.sql.SQLIntegrityConstraintViolationException: Column 'total_count' cannot be null
; Column 'total_count' cannot be null; nested exception is java.sql.SQLIntegrityConstraintViolationException: Column 'total_count' cannot be null
	at org.springframework.jdbc.support.SQLExceptionSubclassTranslator.doTranslate(SQLExceptionSubclassTranslator.java:87)
	at org.springframework.jdbc.support.AbstractFallbackSQLExceptionTranslator.translate(AbstractFallbackSQLExceptionTranslator.java:70)
	at org.springframework.jdbc.support.AbstractFallbackSQLExceptionTranslator.translate(AbstractFallbackSQLExceptionTranslator.java:79)
	at org.mybatis.spring.MyBatisExceptionTranslator.translateExceptionIfPossible(MyBatisExceptionTranslator.java:91)
	at org.mybatis.spring.SqlSessionTemplate$SqlSessionInterceptor.invoke(SqlSessionTemplate.java:441)
	at com.sun.proxy.$Proxy109.update(Unknown Source)
	at org.mybatis.spring.SqlSessionTemplate.update(SqlSessionTemplate.java:288)
	at org.apache.ibatis.binding.MapperMethod.execute(MapperMethod.java:67)
	at org.apache.ibatis.binding.MapperProxy$PlainMethodInvoker.invoke(MapperProxy.java:152)
	at org.apache.ibatis.binding.MapperProxy.invoke(MapperProxy.java:85)
	at com.sun.proxy.$Proxy115.updateAccountQuota(Unknown Source)
	at sun.reflect.NativeMethodAccessorImpl.invoke0(Native Method)
	at sun.reflect.NativeMethodAccessorImpl.invoke(NativeMethodAccessorImpl.java:62)
	at sun.reflect.DelegatingMethodAccessorImpl.invoke(DelegatingMethodAccessorImpl.java:43)
	at java.lang.reflect.Method.invoke(Method.java:498)
	at org.springframework.aop.support.AopUtils.invokeJoinpointUsingReflection(AopUtils.java:344)
	at org.springframework.aop.framework.ReflectiveMethodInvocation.invokeJoinpoint(ReflectiveMethodInvocation.java:198)
	at org.springframework.aop.framework.ReflectiveMethodInvocation.proceed(ReflectiveMethodInvocation.java:163)
	at org.springframework.aop.interceptor.ExposeInvocationInterceptor.invoke(ExposeInvocationInterceptor.java:97)
	at org.springframework.aop.framework.ReflectiveMethodInvocation.proceed(ReflectiveMethodInvocation.java:186)
	at org.springframework.aop.framework.JdkDynamicAopProxy.invoke(JdkDynamicAopProxy.java:220)
	at com.sun.proxy.$Proxy116.updateAccountQuota(Unknown Source)
	at cn.gzy.infrastructure.persistent.repository.ActivityRepository.lambda$updateOrder$3(ActivityRepository.java:688)
	at org.springframework.transaction.support.TransactionTemplate.execute(TransactionTemplate.java:140)
	at cn.gzy.infrastructure.persistent.repository.ActivityRepository.updateOrder(ActivityRepository.java:675)
	at cn.gzy.infrastructure.persistent.repository.ActivityRepository$$FastClassBySpringCGLIB$$9abb50c6.invoke(<generated>)
	at org.springframework.cglib.proxy.MethodProxy.invoke(MethodProxy.java:218)
	at org.springframework.aop.framework.CglibAopProxy$CglibMethodInvocation.invokeJoinpoint(CglibAopProxy.java:793)
	at org.springframework.aop.framework.ReflectiveMethodInvocation.proceed(ReflectiveMethodInvocation.java:163)
	at org.springframework.aop.framework.CglibAopProxy$CglibMethodInvocation.proceed(CglibAopProxy.java:763)
	at org.springframework.dao.support.PersistenceExceptionTranslationInterceptor.invoke(PersistenceExceptionTranslationInterceptor.java:137)
	at org.springframework.aop.framework.ReflectiveMethodInvocation.proceed(ReflectiveMethodInvocation.java:186)
	at org.springframework.aop.framework.CglibAopProxy$CglibMethodInvocation.proceed(CglibAopProxy.java:763)
	at org.springframework.aop.framework.CglibAopProxy$DynamicAdvisedInterceptor.intercept(CglibAopProxy.java:708)
	at cn.gzy.infrastructure.persistent.repository.ActivityRepository$$EnhancerBySpringCGLIB$$d40f7c36.updateOrder(<generated>)
	at cn.gzy.domain.activity.service.quota.RaffleActivityAccountQuotaService.updateOrder(RaffleActivityAccountQuotaService.java:97)
	at cn.gzy.trigger.listener.CreditAdjustSuccessCustomer.listener(CreditAdjustSuccessCustomer.java:45)
	at sun.reflect.NativeMethodAccessorImpl.invoke0(Native Method)
	at sun.reflect.NativeMethodAccessorImpl.invoke(NativeMethodAccessorImpl.java:62)
	at sun.reflect.DelegatingMethodAccessorImpl.invoke(DelegatingMethodAccessorImpl.java:43)
	at java.lang.reflect.Method.invoke(Method.java:498)
	at org.springframework.messaging.handler.invocation.InvocableHandlerMethod.doInvoke(InvocableHandlerMethod.java:169)
	at org.springframework.messaging.handler.invocation.InvocableHandlerMethod.invoke(InvocableHandlerMethod.java:119)
	at org.springframework.amqp.rabbit.listener.adapter.HandlerAdapter.invoke(HandlerAdapter.java:77)
	at org.springframework.amqp.rabbit.listener.adapter.MessagingMessageListenerAdapter.invokeHandler(MessagingMessageListenerAdapter.java:263)
	... 13 common frames omitted
Caused by: java.sql.SQLIntegrityConstraintViolationException: Column 'total_count' cannot be null
	at com.mysql.cj.jdbc.exceptions.SQLError.createSQLException(SQLError.java:117)
	at com.mysql.cj.jdbc.exceptions.SQLError.createSQLException(SQLError.java:97)
	at com.mysql.cj.jdbc.exceptions.SQLExceptionsMapping.translateException(SQLExceptionsMapping.java:122)
	at com.mysql.cj.jdbc.ClientPreparedStatement.executeInternal(ClientPreparedStatement.java:953)
	at com.mysql.cj.jdbc.ClientPreparedStatement.execute(ClientPreparedStatement.java:370)
	at com.zaxxer.hikari.pool.ProxyPreparedStatement.execute(ProxyPreparedStatement.java:44)
	at com.zaxxer.hikari.pool.HikariProxyPreparedStatement.execute(HikariProxyPreparedStatement.java)
	at org.apache.ibatis.executor.statement.PreparedStatementHandler.update(PreparedStatementHandler.java:47)
	at org.apache.ibatis.executor.statement.RoutingStatementHandler.update(RoutingStatementHandler.java:74)
	at sun.reflect.NativeMethodAccessorImpl.invoke0(Native Method)
	at sun.reflect.NativeMethodAccessorImpl.invoke(NativeMethodAccessorImpl.java:62)
	at sun.reflect.DelegatingMethodAccessorImpl.invoke(DelegatingMethodAccessorImpl.java:43)
	at java.lang.reflect.Method.invoke(Method.java:498)
	at org.apache.ibatis.plugin.Plugin.invoke(Plugin.java:63)
	at com.sun.proxy.$Proxy184.update(Unknown Source)
	at org.apache.ibatis.executor.SimpleExecutor.doUpdate(SimpleExecutor.java:50)
	at org.apache.ibatis.executor.BaseExecutor.update(BaseExecutor.java:117)
	at org.apache.ibatis.executor.CachingExecutor.update(CachingExecutor.java:76)
	at org.apache.ibatis.session.defaults.DefaultSqlSession.update(DefaultSqlSession.java:197)
	at sun.reflect.NativeMethodAccessorImpl.invoke0(Native Method)
	at sun.reflect.NativeMethodAccessorImpl.invoke(NativeMethodAccessorImpl.java:62)
	at sun.reflect.DelegatingMethodAccessorImpl.invoke(DelegatingMethodAccessorImpl.java:43)
	at java.lang.reflect.Method.invoke(Method.java:498)
	at org.mybatis.spring.SqlSessionTemplate$SqlSessionInterceptor.invoke(SqlSessionTemplate.java:427)
	... 53 common frames omitted
26-05-11.10:19:42.626 [org.springframework.amqp.rabbit.RabbitListenerEndpointContainer#1-1] ERROR CreditAdjustSuccessCustomer - 监听积分账户调整成功消息，进行交易商品发货失败 topic: credit_adjust_success message: {"data":{"amount":-1.68,"orderId":"849555347552","outBusinessNo":"700091009200","userId":"xiaofuge"},"id":"36319250145","timestamp":1778465143977}
org.springframework.dao.DataIntegrityViolationException: 
### Error updating database.  Cause: java.sql.SQLIntegrityConstraintViolationException: Column 'total_count' cannot be null
### The error may exist in file [E:\project_java\big-market\big-market-app\target\classes\mybatis\mapper\raffle_activity_account_mapper.xml]
### The error may involve cn.gzy.infrastructure.persistent.dao.IRaffleActivityAccountDao.updateAccountQuota-Inline
### The error occurred while setting parameters
### SQL: update raffle_activity_account         set             total_count = total_count + ?,             total_count_surplus = total_count_surplus + ?,             day_count_surplus = day_count_surplus + ?,             day_count = day_count + ?,             month_count_surplus = month_count_surplus + ?,             month_count = month_count + ?,             update_time = now()         where user_id = ? and activity_id = ?
### Cause: java.sql.SQLIntegrityConstraintViolationException: Column 'total_count' cannot be null
; Column 'total_count' cannot be null; nested exception is java.sql.SQLIntegrityConstraintViolationException: Column 'total_count' cannot be null
	at org.springframework.jdbc.support.SQLExceptionSubclassTranslator.doTranslate(SQLExceptionSubclassTranslator.java:87)
	at org.springframework.jdbc.support.AbstractFallbackSQLExceptionTranslator.translate(AbstractFallbackSQLExceptionTranslator.java:70)
	at org.springframework.jdbc.support.AbstractFallbackSQLExceptionTranslator.translate(AbstractFallbackSQLExceptionTranslator.java:79)
	at org.mybatis.spring.MyBatisExceptionTranslator.translateExceptionIfPossible(MyBatisExceptionTranslator.java:91)
	at org.mybatis.spring.SqlSessionTemplate$SqlSessionInterceptor.invoke(SqlSessionTemplate.java:441)
	at com.sun.proxy.$Proxy109.update(Unknown Source)
	at org.mybatis.spring.SqlSessionTemplate.update(SqlSessionTemplate.java:288)
	at org.apache.ibatis.binding.MapperMethod.execute(MapperMethod.java:67)
	at org.apache.ibatis.binding.MapperProxy$PlainMethodInvoker.invoke(MapperProxy.java:152)
	at org.apache.ibatis.binding.MapperProxy.invoke(MapperProxy.java:85)
	at com.sun.proxy.$Proxy115.updateAccountQuota(Unknown Source)
	at sun.reflect.NativeMethodAccessorImpl.invoke0(Native Method)
	at sun.reflect.NativeMethodAccessorImpl.invoke(NativeMethodAccessorImpl.java:62)
	at sun.reflect.DelegatingMethodAccessorImpl.invoke(DelegatingMethodAccessorImpl.java:43)
	at java.lang.reflect.Method.invoke(Method.java:498)
	at org.springframework.aop.support.AopUtils.invokeJoinpointUsingReflection(AopUtils.java:344)
	at org.springframework.aop.framework.ReflectiveMethodInvocation.invokeJoinpoint(ReflectiveMethodInvocation.java:198)
	at org.springframework.aop.framework.ReflectiveMethodInvocation.proceed(ReflectiveMethodInvocation.java:163)
	at org.springframework.aop.interceptor.ExposeInvocationInterceptor.invoke(ExposeInvocationInterceptor.java:97)
	at org.springframework.aop.framework.ReflectiveMethodInvocation.proceed(ReflectiveMethodInvocation.java:186)
	at org.springframework.aop.framework.JdkDynamicAopProxy.invoke(JdkDynamicAopProxy.java:220)
	at com.sun.proxy.$Proxy116.updateAccountQuota(Unknown Source)
	at cn.gzy.infrastructure.persistent.repository.ActivityRepository.lambda$updateOrder$3(ActivityRepository.java:688)
	at org.springframework.transaction.support.TransactionTemplate.execute(TransactionTemplate.java:140)
	at cn.gzy.infrastructure.persistent.repository.ActivityRepository.updateOrder(ActivityRepository.java:675)
	at cn.gzy.infrastructure.persistent.repository.ActivityRepository$$FastClassBySpringCGLIB$$9abb50c6.invoke(<generated>)
	at org.springframework.cglib.proxy.MethodProxy.invoke(MethodProxy.java:218)
	at org.springframework.aop.framework.CglibAopProxy$CglibMethodInvocation.invokeJoinpoint(CglibAopProxy.java:793)
	at org.springframework.aop.framework.ReflectiveMethodInvocation.proceed(ReflectiveMethodInvocation.java:163)
	at org.springframework.aop.framework.CglibAopProxy$CglibMethodInvocation.proceed(CglibAopProxy.java:763)
	at org.springframework.dao.support.PersistenceExceptionTranslationInterceptor.invoke(PersistenceExceptionTranslationInterceptor.java:137)
	at org.springframework.aop.framework.ReflectiveMethodInvocation.proceed(ReflectiveMethodInvocation.java:186)
	at org.springframework.aop.framework.CglibAopProxy$CglibMethodInvocation.proceed(CglibAopProxy.java:763)
	at org.springframework.aop.framework.CglibAopProxy$DynamicAdvisedInterceptor.intercept(CglibAopProxy.java:708)
	at cn.gzy.infrastructure.persistent.repository.ActivityRepository$$EnhancerBySpringCGLIB$$d40f7c36.updateOrder(<generated>)
	at cn.gzy.domain.activity.service.quota.RaffleActivityAccountQuotaService.updateOrder(RaffleActivityAccountQuotaService.java:97)
	at cn.gzy.trigger.listener.CreditAdjustSuccessCustomer.listener(CreditAdjustSuccessCustomer.java:45)
	at sun.reflect.NativeMethodAccessorImpl.invoke0(Native Method)
	at sun.reflect.NativeMethodAccessorImpl.invoke(NativeMethodAccessorImpl.java:62)
	at sun.reflect.DelegatingMethodAccessorImpl.invoke(DelegatingMethodAccessorImpl.java:43)
	at java.lang.reflect.Method.invoke(Method.java:498)
	at org.springframework.messaging.handler.invocation.InvocableHandlerMethod.doInvoke(InvocableHandlerMethod.java:169)
	at org.springframework.messaging.handler.invocation.InvocableHandlerMethod.invoke(InvocableHandlerMethod.java:119)
	at org.springframework.amqp.rabbit.listener.adapter.HandlerAdapter.invoke(HandlerAdapter.java:77)
	at org.springframework.amqp.rabbit.listener.adapter.MessagingMessageListenerAdapter.invokeHandler(MessagingMessageListenerAdapter.java:263)
	at org.springframework.amqp.rabbit.listener.adapter.MessagingMessageListenerAdapter.invokeHandlerAndProcessResult(MessagingMessageListenerAdapter.java:209)
	at org.springframework.amqp.rabbit.listener.adapter.MessagingMessageListenerAdapter.onMessage(MessagingMessageListenerAdapter.java:148)
	at org.springframework.amqp.rabbit.listener.AbstractMessageListenerContainer.doInvokeListener(AbstractMessageListenerContainer.java:1674)
	at org.springframework.amqp.rabbit.listener.AbstractMessageListenerContainer.actualInvokeListener(AbstractMessageListenerContainer.java:1593)
	at org.springframework.amqp.rabbit.listener.AbstractMessageListenerContainer.invokeListener(AbstractMessageListenerContainer.java:1581)
	at org.springframework.amqp.rabbit.listener.AbstractMessageListenerContainer.doExecuteListener(AbstractMessageListenerContainer.java:1572)
	at org.springframework.amqp.rabbit.listener.AbstractMessageListenerContainer.executeListener(AbstractMessageListenerContainer.java:1516)
	at org.springframework.amqp.rabbit.listener.SimpleMessageListenerContainer.doReceiveAndExecute(SimpleMessageListenerContainer.java:1001)
	at org.springframework.amqp.rabbit.listener.SimpleMessageListenerContainer.receiveAndExecute(SimpleMessageListenerContainer.java:948)
	at org.springframework.amqp.rabbit.listener.SimpleMessageListenerContainer.access$1600(SimpleMessageListenerContainer.java:86)
	at org.springframework.amqp.rabbit.listener.SimpleMessageListenerContainer$AsyncMessageProcessingConsumer.mainLoop(SimpleMessageListenerContainer.java:1326)
	at org.springframework.amqp.rabbit.listener.SimpleMessageListenerContainer$AsyncMessageProcessingConsumer.run(SimpleMessageListenerContainer.java:1232)
	at java.lang.Thread.run(Thread.java:748)
Caused by: java.sql.SQLIntegrityConstraintViolationException: Column 'total_count' cannot be null
	at com.mysql.cj.jdbc.exceptions.SQLError.createSQLException(SQLError.java:117)
	at com.mysql.cj.jdbc.exceptions.SQLError.createSQLException(SQLError.java:97)
	at com.mysql.cj.jdbc.exceptions.SQLExceptionsMapping.translateException(SQLExceptionsMapping.java:122)
	at com.mysql.cj.jdbc.ClientPreparedStatement.executeInternal(ClientPreparedStatement.java:953)
	at com.mysql.cj.jdbc.ClientPreparedStatement.execute(ClientPreparedStatement.java:370)
	at com.zaxxer.hikari.pool.ProxyPreparedStatement.execute(ProxyPreparedStatement.java:44)
	at com.zaxxer.hikari.pool.HikariProxyPreparedStatement.execute(HikariProxyPreparedStatement.java)
	at org.apache.ibatis.executor.statement.PreparedStatementHandler.update(PreparedStatementHandler.java:47)
	at org.apache.ibatis.executor.statement.RoutingStatementHandler.update(RoutingStatementHandler.java:74)
	at sun.reflect.NativeMethodAccessorImpl.invoke0(Native Method)
	at sun.reflect.NativeMethodAccessorImpl.invoke(NativeMethodAccessorImpl.java:62)
	at sun.reflect.DelegatingMethodAccessorImpl.invoke(DelegatingMethodAccessorImpl.java:43)
	at java.lang.reflect.Method.invoke(Method.java:498)
	at org.apache.ibatis.plugin.Plugin.invoke(Plugin.java:63)
	at com.sun.proxy.$Proxy184.update(Unknown Source)
	at org.apache.ibatis.executor.SimpleExecutor.doUpdate(SimpleExecutor.java:50)
	at org.apache.ibatis.executor.BaseExecutor.update(BaseExecutor.java:117)
	at org.apache.ibatis.executor.CachingExecutor.update(CachingExecutor.java:76)
	at org.apache.ibatis.session.defaults.DefaultSqlSession.update(DefaultSqlSession.java:197)
	at sun.reflect.NativeMethodAccessorImpl.invoke0(Native Method)
	at sun.reflect.NativeMethodAccessorImpl.invoke(NativeMethodAccessorImpl.java:62)
	at sun.reflect.DelegatingMethodAccessorImpl.invoke(DelegatingMethodAccessorImpl.java:43)
	at java.lang.reflect.Method.invoke(Method.java:498)
	at org.mybatis.spring.SqlSessionTemplate$SqlSessionInterceptor.invoke(SqlSessionTemplate.java:427)
	... 53 common frames omitted
26-05-11.10:19:42.627 [org.springframework.amqp.rabbit.RabbitListenerEndpointContainer#1-1] WARN  ConditionalRejectingErrorHandler - Execution of Rabbit message listener failed.
org.springframework.amqp.rabbit.support.ListenerExecutionFailedException: Listener method 'public void cn.gzy.trigger.listener.CreditAdjustSuccessCustomer.listener(java.lang.String)' threw exception
	at org.springframework.amqp.rabbit.listener.adapter.MessagingMessageListenerAdapter.invokeHandler(MessagingMessageListenerAdapter.java:272)
	at org.springframework.amqp.rabbit.listener.adapter.MessagingMessageListenerAdapter.invokeHandlerAndProcessResult(MessagingMessageListenerAdapter.java:209)
	at org.springframework.amqp.rabbit.listener.adapter.MessagingMessageListenerAdapter.onMessage(MessagingMessageListenerAdapter.java:148)
	at org.springframework.amqp.rabbit.listener.AbstractMessageListenerContainer.doInvokeListener(AbstractMessageListenerContainer.java:1674)
	at org.springframework.amqp.rabbit.listener.AbstractMessageListenerContainer.actualInvokeListener(AbstractMessageListenerContainer.java:1593)
	at org.springframework.amqp.rabbit.listener.AbstractMessageListenerContainer.invokeListener(AbstractMessageListenerContainer.java:1581)
	at org.springframework.amqp.rabbit.listener.AbstractMessageListenerContainer.doExecuteListener(AbstractMessageListenerContainer.java:1572)
	at org.springframework.amqp.rabbit.listener.AbstractMessageListenerContainer.executeListener(AbstractMessageListenerContainer.java:1516)
	at org.springframework.amqp.rabbit.listener.SimpleMessageListenerContainer.doReceiveAndExecute(SimpleMessageListenerContainer.java:1001)
	at org.springframework.amqp.rabbit.listener.SimpleMessageListenerContainer.receiveAndExecute(SimpleMessageListenerContainer.java:948)
	at org.springframework.amqp.rabbit.listener.SimpleMessageListenerContainer.access$1600(SimpleMessageListenerContainer.java:86)
	at org.springframework.amqp.rabbit.listener.SimpleMessageListenerContainer$AsyncMessageProcessingConsumer.mainLoop(SimpleMessageListenerContainer.java:1326)
	at org.springframework.amqp.rabbit.listener.SimpleMessageListenerContainer$AsyncMessageProcessingConsumer.run(SimpleMessageListenerContainer.java:1232)
	at java.lang.Thread.run(Thread.java:748)
Caused by: org.springframework.dao.DataIntegrityViolationException: 
### Error updating database.  Cause: java.sql.SQLIntegrityConstraintViolationException: Column 'total_count' cannot be null
### The error may exist in file [E:\project_java\big-market\big-market-app\target\classes\mybatis\mapper\raffle_activity_account_mapper.xml]
### The error may involve cn.gzy.infrastructure.persistent.dao.IRaffleActivityAccountDao.updateAccountQuota-Inline
### The error occurred while setting parameters
### SQL: update raffle_activity_account         set             total_count = total_count + ?,             total_count_surplus = total_count_surplus + ?,             day_count_surplus = day_count_surplus + ?,             day_count = day_count + ?,             month_count_surplus = month_count_surplus + ?,             month_count = month_count + ?,             update_time = now()         where user_id = ? and activity_id = ?
### Cause: java.sql.SQLIntegrityConstraintViolationException: Column 'total_count' cannot be null
; Column 'total_count' cannot be null; nested exception is java.sql.SQLIntegrityConstraintViolationException: Column 'total_count' cannot be null
	at org.springframework.jdbc.support.SQLExceptionSubclassTranslator.doTranslate(SQLExceptionSubclassTranslator.java:87)
	at org.springframework.jdbc.support.AbstractFallbackSQLExceptionTranslator.translate(AbstractFallbackSQLExceptionTranslator.java:70)
	at org.springframework.jdbc.support.AbstractFallbackSQLExceptionTranslator.translate(AbstractFallbackSQLExceptionTranslator.java:79)
	at org.mybatis.spring.MyBatisExceptionTranslator.translateExceptionIfPossible(MyBatisExceptionTranslator.java:91)
	at org.mybatis.spring.SqlSessionTemplate$SqlSessionInterceptor.invoke(SqlSessionTemplate.java:441)
	at com.sun.proxy.$Proxy109.update(Unknown Source)
	at org.mybatis.spring.SqlSessionTemplate.update(SqlSessionTemplate.java:288)
	at org.apache.ibatis.binding.MapperMethod.execute(MapperMethod.java:67)
	at org.apache.ibatis.binding.MapperProxy$PlainMethodInvoker.invoke(MapperProxy.java:152)
	at org.apache.ibatis.binding.MapperProxy.invoke(MapperProxy.java:85)
	at com.sun.proxy.$Proxy115.updateAccountQuota(Unknown Source)
	at sun.reflect.NativeMethodAccessorImpl.invoke0(Native Method)
	at sun.reflect.NativeMethodAccessorImpl.invoke(NativeMethodAccessorImpl.java:62)
	at sun.reflect.DelegatingMethodAccessorImpl.invoke(DelegatingMethodAccessorImpl.java:43)
	at java.lang.reflect.Method.invoke(Method.java:498)
	at org.springframework.aop.support.AopUtils.invokeJoinpointUsingReflection(AopUtils.java:344)
	at org.springframework.aop.framework.ReflectiveMethodInvocation.invokeJoinpoint(ReflectiveMethodInvocation.java:198)
	at org.springframework.aop.framework.ReflectiveMethodInvocation.proceed(ReflectiveMethodInvocation.java:163)
	at org.springframework.aop.interceptor.ExposeInvocationInterceptor.invoke(ExposeInvocationInterceptor.java:97)
	at org.springframework.aop.framework.ReflectiveMethodInvocation.proceed(ReflectiveMethodInvocation.java:186)
	at org.springframework.aop.framework.JdkDynamicAopProxy.invoke(JdkDynamicAopProxy.java:220)
	at com.sun.proxy.$Proxy116.updateAccountQuota(Unknown Source)
	at cn.gzy.infrastructure.persistent.repository.ActivityRepository.lambda$updateOrder$3(ActivityRepository.java:688)
	at org.springframework.transaction.support.TransactionTemplate.execute(TransactionTemplate.java:140)
	at cn.gzy.infrastructure.persistent.repository.ActivityRepository.updateOrder(ActivityRepository.java:675)
	at cn.gzy.infrastructure.persistent.repository.ActivityRepository$$FastClassBySpringCGLIB$$9abb50c6.invoke(<generated>)
	at org.springframework.cglib.proxy.MethodProxy.invoke(MethodProxy.java:218)
	at org.springframework.aop.framework.CglibAopProxy$CglibMethodInvocation.invokeJoinpoint(CglibAopProxy.java:793)
	at org.springframework.aop.framework.ReflectiveMethodInvocation.proceed(ReflectiveMethodInvocation.java:163)
	at org.springframework.aop.framework.CglibAopProxy$CglibMethodInvocation.proceed(CglibAopProxy.java:763)
	at org.springframework.dao.support.PersistenceExceptionTranslationInterceptor.invoke(PersistenceExceptionTranslationInterceptor.java:137)
	at org.springframework.aop.framework.ReflectiveMethodInvocation.proceed(ReflectiveMethodInvocation.java:186)
	at org.springframework.aop.framework.CglibAopProxy$CglibMethodInvocation.proceed(CglibAopProxy.java:763)
	at org.springframework.aop.framework.CglibAopProxy$DynamicAdvisedInterceptor.intercept(CglibAopProxy.java:708)
	at cn.gzy.infrastructure.persistent.repository.ActivityRepository$$EnhancerBySpringCGLIB$$d40f7c36.updateOrder(<generated>)
	at cn.gzy.domain.activity.service.quota.RaffleActivityAccountQuotaService.updateOrder(RaffleActivityAccountQuotaService.java:97)
	at cn.gzy.trigger.listener.CreditAdjustSuccessCustomer.listener(CreditAdjustSuccessCustomer.java:45)
	at sun.reflect.NativeMethodAccessorImpl.invoke0(Native Method)
	at sun.reflect.NativeMethodAccessorImpl.invoke(NativeMethodAccessorImpl.java:62)
	at sun.reflect.DelegatingMethodAccessorImpl.invoke(DelegatingMethodAccessorImpl.java:43)
	at java.lang.reflect.Method.invoke(Method.java:498)
	at org.springframework.messaging.handler.invocation.InvocableHandlerMethod.doInvoke(InvocableHandlerMethod.java:169)
	at org.springframework.messaging.handler.invocation.InvocableHandlerMethod.invoke(InvocableHandlerMethod.java:119)
	at org.springframework.amqp.rabbit.listener.adapter.HandlerAdapter.invoke(HandlerAdapter.java:77)
	at org.springframework.amqp.rabbit.listener.adapter.MessagingMessageListenerAdapter.invokeHandler(MessagingMessageListenerAdapter.java:263)
	... 13 common frames omitted
Caused by: java.sql.SQLIntegrityConstraintViolationException: Column 'total_count' cannot be null
	at com.mysql.cj.jdbc.exceptions.SQLError.createSQLException(SQLError.java:117)
	at com.mysql.cj.jdbc.exceptions.SQLError.createSQLException(SQLError.java:97)
	at com.mysql.cj.jdbc.exceptions.SQLExceptionsMapping.translateException(SQLExceptionsMapping.java:122)
	at com.mysql.cj.jdbc.ClientPreparedStatement.executeInternal(ClientPreparedStatement.java:953)
	at com.mysql.cj.jdbc.ClientPreparedStatement.execute(ClientPreparedStatement.java:370)
	at com.zaxxer.hikari.pool.ProxyPreparedStatement.execute(ProxyPreparedStatement.java:44)
	at com.zaxxer.hikari.pool.HikariProxyPreparedStatement.execute(HikariProxyPreparedStatement.java)
	at org.apache.ibatis.executor.statement.PreparedStatementHandler.update(PreparedStatementHandler.java:47)
	at org.apache.ibatis.executor.statement.RoutingStatementHandler.update(RoutingStatementHandler.java:74)
	at sun.reflect.NativeMethodAccessorImpl.invoke0(Native Method)
	at sun.reflect.NativeMethodAccessorImpl.invoke(NativeMethodAccessorImpl.java:62)
	at sun.reflect.DelegatingMethodAccessorImpl.invoke(DelegatingMethodAccessorImpl.java:43)
	at java.lang.reflect.Method.invoke(Method.java:498)
	at org.apache.ibatis.plugin.Plugin.invoke(Plugin.java:63)
	at com.sun.proxy.$Proxy184.update(Unknown Source)
	at org.apache.ibatis.executor.SimpleExecutor.doUpdate(SimpleExecutor.java:50)
	at org.apache.ibatis.executor.BaseExecutor.update(BaseExecutor.java:117)
	at org.apache.ibatis.executor.CachingExecutor.update(CachingExecutor.java:76)
	at org.apache.ibatis.session.defaults.DefaultSqlSession.update(DefaultSqlSession.java:197)
	at sun.reflect.NativeMethodAccessorImpl.invoke0(Native Method)
	at sun.reflect.NativeMethodAccessorImpl.invoke(NativeMethodAccessorImpl.java:62)
	at sun.reflect.DelegatingMethodAccessorImpl.invoke(DelegatingMethodAccessorImpl.java:43)
	at java.lang.reflect.Method.invoke(Method.java:498)
	at org.mybatis.spring.SqlSessionTemplate$SqlSessionInterceptor.invoke(SqlSessionTemplate.java:427)
	... 53 common frames omitted
26-05-11.10:19:43.074 [org.springframework.amqp.rabbit.RabbitListenerEndpointContainer#1-1] ERROR CreditAdjustSuccessCustomer - 监听积分账户调整成功消息，进行交易商品发货失败 topic: credit_adjust_success message: {"data":{"amount":-1.68,"orderId":"849555347552","outBusinessNo":"700091009200","userId":"xiaofuge"},"id":"36319250145","timestamp":1778465143977}
org.springframework.dao.DataIntegrityViolationException: 
### Error updating database.  Cause: java.sql.SQLIntegrityConstraintViolationException: Column 'total_count' cannot be null
### The error may exist in file [E:\project_java\big-market\big-market-app\target\classes\mybatis\mapper\raffle_activity_account_mapper.xml]
### The error may involve cn.gzy.infrastructure.persistent.dao.IRaffleActivityAccountDao.updateAccountQuota-Inline
### The error occurred while setting parameters
### SQL: update raffle_activity_account         set             total_count = total_count + ?,             total_count_surplus = total_count_surplus + ?,             day_count_surplus = day_count_surplus + ?,             day_count = day_count + ?,             month_count_surplus = month_count_surplus + ?,             month_count = month_count + ?,             update_time = now()         where user_id = ? and activity_id = ?
### Cause: java.sql.SQLIntegrityConstraintViolationException: Column 'total_count' cannot be null
; Column 'total_count' cannot be null; nested exception is java.sql.SQLIntegrityConstraintViolationException: Column 'total_count' cannot be null
	at org.springframework.jdbc.support.SQLExceptionSubclassTranslator.doTranslate(SQLExceptionSubclassTranslator.java:87)
	at org.springframework.jdbc.support.AbstractFallbackSQLExceptionTranslator.translate(AbstractFallbackSQLExceptionTranslator.java:70)
	at org.springframework.jdbc.support.AbstractFallbackSQLExceptionTranslator.translate(AbstractFallbackSQLExceptionTranslator.java:79)
	at org.mybatis.spring.MyBatisExceptionTranslator.translateExceptionIfPossible(MyBatisExceptionTranslator.java:91)
	at org.mybatis.spring.SqlSessionTemplate$SqlSessionInterceptor.invoke(SqlSessionTemplate.java:441)
	at com.sun.proxy.$Proxy109.update(Unknown Source)
	at org.mybatis.spring.SqlSessionTemplate.update(SqlSessionTemplate.java:288)
	at org.apache.ibatis.binding.MapperMethod.execute(MapperMethod.java:67)
	at org.apache.ibatis.binding.MapperProxy$PlainMethodInvoker.invoke(MapperProxy.java:152)
	at org.apache.ibatis.binding.MapperProxy.invoke(MapperProxy.java:85)
	at com.sun.proxy.$Proxy115.updateAccountQuota(Unknown Source)
	at sun.reflect.NativeMethodAccessorImpl.invoke0(Native Method)
	at sun.reflect.NativeMethodAccessorImpl.invoke(NativeMethodAccessorImpl.java:62)
	at sun.reflect.DelegatingMethodAccessorImpl.invoke(DelegatingMethodAccessorImpl.java:43)
	at java.lang.reflect.Method.invoke(Method.java:498)
	at org.springframework.aop.support.AopUtils.invokeJoinpointUsingReflection(AopUtils.java:344)
	at org.springframework.aop.framework.ReflectiveMethodInvocation.invokeJoinpoint(ReflectiveMethodInvocation.java:198)
	at org.springframework.aop.framework.ReflectiveMethodInvocation.proceed(ReflectiveMethodInvocation.java:163)
	at org.springframework.aop.interceptor.ExposeInvocationInterceptor.invoke(ExposeInvocationInterceptor.java:97)
	at org.springframework.aop.framework.ReflectiveMethodInvocation.proceed(ReflectiveMethodInvocation.java:186)
	at org.springframework.aop.framework.JdkDynamicAopProxy.invoke(JdkDynamicAopProxy.java:220)
	at com.sun.proxy.$Proxy116.updateAccountQuota(Unknown Source)
	at cn.gzy.infrastructure.persistent.repository.ActivityRepository.lambda$updateOrder$3(ActivityRepository.java:688)
	at org.springframework.transaction.support.TransactionTemplate.execute(TransactionTemplate.java:140)
	at cn.gzy.infrastructure.persistent.repository.ActivityRepository.updateOrder(ActivityRepository.java:675)
	at cn.gzy.infrastructure.persistent.repository.ActivityRepository$$FastClassBySpringCGLIB$$9abb50c6.invoke(<generated>)
	at org.springframework.cglib.proxy.MethodProxy.invoke(MethodProxy.java:218)
	at org.springframework.aop.framework.CglibAopProxy$CglibMethodInvocation.invokeJoinpoint(CglibAopProxy.java:793)
	at org.springframework.aop.framework.ReflectiveMethodInvocation.proceed(ReflectiveMethodInvocation.java:163)
	at org.springframework.aop.framework.CglibAopProxy$CglibMethodInvocation.proceed(CglibAopProxy.java:763)
	at org.springframework.dao.support.PersistenceExceptionTranslationInterceptor.invoke(PersistenceExceptionTranslationInterceptor.java:137)
	at org.springframework.aop.framework.ReflectiveMethodInvocation.proceed(ReflectiveMethodInvocation.java:186)
	at org.springframework.aop.framework.CglibAopProxy$CglibMethodInvocation.proceed(CglibAopProxy.java:763)
	at org.springframework.aop.framework.CglibAopProxy$DynamicAdvisedInterceptor.intercept(CglibAopProxy.java:708)
	at cn.gzy.infrastructure.persistent.repository.ActivityRepository$$EnhancerBySpringCGLIB$$d40f7c36.updateOrder(<generated>)
	at cn.gzy.domain.activity.service.quota.RaffleActivityAccountQuotaService.updateOrder(RaffleActivityAccountQuotaService.java:97)
	at cn.gzy.trigger.listener.CreditAdjustSuccessCustomer.listener(CreditAdjustSuccessCustomer.java:45)
	at sun.reflect.NativeMethodAccessorImpl.invoke0(Native Method)
	at sun.reflect.NativeMethodAccessorImpl.invoke(NativeMethodAccessorImpl.java:62)
	at sun.reflect.DelegatingMethodAccessorImpl.invoke(DelegatingMethodAccessorImpl.java:43)
	at java.lang.reflect.Method.invoke(Method.java:498)
	at org.springframework.messaging.handler.invocation.InvocableHandlerMethod.doInvoke(InvocableHandlerMethod.java:169)
	at org.springframework.messaging.handler.invocation.InvocableHandlerMethod.invoke(InvocableHandlerMethod.java:119)
	at org.springframework.amqp.rabbit.listener.adapter.HandlerAdapter.invoke(HandlerAdapter.java:77)
	at org.springframework.amqp.rabbit.listener.adapter.MessagingMessageListenerAdapter.invokeHandler(MessagingMessageListenerAdapter.java:263)
	at org.springframework.amqp.rabbit.listener.adapter.MessagingMessageListenerAdapter.invokeHandlerAndProcessResult(MessagingMessageListenerAdapter.java:209)
	at org.springframework.amqp.rabbit.listener.adapter.MessagingMessageListenerAdapter.onMessage(MessagingMessageListenerAdapter.java:148)
	at org.springframework.amqp.rabbit.listener.AbstractMessageListenerContainer.doInvokeListener(AbstractMessageListenerContainer.java:1674)
	at org.springframework.amqp.rabbit.listener.AbstractMessageListenerContainer.actualInvokeListener(AbstractMessageListenerContainer.java:1593)
	at org.springframework.amqp.rabbit.listener.AbstractMessageListenerContainer.invokeListener(AbstractMessageListenerContainer.java:1581)
	at org.springframework.amqp.rabbit.listener.AbstractMessageListenerContainer.doExecuteListener(AbstractMessageListenerContainer.java:1572)
	at org.springframework.amqp.rabbit.listener.AbstractMessageListenerContainer.executeListener(AbstractMessageListenerContainer.java:1516)
	at org.springframework.amqp.rabbit.listener.SimpleMessageListenerContainer.doReceiveAndExecute(SimpleMessageListenerContainer.java:1001)
	at org.springframework.amqp.rabbit.listener.SimpleMessageListenerContainer.receiveAndExecute(SimpleMessageListenerContainer.java:948)
	at org.springframework.amqp.rabbit.listener.SimpleMessageListenerContainer.access$1600(SimpleMessageListenerContainer.java:86)
	at org.springframework.amqp.rabbit.listener.SimpleMessageListenerContainer$AsyncMessageProcessingConsumer.mainLoop(SimpleMessageListenerContainer.java:1326)
	at org.springframework.amqp.rabbit.listener.SimpleMessageListenerContainer$AsyncMessageProcessingConsumer.run(SimpleMessageListenerContainer.java:1232)
	at java.lang.Thread.run(Thread.java:748)
Caused by: java.sql.SQLIntegrityConstraintViolationException: Column 'total_count' cannot be null
	at com.mysql.cj.jdbc.exceptions.SQLError.createSQLException(SQLError.java:117)
	at com.mysql.cj.jdbc.exceptions.SQLError.createSQLException(SQLError.java:97)
	at com.mysql.cj.jdbc.exceptions.SQLExceptionsMapping.translateException(SQLExceptionsMapping.java:122)
	at com.mysql.cj.jdbc.ClientPreparedStatement.executeInternal(ClientPreparedStatement.java:953)
	at com.mysql.cj.jdbc.ClientPreparedStatement.execute(ClientPreparedStatement.java:370)
	at com.zaxxer.hikari.pool.ProxyPreparedStatement.execute(ProxyPreparedStatement.java:44)
	at com.zaxxer.hikari.pool.HikariProxyPreparedStatement.execute(HikariProxyPreparedStatement.java)
	at org.apache.ibatis.executor.statement.PreparedStatementHandler.update(PreparedStatementHandler.java:47)
	at org.apache.ibatis.executor.statement.RoutingStatementHandler.update(RoutingStatementHandler.java:74)
	at sun.reflect.NativeMethodAccessorImpl.invoke0(Native Method)
	at sun.reflect.NativeMethodAccessorImpl.invoke(NativeMethodAccessorImpl.java:62)
	at sun.reflect.DelegatingMethodAccessorImpl.invoke(DelegatingMethodAccessorImpl.java:43)
	at java.lang.reflect.Method.invoke(Method.java:498)
	at org.apache.ibatis.plugin.Plugin.invoke(Plugin.java:63)
	at com.sun.proxy.$Proxy184.update(Unknown Source)
	at org.apache.ibatis.executor.SimpleExecutor.doUpdate(SimpleExecutor.java:50)
	at org.apache.ibatis.executor.BaseExecutor.update(BaseExecutor.java:117)
	at org.apache.ibatis.executor.CachingExecutor.update(CachingExecutor.java:76)
	at org.apache.ibatis.session.defaults.DefaultSqlSession.update(DefaultSqlSession.java:197)
	at sun.reflect.NativeMethodAccessorImpl.invoke0(Native Method)
	at sun.reflect.NativeMethodAccessorImpl.invoke(NativeMethodAccessorImpl.java:62)
	at sun.reflect.DelegatingMethodAccessorImpl.invoke(DelegatingMethodAccessorImpl.java:43)
	at java.lang.reflect.Method.invoke(Method.java:498)
	at org.mybatis.spring.SqlSessionTemplate$SqlSessionInterceptor.invoke(SqlSessionTemplate.java:427)
	... 53 common frames omitted
26-05-11.10:19:43.074 [org.springframework.amqp.rabbit.RabbitListenerEndpointContainer#1-1] WARN  ConditionalRejectingErrorHandler - Execution of Rabbit message listener failed.
org.springframework.amqp.rabbit.support.ListenerExecutionFailedException: Listener method 'public void cn.gzy.trigger.listener.CreditAdjustSuccessCustomer.listener(java.lang.String)' threw exception
	at org.springframework.amqp.rabbit.listener.adapter.MessagingMessageListenerAdapter.invokeHandler(MessagingMessageListenerAdapter.java:272)
	at org.springframework.amqp.rabbit.listener.adapter.MessagingMessageListenerAdapter.invokeHandlerAndProcessResult(MessagingMessageListenerAdapter.java:209)
	at org.springframework.amqp.rabbit.listener.adapter.MessagingMessageListenerAdapter.onMessage(MessagingMessageListenerAdapter.java:148)
	at org.springframework.amqp.rabbit.listener.AbstractMessageListenerContainer.doInvokeListener(AbstractMessageListenerContainer.java:1674)
	at org.springframework.amqp.rabbit.listener.AbstractMessageListenerContainer.actualInvokeListener(AbstractMessageListenerContainer.java:1593)
	at org.springframework.amqp.rabbit.listener.AbstractMessageListenerContainer.invokeListener(AbstractMessageListenerContainer.java:1581)
	at org.springframework.amqp.rabbit.listener.AbstractMessageListenerContainer.doExecuteListener(AbstractMessageListenerContainer.java:1572)
	at org.springframework.amqp.rabbit.listener.AbstractMessageListenerContainer.executeListener(AbstractMessageListenerContainer.java:1516)
	at org.springframework.amqp.rabbit.listener.SimpleMessageListenerContainer.doReceiveAndExecute(SimpleMessageListenerContainer.java:1001)
	at org.springframework.amqp.rabbit.listener.SimpleMessageListenerContainer.receiveAndExecute(SimpleMessageListenerContainer.java:948)
	at org.springframework.amqp.rabbit.listener.SimpleMessageListenerContainer.access$1600(SimpleMessageListenerContainer.java:86)
	at org.springframework.amqp.rabbit.listener.SimpleMessageListenerContainer$AsyncMessageProcessingConsumer.mainLoop(SimpleMessageListenerContainer.java:1326)
	at org.springframework.amqp.rabbit.listener.SimpleMessageListenerContainer$AsyncMessageProcessingConsumer.run(SimpleMessageListenerContainer.java:1232)
	at java.lang.Thread.run(Thread.java:748)
Caused by: org.springframework.dao.DataIntegrityViolationException: 
### Error updating database.  Cause: java.sql.SQLIntegrityConstraintViolationException: Column 'total_count' cannot be null
### The error may exist in file [E:\project_java\big-market\big-market-app\target\classes\mybatis\mapper\raffle_activity_account_mapper.xml]
### The error may involve cn.gzy.infrastructure.persistent.dao.IRaffleActivityAccountDao.updateAccountQuota-Inline
### The error occurred while setting parameters
### SQL: update raffle_activity_account         set             total_count = total_count + ?,             total_count_surplus = total_count_surplus + ?,             day_count_surplus = day_count_surplus + ?,             day_count = day_count + ?,             month_count_surplus = month_count_surplus + ?,             month_count = month_count + ?,             update_time = now()         where user_id = ? and activity_id = ?
### Cause: java.sql.SQLIntegrityConstraintViolationException: Column 'total_count' cannot be null
; Column 'total_count' cannot be null; nested exception is java.sql.SQLIntegrityConstraintViolationException: Column 'total_count' cannot be null
	at org.springframework.jdbc.support.SQLExceptionSubclassTranslator.doTranslate(SQLExceptionSubclassTranslator.java:87)
	at org.springframework.jdbc.support.AbstractFallbackSQLExceptionTranslator.translate(AbstractFallbackSQLExceptionTranslator.java:70)
	at org.springframework.jdbc.support.AbstractFallbackSQLExceptionTranslator.translate(AbstractFallbackSQLExceptionTranslator.java:79)
	at org.mybatis.spring.MyBatisExceptionTranslator.translateExceptionIfPossible(MyBatisExceptionTranslator.java:91)
	at org.mybatis.spring.SqlSessionTemplate$SqlSessionInterceptor.invoke(SqlSessionTemplate.java:441)
	at com.sun.proxy.$Proxy109.update(Unknown Source)
	at org.mybatis.spring.SqlSessionTemplate.update(SqlSessionTemplate.java:288)
	at org.apache.ibatis.binding.MapperMethod.execute(MapperMethod.java:67)
	at org.apache.ibatis.binding.MapperProxy$PlainMethodInvoker.invoke(MapperProxy.java:152)
	at org.apache.ibatis.binding.MapperProxy.invoke(MapperProxy.java:85)
	at com.sun.proxy.$Proxy115.updateAccountQuota(Unknown Source)
	at sun.reflect.NativeMethodAccessorImpl.invoke0(Native Method)
	at sun.reflect.NativeMethodAccessorImpl.invoke(NativeMethodAccessorImpl.java:62)
	at sun.reflect.DelegatingMethodAccessorImpl.invoke(DelegatingMethodAccessorImpl.java:43)
	at java.lang.reflect.Method.invoke(Method.java:498)
	at org.springframework.aop.support.AopUtils.invokeJoinpointUsingReflection(AopUtils.java:344)
	at org.springframework.aop.framework.ReflectiveMethodInvocation.invokeJoinpoint(ReflectiveMethodInvocation.java:198)
	at org.springframework.aop.framework.ReflectiveMethodInvocation.proceed(ReflectiveMethodInvocation.java:163)
	at org.springframework.aop.interceptor.ExposeInvocationInterceptor.invoke(ExposeInvocationInterceptor.java:97)
	at org.springframework.aop.framework.ReflectiveMethodInvocation.proceed(ReflectiveMethodInvocation.java:186)
	at org.springframework.aop.framework.JdkDynamicAopProxy.invoke(JdkDynamicAopProxy.java:220)
	at com.sun.proxy.$Proxy116.updateAccountQuota(Unknown Source)
	at cn.gzy.infrastructure.persistent.repository.ActivityRepository.lambda$updateOrder$3(ActivityRepository.java:688)
	at org.springframework.transaction.support.TransactionTemplate.execute(TransactionTemplate.java:140)
	at cn.gzy.infrastructure.persistent.repository.ActivityRepository.updateOrder(ActivityRepository.java:675)
	at cn.gzy.infrastructure.persistent.repository.ActivityRepository$$FastClassBySpringCGLIB$$9abb50c6.invoke(<generated>)
	at org.springframework.cglib.proxy.MethodProxy.invoke(MethodProxy.java:218)
	at org.springframework.aop.framework.CglibAopProxy$CglibMethodInvocation.invokeJoinpoint(CglibAopProxy.java:793)
	at org.springframework.aop.framework.ReflectiveMethodInvocation.proceed(ReflectiveMethodInvocation.java:163)
	at org.springframework.aop.framework.CglibAopProxy$CglibMethodInvocation.proceed(CglibAopProxy.java:763)
	at org.springframework.dao.support.PersistenceExceptionTranslationInterceptor.invoke(PersistenceExceptionTranslationInterceptor.java:137)
	at org.springframework.aop.framework.ReflectiveMethodInvocation.proceed(ReflectiveMethodInvocation.java:186)
	at org.springframework.aop.framework.CglibAopProxy$CglibMethodInvocation.proceed(CglibAopProxy.java:763)
	at org.springframework.aop.framework.CglibAopProxy$DynamicAdvisedInterceptor.intercept(CglibAopProxy.java:708)
	at cn.gzy.infrastructure.persistent.repository.ActivityRepository$$EnhancerBySpringCGLIB$$d40f7c36.updateOrder(<generated>)
	at cn.gzy.domain.activity.service.quota.RaffleActivityAccountQuotaService.updateOrder(RaffleActivityAccountQuotaService.java:97)
	at cn.gzy.trigger.listener.CreditAdjustSuccessCustomer.listener(CreditAdjustSuccessCustomer.java:45)
	at sun.reflect.NativeMethodAccessorImpl.invoke0(Native Method)
	at sun.reflect.NativeMethodAccessorImpl.invoke(NativeMethodAccessorImpl.java:62)
	at sun.reflect.DelegatingMethodAccessorImpl.invoke(DelegatingMethodAccessorImpl.java:43)
	at java.lang.reflect.Method.invoke(Method.java:498)
	at org.springframework.messaging.handler.invocation.InvocableHandlerMethod.doInvoke(InvocableHandlerMethod.java:169)
	at org.springframework.messaging.handler.invocation.InvocableHandlerMethod.invoke(InvocableHandlerMethod.java:119)
	at org.springframework.amqp.rabbit.listener.adapter.HandlerAdapter.invoke(HandlerAdapter.java:77)
	at org.springframework.amqp.rabbit.listener.adapter.MessagingMessageListenerAdapter.invokeHandler(MessagingMessageListenerAdapter.java:263)
	... 13 common frames omitted
Caused by: java.sql.SQLIntegrityConstraintViolationException: Column 'total_count' cannot be null
	at com.mysql.cj.jdbc.exceptions.SQLError.createSQLException(SQLError.java:117)
	at com.mysql.cj.jdbc.exceptions.SQLError.createSQLException(SQLError.java:97)
	at com.mysql.cj.jdbc.exceptions.SQLExceptionsMapping.translateException(SQLExceptionsMapping.java:122)
	at com.mysql.cj.jdbc.ClientPreparedStatement.executeInternal(ClientPreparedStatement.java:953)
	at com.mysql.cj.jdbc.ClientPreparedStatement.execute(ClientPreparedStatement.java:370)
	at com.zaxxer.hikari.pool.ProxyPreparedStatement.execute(ProxyPreparedStatement.java:44)
	at com.zaxxer.hikari.pool.HikariProxyPreparedStatement.execute(HikariProxyPreparedStatement.java)
	at org.apache.ibatis.executor.statement.PreparedStatementHandler.update(PreparedStatementHandler.java:47)
	at org.apache.ibatis.executor.statement.RoutingStatementHandler.update(RoutingStatementHandler.java:74)
	at sun.reflect.NativeMethodAccessorImpl.invoke0(Native Method)
	at sun.reflect.NativeMethodAccessorImpl.invoke(NativeMethodAccessorImpl.java:62)
	at sun.reflect.DelegatingMethodAccessorImpl.invoke(DelegatingMethodAccessorImpl.java:43)
	at java.lang.reflect.Method.invoke(Method.java:498)
	at org.apache.ibatis.plugin.Plugin.invoke(Plugin.java:63)
	at com.sun.proxy.$Proxy184.update(Unknown Source)
	at org.apache.ibatis.executor.SimpleExecutor.doUpdate(SimpleExecutor.java:50)
	at org.apache.ibatis.executor.BaseExecutor.update(BaseExecutor.java:117)
	at org.apache.ibatis.executor.CachingExecutor.update(CachingExecutor.java:76)
	at org.apache.ibatis.session.defaults.DefaultSqlSession.update(DefaultSqlSession.java:197)
	at sun.reflect.NativeMethodAccessorImpl.invoke0(Native Method)
	at sun.reflect.NativeMethodAccessorImpl.invoke(NativeMethodAccessorImpl.java:62)
	at sun.reflect.DelegatingMethodAccessorImpl.invoke(DelegatingMethodAccessorImpl.java:43)
	at java.lang.reflect.Method.invoke(Method.java:498)
	at org.mybatis.spring.SqlSessionTemplate$SqlSessionInterceptor.invoke(SqlSessionTemplate.java:427)
	... 53 common frames omitted
26-05-11.10:19:43.529 [org.springframework.amqp.rabbit.RabbitListenerEndpointContainer#1-1] ERROR CreditAdjustSuccessCustomer - 监听积分账户调整成功消息，进行交易商品发货失败 topic: credit_adjust_success message: {"data":{"amount":-1.68,"orderId":"849555347552","outBusinessNo":"700091009200","userId":"xiaofuge"},"id":"36319250145","timestamp":1778465143977}
org.springframework.dao.DataIntegrityViolationException: 
### Error updating database.  Cause: java.sql.SQLIntegrityConstraintViolationException: Column 'total_count' cannot be null
### The error may exist in file [E:\project_java\big-market\big-market-app\target\classes\mybatis\mapper\raffle_activity_account_mapper.xml]
### The error may involve cn.gzy.infrastructure.persistent.dao.IRaffleActivityAccountDao.updateAccountQuota-Inline
### The error occurred while setting parameters
### SQL: update raffle_activity_account         set             total_count = total_count + ?,             total_count_surplus = total_count_surplus + ?,             day_count_surplus = day_count_surplus + ?,             day_count = day_count + ?,             month_count_surplus = month_count_surplus + ?,             month_count = month_count + ?,             update_time = now()         where user_id = ? and activity_id = ?
### Cause: java.sql.SQLIntegrityConstraintViolationException: Column 'total_count' cannot be null
; Column 'total_count' cannot be null; nested exception is java.sql.SQLIntegrityConstraintViolationException: Column 'total_count' cannot be null
	at org.springframework.jdbc.support.SQLExceptionSubclassTranslator.doTranslate(SQLExceptionSubclassTranslator.java:87)
	at org.springframework.jdbc.support.AbstractFallbackSQLExceptionTranslator.translate(AbstractFallbackSQLExceptionTranslator.java:70)
	at org.springframework.jdbc.support.AbstractFallbackSQLExceptionTranslator.translate(AbstractFallbackSQLExceptionTranslator.java:79)
	at org.mybatis.spring.MyBatisExceptionTranslator.translateExceptionIfPossible(MyBatisExceptionTranslator.java:91)
	at org.mybatis.spring.SqlSessionTemplate$SqlSessionInterceptor.invoke(SqlSessionTemplate.java:441)
	at com.sun.proxy.$Proxy109.update(Unknown Source)
	at org.mybatis.spring.SqlSessionTemplate.update(SqlSessionTemplate.java:288)
	at org.apache.ibatis.binding.MapperMethod.execute(MapperMethod.java:67)
	at org.apache.ibatis.binding.MapperProxy$PlainMethodInvoker.invoke(MapperProxy.java:152)
	at org.apache.ibatis.binding.MapperProxy.invoke(MapperProxy.java:85)
	at com.sun.proxy.$Proxy115.updateAccountQuota(Unknown Source)
	at sun.reflect.NativeMethodAccessorImpl.invoke0(Native Method)
	at sun.reflect.NativeMethodAccessorImpl.invoke(NativeMethodAccessorImpl.java:62)
	at sun.reflect.DelegatingMethodAccessorImpl.invoke(DelegatingMethodAccessorImpl.java:43)
	at java.lang.reflect.Method.invoke(Method.java:498)
	at org.springframework.aop.support.AopUtils.invokeJoinpointUsingReflection(AopUtils.java:344)
	at org.springframework.aop.framework.ReflectiveMethodInvocation.invokeJoinpoint(ReflectiveMethodInvocation.java:198)
	at org.springframework.aop.framework.ReflectiveMethodInvocation.proceed(ReflectiveMethodInvocation.java:163)
	at org.springframework.aop.interceptor.ExposeInvocationInterceptor.invoke(ExposeInvocationInterceptor.java:97)
	at org.springframework.aop.framework.ReflectiveMethodInvocation.proceed(ReflectiveMethodInvocation.java:186)
	at org.springframework.aop.framework.JdkDynamicAopProxy.invoke(JdkDynamicAopProxy.java:220)
	at com.sun.proxy.$Proxy116.updateAccountQuota(Unknown Source)
	at cn.gzy.infrastructure.persistent.repository.ActivityRepository.lambda$updateOrder$3(ActivityRepository.java:688)
	at org.springframework.transaction.support.TransactionTemplate.execute(TransactionTemplate.java:140)
	at cn.gzy.infrastructure.persistent.repository.ActivityRepository.updateOrder(ActivityRepository.java:675)
	at cn.gzy.infrastructure.persistent.repository.ActivityRepository$$FastClassBySpringCGLIB$$9abb50c6.invoke(<generated>)
	at org.springframework.cglib.proxy.MethodProxy.invoke(MethodProxy.java:218)
	at org.springframework.aop.framework.CglibAopProxy$CglibMethodInvocation.invokeJoinpoint(CglibAopProxy.java:793)
	at org.springframework.aop.framework.ReflectiveMethodInvocation.proceed(ReflectiveMethodInvocation.java:163)
	at org.springframework.aop.framework.CglibAopProxy$CglibMethodInvocation.proceed(CglibAopProxy.java:763)
	at org.springframework.dao.support.PersistenceExceptionTranslationInterceptor.invoke(PersistenceExceptionTranslationInterceptor.java:137)
	at org.springframework.aop.framework.ReflectiveMethodInvocation.proceed(ReflectiveMethodInvocation.java:186)
	at org.springframework.aop.framework.CglibAopProxy$CglibMethodInvocation.proceed(CglibAopProxy.java:763)
	at org.springframework.aop.framework.CglibAopProxy$DynamicAdvisedInterceptor.intercept(CglibAopProxy.java:708)
	at cn.gzy.infrastructure.persistent.repository.ActivityRepository$$EnhancerBySpringCGLIB$$d40f7c36.updateOrder(<generated>)
	at cn.gzy.domain.activity.service.quota.RaffleActivityAccountQuotaService.updateOrder(RaffleActivityAccountQuotaService.java:97)
	at cn.gzy.trigger.listener.CreditAdjustSuccessCustomer.listener(CreditAdjustSuccessCustomer.java:45)
	at sun.reflect.NativeMethodAccessorImpl.invoke0(Native Method)
	at sun.reflect.NativeMethodAccessorImpl.invoke(NativeMethodAccessorImpl.java:62)
	at sun.reflect.DelegatingMethodAccessorImpl.invoke(DelegatingMethodAccessorImpl.java:43)
	at java.lang.reflect.Method.invoke(Method.java:498)
	at org.springframework.messaging.handler.invocation.InvocableHandlerMethod.doInvoke(InvocableHandlerMethod.java:169)
	at org.springframework.messaging.handler.invocation.InvocableHandlerMethod.invoke(InvocableHandlerMethod.java:119)
	at org.springframework.amqp.rabbit.listener.adapter.HandlerAdapter.invoke(HandlerAdapter.java:77)
	at org.springframework.amqp.rabbit.listener.adapter.MessagingMessageListenerAdapter.invokeHandler(MessagingMessageListenerAdapter.java:263)
	at org.springframework.amqp.rabbit.listener.adapter.MessagingMessageListenerAdapter.invokeHandlerAndProcessResult(MessagingMessageListenerAdapter.java:209)
	at org.springframework.amqp.rabbit.listener.adapter.MessagingMessageListenerAdapter.onMessage(MessagingMessageListenerAdapter.java:148)
	at org.springframework.amqp.rabbit.listener.AbstractMessageListenerContainer.doInvokeListener(AbstractMessageListenerContainer.java:1674)
	at org.springframework.amqp.rabbit.listener.AbstractMessageListenerContainer.actualInvokeListener(AbstractMessageListenerContainer.java:1593)
	at org.springframework.amqp.rabbit.listener.AbstractMessageListenerContainer.invokeListener(AbstractMessageListenerContainer.java:1581)
	at org.springframework.amqp.rabbit.listener.AbstractMessageListenerContainer.doExecuteListener(AbstractMessageListenerContainer.java:1572)
	at org.springframework.amqp.rabbit.listener.AbstractMessageListenerContainer.executeListener(AbstractMessageListenerContainer.java:1516)
	at org.springframework.amqp.rabbit.listener.SimpleMessageListenerContainer.doReceiveAndExecute(SimpleMessageListenerContainer.java:1001)
	at org.springframework.amqp.rabbit.listener.SimpleMessageListenerContainer.receiveAndExecute(SimpleMessageListenerContainer.java:948)
	at org.springframework.amqp.rabbit.listener.SimpleMessageListenerContainer.access$1600(SimpleMessageListenerContainer.java:86)
	at org.springframework.amqp.rabbit.listener.SimpleMessageListenerContainer$AsyncMessageProcessingConsumer.mainLoop(SimpleMessageListenerContainer.java:1326)
	at org.springframework.amqp.rabbit.listener.SimpleMessageListenerContainer$AsyncMessageProcessingConsumer.run(SimpleMessageListenerContainer.java:1232)
	at java.lang.Thread.run(Thread.java:748)
Caused by: java.sql.SQLIntegrityConstraintViolationException: Column 'total_count' cannot be null
	at com.mysql.cj.jdbc.exceptions.SQLError.createSQLException(SQLError.java:117)
	at com.mysql.cj.jdbc.exceptions.SQLError.createSQLException(SQLError.java:97)
	at com.mysql.cj.jdbc.exceptions.SQLExceptionsMapping.translateException(SQLExceptionsMapping.java:122)
	at com.mysql.cj.jdbc.ClientPreparedStatement.executeInternal(ClientPreparedStatement.java:953)
	at com.mysql.cj.jdbc.ClientPreparedStatement.execute(ClientPreparedStatement.java:370)
	at com.zaxxer.hikari.pool.ProxyPreparedStatement.execute(ProxyPreparedStatement.java:44)
	at com.zaxxer.hikari.pool.HikariProxyPreparedStatement.execute(HikariProxyPreparedStatement.java)
	at org.apache.ibatis.executor.statement.PreparedStatementHandler.update(PreparedStatementHandler.java:47)
	at org.apache.ibatis.executor.statement.RoutingStatementHandler.update(RoutingStatementHandler.java:74)
	at sun.reflect.NativeMethodAccessorImpl.invoke0(Native Method)
	at sun.reflect.NativeMethodAccessorImpl.invoke(NativeMethodAccessorImpl.java:62)
	at sun.reflect.DelegatingMethodAccessorImpl.invoke(DelegatingMethodAccessorImpl.java:43)
	at java.lang.reflect.Method.invoke(Method.java:498)
	at org.apache.ibatis.plugin.Plugin.invoke(Plugin.java:63)
	at com.sun.proxy.$Proxy184.update(Unknown Source)
	at org.apache.ibatis.executor.SimpleExecutor.doUpdate(SimpleExecutor.java:50)
	at org.apache.ibatis.executor.BaseExecutor.update(BaseExecutor.java:117)
	at org.apache.ibatis.executor.CachingExecutor.update(CachingExecutor.java:76)
	at org.apache.ibatis.session.defaults.DefaultSqlSession.update(DefaultSqlSession.java:197)
	at sun.reflect.NativeMethodAccessorImpl.invoke0(Native Method)
	at sun.reflect.NativeMethodAccessorImpl.invoke(NativeMethodAccessorImpl.java:62)
	at sun.reflect.DelegatingMethodAccessorImpl.invoke(DelegatingMethodAccessorImpl.java:43)
	at java.lang.reflect.Method.invoke(Method.java:498)
	at org.mybatis.spring.SqlSessionTemplate$SqlSessionInterceptor.invoke(SqlSessionTemplate.java:427)
	... 53 common frames omitted
26-05-11.10:19:43.529 [org.springframework.amqp.rabbit.RabbitListenerEndpointContainer#1-1] WARN  ConditionalRejectingErrorHandler - Execution of Rabbit message listener failed.
org.springframework.amqp.rabbit.support.ListenerExecutionFailedException: Listener method 'public void cn.gzy.trigger.listener.CreditAdjustSuccessCustomer.listener(java.lang.String)' threw exception
	at org.springframework.amqp.rabbit.listener.adapter.MessagingMessageListenerAdapter.invokeHandler(MessagingMessageListenerAdapter.java:272)
	at org.springframework.amqp.rabbit.listener.adapter.MessagingMessageListenerAdapter.invokeHandlerAndProcessResult(MessagingMessageListenerAdapter.java:209)
	at org.springframework.amqp.rabbit.listener.adapter.MessagingMessageListenerAdapter.onMessage(MessagingMessageListenerAdapter.java:148)
	at org.springframework.amqp.rabbit.listener.AbstractMessageListenerContainer.doInvokeListener(AbstractMessageListenerContainer.java:1674)
	at org.springframework.amqp.rabbit.listener.AbstractMessageListenerContainer.actualInvokeListener(AbstractMessageListenerContainer.java:1593)
	at org.springframework.amqp.rabbit.listener.AbstractMessageListenerContainer.invokeListener(AbstractMessageListenerContainer.java:1581)
	at org.springframework.amqp.rabbit.listener.AbstractMessageListenerContainer.doExecuteListener(AbstractMessageListenerContainer.java:1572)
	at org.springframework.amqp.rabbit.listener.AbstractMessageListenerContainer.executeListener(AbstractMessageListenerContainer.java:1516)
	at org.springframework.amqp.rabbit.listener.SimpleMessageListenerContainer.doReceiveAndExecute(SimpleMessageListenerContainer.java:1001)
	at org.springframework.amqp.rabbit.listener.SimpleMessageListenerContainer.receiveAndExecute(SimpleMessageListenerContainer.java:948)
	at org.springframework.amqp.rabbit.listener.SimpleMessageListenerContainer.access$1600(SimpleMessageListenerContainer.java:86)
	at org.springframework.amqp.rabbit.listener.SimpleMessageListenerContainer$AsyncMessageProcessingConsumer.mainLoop(SimpleMessageListenerContainer.java:1326)
	at org.springframework.amqp.rabbit.listener.SimpleMessageListenerContainer$AsyncMessageProcessingConsumer.run(SimpleMessageListenerContainer.java:1232)
	at java.lang.Thread.run(Thread.java:748)
Caused by: org.springframework.dao.DataIntegrityViolationException: 
### Error updating database.  Cause: java.sql.SQLIntegrityConstraintViolationException: Column 'total_count' cannot be null
### The error may exist in file [E:\project_java\big-market\big-market-app\target\classes\mybatis\mapper\raffle_activity_account_mapper.xml]
### The error may involve cn.gzy.infrastructure.persistent.dao.IRaffleActivityAccountDao.updateAccountQuota-Inline
### The error occurred while setting parameters
### SQL: update raffle_activity_account         set             total_count = total_count + ?,             total_count_surplus = total_count_surplus + ?,             day_count_surplus = day_count_surplus + ?,             day_count = day_count + ?,             month_count_surplus = month_count_surplus + ?,             month_count = month_count + ?,             update_time = now()         where user_id = ? and activity_id = ?
### Cause: java.sql.SQLIntegrityConstraintViolationException: Column 'total_count' cannot be null
; Column 'total_count' cannot be null; nested exception is java.sql.SQLIntegrityConstraintViolationException: Column 'total_count' cannot be null
	at org.springframework.jdbc.support.SQLExceptionSubclassTranslator.doTranslate(SQLExceptionSubclassTranslator.java:87)
	at org.springframework.jdbc.support.AbstractFallbackSQLExceptionTranslator.translate(AbstractFallbackSQLExceptionTranslator.java:70)
	at org.springframework.jdbc.support.AbstractFallbackSQLExceptionTranslator.translate(AbstractFallbackSQLExceptionTranslator.java:79)
	at org.mybatis.spring.MyBatisExceptionTranslator.translateExceptionIfPossible(MyBatisExceptionTranslator.java:91)
	at org.mybatis.spring.SqlSessionTemplate$SqlSessionInterceptor.invoke(SqlSessionTemplate.java:441)
	at com.sun.proxy.$Proxy109.update(Unknown Source)
	at org.mybatis.spring.SqlSessionTemplate.update(SqlSessionTemplate.java:288)
	at org.apache.ibatis.binding.MapperMethod.execute(MapperMethod.java:67)
	at org.apache.ibatis.binding.MapperProxy$PlainMethodInvoker.invoke(MapperProxy.java:152)
	at org.apache.ibatis.binding.MapperProxy.invoke(MapperProxy.java:85)
	at com.sun.proxy.$Proxy115.updateAccountQuota(Unknown Source)
	at sun.reflect.NativeMethodAccessorImpl.invoke0(Native Method)
	at sun.reflect.NativeMethodAccessorImpl.invoke(NativeMethodAccessorImpl.java:62)
	at sun.reflect.DelegatingMethodAccessorImpl.invoke(DelegatingMethodAccessorImpl.java:43)
	at java.lang.reflect.Method.invoke(Method.java:498)
	at org.springframework.aop.support.AopUtils.invokeJoinpointUsingReflection(AopUtils.java:344)
	at org.springframework.aop.framework.ReflectiveMethodInvocation.invokeJoinpoint(ReflectiveMethodInvocation.java:198)
	at org.springframework.aop.framework.ReflectiveMethodInvocation.proceed(ReflectiveMethodInvocation.java:163)
	at org.springframework.aop.interceptor.ExposeInvocationInterceptor.invoke(ExposeInvocationInterceptor.java:97)
	at org.springframework.aop.framework.ReflectiveMethodInvocation.proceed(ReflectiveMethodInvocation.java:186)
	at org.springframework.aop.framework.JdkDynamicAopProxy.invoke(JdkDynamicAopProxy.java:220)
	at com.sun.proxy.$Proxy116.updateAccountQuota(Unknown Source)
	at cn.gzy.infrastructure.persistent.repository.ActivityRepository.lambda$updateOrder$3(ActivityRepository.java:688)
	at org.springframework.transaction.support.TransactionTemplate.execute(TransactionTemplate.java:140)
	at cn.gzy.infrastructure.persistent.repository.ActivityRepository.updateOrder(ActivityRepository.java:675)
	at cn.gzy.infrastructure.persistent.repository.ActivityRepository$$FastClassBySpringCGLIB$$9abb50c6.invoke(<generated>)
	at org.springframework.cglib.proxy.MethodProxy.invoke(MethodProxy.java:218)
	at org.springframework.aop.framework.CglibAopProxy$CglibMethodInvocation.invokeJoinpoint(CglibAopProxy.java:793)
	at org.springframework.aop.framework.ReflectiveMethodInvocation.proceed(ReflectiveMethodInvocation.java:163)
	at org.springframework.aop.framework.CglibAopProxy$CglibMethodInvocation.proceed(CglibAopProxy.java:763)
	at org.springframework.dao.support.PersistenceExceptionTranslationInterceptor.invoke(PersistenceExceptionTranslationInterceptor.java:137)
	at org.springframework.aop.framework.ReflectiveMethodInvocation.proceed(ReflectiveMethodInvocation.java:186)
	at org.springframework.aop.framework.CglibAopProxy$CglibMethodInvocation.proceed(CglibAopProxy.java:763)
	at org.springframework.aop.framework.CglibAopProxy$DynamicAdvisedInterceptor.intercept(CglibAopProxy.java:708)
	at cn.gzy.infrastructure.persistent.repository.ActivityRepository$$EnhancerBySpringCGLIB$$d40f7c36.updateOrder(<generated>)
	at cn.gzy.domain.activity.service.quota.RaffleActivityAccountQuotaService.updateOrder(RaffleActivityAccountQuotaService.java:97)
	at cn.gzy.trigger.listener.CreditAdjustSuccessCustomer.listener(CreditAdjustSuccessCustomer.java:45)
	at sun.reflect.NativeMethodAccessorImpl.invoke0(Native Method)
	at sun.reflect.NativeMethodAccessorImpl.invoke(NativeMethodAccessorImpl.java:62)
	at sun.reflect.DelegatingMethodAccessorImpl.invoke(DelegatingMethodAccessorImpl.java:43)
	at java.lang.reflect.Method.invoke(Method.java:498)
	at org.springframework.messaging.handler.invocation.InvocableHandlerMethod.doInvoke(InvocableHandlerMethod.java:169)
	at org.springframework.messaging.handler.invocation.InvocableHandlerMethod.invoke(InvocableHandlerMethod.java:119)
	at org.springframework.amqp.rabbit.listener.adapter.HandlerAdapter.invoke(HandlerAdapter.java:77)
	at org.springframework.amqp.rabbit.listener.adapter.MessagingMessageListenerAdapter.invokeHandler(MessagingMessageListenerAdapter.java:263)
	... 13 common frames omitted
Caused by: java.sql.SQLIntegrityConstraintViolationException: Column 'total_count' cannot be null
	at com.mysql.cj.jdbc.exceptions.SQLError.createSQLException(SQLError.java:117)
	at com.mysql.cj.jdbc.exceptions.SQLError.createSQLException(SQLError.java:97)
	at com.mysql.cj.jdbc.exceptions.SQLExceptionsMapping.translateException(SQLExceptionsMapping.java:122)
	at com.mysql.cj.jdbc.ClientPreparedStatement.executeInternal(ClientPreparedStatement.java:953)
	at com.mysql.cj.jdbc.ClientPreparedStatement.execute(ClientPreparedStatement.java:370)
	at com.zaxxer.hikari.pool.ProxyPreparedStatement.execute(ProxyPreparedStatement.java:44)
	at com.zaxxer.hikari.pool.HikariProxyPreparedStatement.execute(HikariProxyPreparedStatement.java)
	at org.apache.ibatis.executor.statement.PreparedStatementHandler.update(PreparedStatementHandler.java:47)
	at org.apache.ibatis.executor.statement.RoutingStatementHandler.update(RoutingStatementHandler.java:74)
	at sun.reflect.NativeMethodAccessorImpl.invoke0(Native Method)
	at sun.reflect.NativeMethodAccessorImpl.invoke(NativeMethodAccessorImpl.java:62)
	at sun.reflect.DelegatingMethodAccessorImpl.invoke(DelegatingMethodAccessorImpl.java:43)
	at java.lang.reflect.Method.invoke(Method.java:498)
	at org.apache.ibatis.plugin.Plugin.invoke(Plugin.java:63)
	at com.sun.proxy.$Proxy184.update(Unknown Source)
	at org.apache.ibatis.executor.SimpleExecutor.doUpdate(SimpleExecutor.java:50)
	at org.apache.ibatis.executor.BaseExecutor.update(BaseExecutor.java:117)
	at org.apache.ibatis.executor.CachingExecutor.update(CachingExecutor.java:76)
	at org.apache.ibatis.session.defaults.DefaultSqlSession.update(DefaultSqlSession.java:197)
	at sun.reflect.NativeMethodAccessorImpl.invoke0(Native Method)
	at sun.reflect.NativeMethodAccessorImpl.invoke(NativeMethodAccessorImpl.java:62)
	at sun.reflect.DelegatingMethodAccessorImpl.invoke(DelegatingMethodAccessorImpl.java:43)
	at java.lang.reflect.Method.invoke(Method.java:498)
	at org.mybatis.spring.SqlSessionTemplate$SqlSessionInterceptor.invoke(SqlSessionTemplate.java:427)
	... 53 common frames omitted
26-05-11.10:19:43.967 [org.springframework.amqp.rabbit.RabbitListenerEndpointContainer#1-1] ERROR CreditAdjustSuccessCustomer - 监听积分账户调整成功消息，进行交易商品发货失败 topic: credit_adjust_success message: {"data":{"amount":-1.68,"orderId":"849555347552","outBusinessNo":"700091009200","userId":"xiaofuge"},"id":"36319250145","timestamp":1778465143977}
org.springframework.dao.DataIntegrityViolationException: 
### Error updating database.  Cause: java.sql.SQLIntegrityConstraintViolationException: Column 'total_count' cannot be null
### The error may exist in file [E:\project_java\big-market\big-market-app\target\classes\mybatis\mapper\raffle_activity_account_mapper.xml]
### The error may involve cn.gzy.infrastructure.persistent.dao.IRaffleActivityAccountDao.updateAccountQuota-Inline
### The error occurred while setting parameters
### SQL: update raffle_activity_account         set             total_count = total_count + ?,             total_count_surplus = total_count_surplus + ?,             day_count_surplus = day_count_surplus + ?,             day_count = day_count + ?,             month_count_surplus = month_count_surplus + ?,             month_count = month_count + ?,             update_time = now()         where user_id = ? and activity_id = ?
### Cause: java.sql.SQLIntegrityConstraintViolationException: Column 'total_count' cannot be null
; Column 'total_count' cannot be null; nested exception is java.sql.SQLIntegrityConstraintViolationException: Column 'total_count' cannot be null
	at org.springframework.jdbc.support.SQLExceptionSubclassTranslator.doTranslate(SQLExceptionSubclassTranslator.java:87)
	at org.springframework.jdbc.support.AbstractFallbackSQLExceptionTranslator.translate(AbstractFallbackSQLExceptionTranslator.java:70)
	at org.springframework.jdbc.support.AbstractFallbackSQLExceptionTranslator.translate(AbstractFallbackSQLExceptionTranslator.java:79)
	at org.mybatis.spring.MyBatisExceptionTranslator.translateExceptionIfPossible(MyBatisExceptionTranslator.java:91)
	at org.mybatis.spring.SqlSessionTemplate$SqlSessionInterceptor.invoke(SqlSessionTemplate.java:441)
	at com.sun.proxy.$Proxy109.update(Unknown Source)
	at org.mybatis.spring.SqlSessionTemplate.update(SqlSessionTemplate.java:288)
	at org.apache.ibatis.binding.MapperMethod.execute(MapperMethod.java:67)
	at org.apache.ibatis.binding.MapperProxy$PlainMethodInvoker.invoke(MapperProxy.java:152)
	at org.apache.ibatis.binding.MapperProxy.invoke(MapperProxy.java:85)
	at com.sun.proxy.$Proxy115.updateAccountQuota(Unknown Source)
	at sun.reflect.NativeMethodAccessorImpl.invoke0(Native Method)
	at sun.reflect.NativeMethodAccessorImpl.invoke(NativeMethodAccessorImpl.java:62)
	at sun.reflect.DelegatingMethodAccessorImpl.invoke(DelegatingMethodAccessorImpl.java:43)
	at java.lang.reflect.Method.invoke(Method.java:498)
	at org.springframework.aop.support.AopUtils.invokeJoinpointUsingReflection(AopUtils.java:344)
	at org.springframework.aop.framework.ReflectiveMethodInvocation.invokeJoinpoint(ReflectiveMethodInvocation.java:198)
	at org.springframework.aop.framework.ReflectiveMethodInvocation.proceed(ReflectiveMethodInvocation.java:163)
	at org.springframework.aop.interceptor.ExposeInvocationInterceptor.invoke(ExposeInvocationInterceptor.java:97)
	at org.springframework.aop.framework.ReflectiveMethodInvocation.proceed(ReflectiveMethodInvocation.java:186)
	at org.springframework.aop.framework.JdkDynamicAopProxy.invoke(JdkDynamicAopProxy.java:220)
	at com.sun.proxy.$Proxy116.updateAccountQuota(Unknown Source)
	at cn.gzy.infrastructure.persistent.repository.ActivityRepository.lambda$updateOrder$3(ActivityRepository.java:688)
	at org.springframework.transaction.support.TransactionTemplate.execute(TransactionTemplate.java:140)
	at cn.gzy.infrastructure.persistent.repository.ActivityRepository.updateOrder(ActivityRepository.java:675)
	at cn.gzy.infrastructure.persistent.repository.ActivityRepository$$FastClassBySpringCGLIB$$9abb50c6.invoke(<generated>)
	at org.springframework.cglib.proxy.MethodProxy.invoke(MethodProxy.java:218)
	at org.springframework.aop.framework.CglibAopProxy$CglibMethodInvocation.invokeJoinpoint(CglibAopProxy.java:793)
	at org.springframework.aop.framework.ReflectiveMethodInvocation.proceed(ReflectiveMethodInvocation.java:163)
	at org.springframework.aop.framework.CglibAopProxy$CglibMethodInvocation.proceed(CglibAopProxy.java:763)
	at org.springframework.dao.support.PersistenceExceptionTranslationInterceptor.invoke(PersistenceExceptionTranslationInterceptor.java:137)
	at org.springframework.aop.framework.ReflectiveMethodInvocation.proceed(ReflectiveMethodInvocation.java:186)
	at org.springframework.aop.framework.CglibAopProxy$CglibMethodInvocation.proceed(CglibAopProxy.java:763)
	at org.springframework.aop.framework.CglibAopProxy$DynamicAdvisedInterceptor.intercept(CglibAopProxy.java:708)
	at cn.gzy.infrastructure.persistent.repository.ActivityRepository$$EnhancerBySpringCGLIB$$d40f7c36.updateOrder(<generated>)
	at cn.gzy.domain.activity.service.quota.RaffleActivityAccountQuotaService.updateOrder(RaffleActivityAccountQuotaService.java:97)
	at cn.gzy.trigger.listener.CreditAdjustSuccessCustomer.listener(CreditAdjustSuccessCustomer.java:45)
	at sun.reflect.NativeMethodAccessorImpl.invoke0(Native Method)
	at sun.reflect.NativeMethodAccessorImpl.invoke(NativeMethodAccessorImpl.java:62)
	at sun.reflect.DelegatingMethodAccessorImpl.invoke(DelegatingMethodAccessorImpl.java:43)
	at java.lang.reflect.Method.invoke(Method.java:498)
	at org.springframework.messaging.handler.invocation.InvocableHandlerMethod.doInvoke(InvocableHandlerMethod.java:169)
	at org.springframework.messaging.handler.invocation.InvocableHandlerMethod.invoke(InvocableHandlerMethod.java:119)
	at org.springframework.amqp.rabbit.listener.adapter.HandlerAdapter.invoke(HandlerAdapter.java:77)
	at org.springframework.amqp.rabbit.listener.adapter.MessagingMessageListenerAdapter.invokeHandler(MessagingMessageListenerAdapter.java:263)
	at org.springframework.amqp.rabbit.listener.adapter.MessagingMessageListenerAdapter.invokeHandlerAndProcessResult(MessagingMessageListenerAdapter.java:209)
	at org.springframework.amqp.rabbit.listener.adapter.MessagingMessageListenerAdapter.onMessage(MessagingMessageListenerAdapter.java:148)
	at org.springframework.amqp.rabbit.listener.AbstractMessageListenerContainer.doInvokeListener(AbstractMessageListenerContainer.java:1674)
	at org.springframework.amqp.rabbit.listener.AbstractMessageListenerContainer.actualInvokeListener(AbstractMessageListenerContainer.java:1593)
	at org.springframework.amqp.rabbit.listener.AbstractMessageListenerContainer.invokeListener(AbstractMessageListenerContainer.java:1581)
	at org.springframework.amqp.rabbit.listener.AbstractMessageListenerContainer.doExecuteListener(AbstractMessageListenerContainer.java:1572)
	at org.springframework.amqp.rabbit.listener.AbstractMessageListenerContainer.executeListener(AbstractMessageListenerContainer.java:1516)
	at org.springframework.amqp.rabbit.listener.SimpleMessageListenerContainer.doReceiveAndExecute(SimpleMessageListenerContainer.java:1001)
	at org.springframework.amqp.rabbit.listener.SimpleMessageListenerContainer.receiveAndExecute(SimpleMessageListenerContainer.java:948)
	at org.springframework.amqp.rabbit.listener.SimpleMessageListenerContainer.access$1600(SimpleMessageListenerContainer.java:86)
	at org.springframework.amqp.rabbit.listener.SimpleMessageListenerContainer$AsyncMessageProcessingConsumer.mainLoop(SimpleMessageListenerContainer.java:1326)
	at org.springframework.amqp.rabbit.listener.SimpleMessageListenerContainer$AsyncMessageProcessingConsumer.run(SimpleMessageListenerContainer.java:1232)
	at java.lang.Thread.run(Thread.java:748)
Caused by: java.sql.SQLIntegrityConstraintViolationException: Column 'total_count' cannot be null
	at com.mysql.cj.jdbc.exceptions.SQLError.createSQLException(SQLError.java:117)
	at com.mysql.cj.jdbc.exceptions.SQLError.createSQLException(SQLError.java:97)
	at com.mysql.cj.jdbc.exceptions.SQLExceptionsMapping.translateException(SQLExceptionsMapping.java:122)
	at com.mysql.cj.jdbc.ClientPreparedStatement.executeInternal(ClientPreparedStatement.java:953)
	at com.mysql.cj.jdbc.ClientPreparedStatement.execute(ClientPreparedStatement.java:370)
	at com.zaxxer.hikari.pool.ProxyPreparedStatement.execute(ProxyPreparedStatement.java:44)
	at com.zaxxer.hikari.pool.HikariProxyPreparedStatement.execute(HikariProxyPreparedStatement.java)
	at org.apache.ibatis.executor.statement.PreparedStatementHandler.update(PreparedStatementHandler.java:47)
	at org.apache.ibatis.executor.statement.RoutingStatementHandler.update(RoutingStatementHandler.java:74)
	at sun.reflect.NativeMethodAccessorImpl.invoke0(Native Method)
	at sun.reflect.NativeMethodAccessorImpl.invoke(NativeMethodAccessorImpl.java:62)
	at sun.reflect.DelegatingMethodAccessorImpl.invoke(DelegatingMethodAccessorImpl.java:43)
	at java.lang.reflect.Method.invoke(Method.java:498)
	at org.apache.ibatis.plugin.Plugin.invoke(Plugin.java:63)
	at com.sun.proxy.$Proxy184.update(Unknown Source)
	at org.apache.ibatis.executor.SimpleExecutor.doUpdate(SimpleExecutor.java:50)
	at org.apache.ibatis.executor.BaseExecutor.update(BaseExecutor.java:117)
	at org.apache.ibatis.executor.CachingExecutor.update(CachingExecutor.java:76)
	at org.apache.ibatis.session.defaults.DefaultSqlSession.update(DefaultSqlSession.java:197)
	at sun.reflect.NativeMethodAccessorImpl.invoke0(Native Method)
	at sun.reflect.NativeMethodAccessorImpl.invoke(NativeMethodAccessorImpl.java:62)
	at sun.reflect.DelegatingMethodAccessorImpl.invoke(DelegatingMethodAccessorImpl.java:43)
	at java.lang.reflect.Method.invoke(Method.java:498)
	at org.mybatis.spring.SqlSessionTemplate$SqlSessionInterceptor.invoke(SqlSessionTemplate.java:427)
	... 53 common frames omitted
26-05-11.10:19:43.968 [org.springframework.amqp.rabbit.RabbitListenerEndpointContainer#1-1] WARN  ConditionalRejectingErrorHandler - Execution of Rabbit message listener failed.
org.springframework.amqp.rabbit.support.ListenerExecutionFailedException: Listener method 'public void cn.gzy.trigger.listener.CreditAdjustSuccessCustomer.listener(java.lang.String)' threw exception
	at org.springframework.amqp.rabbit.listener.adapter.MessagingMessageListenerAdapter.invokeHandler(MessagingMessageListenerAdapter.java:272)
	at org.springframework.amqp.rabbit.listener.adapter.MessagingMessageListenerAdapter.invokeHandlerAndProcessResult(MessagingMessageListenerAdapter.java:209)
	at org.springframework.amqp.rabbit.listener.adapter.MessagingMessageListenerAdapter.onMessage(MessagingMessageListenerAdapter.java:148)
	at org.springframework.amqp.rabbit.listener.AbstractMessageListenerContainer.doInvokeListener(AbstractMessageListenerContainer.java:1674)
	at org.springframework.amqp.rabbit.listener.AbstractMessageListenerContainer.actualInvokeListener(AbstractMessageListenerContainer.java:1593)
	at org.springframework.amqp.rabbit.listener.AbstractMessageListenerContainer.invokeListener(AbstractMessageListenerContainer.java:1581)
	at org.springframework.amqp.rabbit.listener.AbstractMessageListenerContainer.doExecuteListener(AbstractMessageListenerContainer.java:1572)
	at org.springframework.amqp.rabbit.listener.AbstractMessageListenerContainer.executeListener(AbstractMessageListenerContainer.java:1516)
	at org.springframework.amqp.rabbit.listener.SimpleMessageListenerContainer.doReceiveAndExecute(SimpleMessageListenerContainer.java:1001)
	at org.springframework.amqp.rabbit.listener.SimpleMessageListenerContainer.receiveAndExecute(SimpleMessageListenerContainer.java:948)
	at org.springframework.amqp.rabbit.listener.SimpleMessageListenerContainer.access$1600(SimpleMessageListenerContainer.java:86)
	at org.springframework.amqp.rabbit.listener.SimpleMessageListenerContainer$AsyncMessageProcessingConsumer.mainLoop(SimpleMessageListenerContainer.java:1326)
	at org.springframework.amqp.rabbit.listener.SimpleMessageListenerContainer$AsyncMessageProcessingConsumer.run(SimpleMessageListenerContainer.java:1232)
	at java.lang.Thread.run(Thread.java:748)
Caused by: org.springframework.dao.DataIntegrityViolationException: 
### Error updating database.  Cause: java.sql.SQLIntegrityConstraintViolationException: Column 'total_count' cannot be null
### The error may exist in file [E:\project_java\big-market\big-market-app\target\classes\mybatis\mapper\raffle_activity_account_mapper.xml]
### The error may involve cn.gzy.infrastructure.persistent.dao.IRaffleActivityAccountDao.updateAccountQuota-Inline
### The error occurred while setting parameters
### SQL: update raffle_activity_account         set             total_count = total_count + ?,             total_count_surplus = total_count_surplus + ?,             day_count_surplus = day_count_surplus + ?,             day_count = day_count + ?,             month_count_surplus = month_count_surplus + ?,             month_count = month_count + ?,             update_time = now()         where user_id = ? and activity_id = ?
### Cause: java.sql.SQLIntegrityConstraintViolationException: Column 'total_count' cannot be null
; Column 'total_count' cannot be null; nested exception is java.sql.SQLIntegrityConstraintViolationException: Column 'total_count' cannot be null
	at org.springframework.jdbc.support.SQLExceptionSubclassTranslator.doTranslate(SQLExceptionSubclassTranslator.java:87)
	at org.springframework.jdbc.support.AbstractFallbackSQLExceptionTranslator.translate(AbstractFallbackSQLExceptionTranslator.java:70)
	at org.springframework.jdbc.support.AbstractFallbackSQLExceptionTranslator.translate(AbstractFallbackSQLExceptionTranslator.java:79)
	at org.mybatis.spring.MyBatisExceptionTranslator.translateExceptionIfPossible(MyBatisExceptionTranslator.java:91)
	at org.mybatis.spring.SqlSessionTemplate$SqlSessionInterceptor.invoke(SqlSessionTemplate.java:441)
	at com.sun.proxy.$Proxy109.update(Unknown Source)
	at org.mybatis.spring.SqlSessionTemplate.update(SqlSessionTemplate.java:288)
	at org.apache.ibatis.binding.MapperMethod.execute(MapperMethod.java:67)
	at org.apache.ibatis.binding.MapperProxy$PlainMethodInvoker.invoke(MapperProxy.java:152)
	at org.apache.ibatis.binding.MapperProxy.invoke(MapperProxy.java:85)
	at com.sun.proxy.$Proxy115.updateAccountQuota(Unknown Source)
	at sun.reflect.NativeMethodAccessorImpl.invoke0(Native Method)
	at sun.reflect.NativeMethodAccessorImpl.invoke(NativeMethodAccessorImpl.java:62)
	at sun.reflect.DelegatingMethodAccessorImpl.invoke(DelegatingMethodAccessorImpl.java:43)
	at java.lang.reflect.Method.invoke(Method.java:498)
	at org.springframework.aop.support.AopUtils.invokeJoinpointUsingReflection(AopUtils.java:344)
	at org.springframework.aop.framework.ReflectiveMethodInvocation.invokeJoinpoint(ReflectiveMethodInvocation.java:198)
	at org.springframework.aop.framework.ReflectiveMethodInvocation.proceed(ReflectiveMethodInvocation.java:163)
	at org.springframework.aop.interceptor.ExposeInvocationInterceptor.invoke(ExposeInvocationInterceptor.java:97)
	at org.springframework.aop.framework.ReflectiveMethodInvocation.proceed(ReflectiveMethodInvocation.java:186)
	at org.springframework.aop.framework.JdkDynamicAopProxy.invoke(JdkDynamicAopProxy.java:220)
	at com.sun.proxy.$Proxy116.updateAccountQuota(Unknown Source)
	at cn.gzy.infrastructure.persistent.repository.ActivityRepository.lambda$updateOrder$3(ActivityRepository.java:688)
	at org.springframework.transaction.support.TransactionTemplate.execute(TransactionTemplate.java:140)
	at cn.gzy.infrastructure.persistent.repository.ActivityRepository.updateOrder(ActivityRepository.java:675)
	at cn.gzy.infrastructure.persistent.repository.ActivityRepository$$FastClassBySpringCGLIB$$9abb50c6.invoke(<generated>)
	at org.springframework.cglib.proxy.MethodProxy.invoke(MethodProxy.java:218)
	at org.springframework.aop.framework.CglibAopProxy$CglibMethodInvocation.invokeJoinpoint(CglibAopProxy.java:793)
	at org.springframework.aop.framework.ReflectiveMethodInvocation.proceed(ReflectiveMethodInvocation.java:163)
	at org.springframework.aop.framework.CglibAopProxy$CglibMethodInvocation.proceed(CglibAopProxy.java:763)
	at org.springframework.dao.support.PersistenceExceptionTranslationInterceptor.invoke(PersistenceExceptionTranslationInterceptor.java:137)
	at org.springframework.aop.framework.ReflectiveMethodInvocation.proceed(ReflectiveMethodInvocation.java:186)
	at org.springframework.aop.framework.CglibAopProxy$CglibMethodInvocation.proceed(CglibAopProxy.java:763)
	at org.springframework.aop.framework.CglibAopProxy$DynamicAdvisedInterceptor.intercept(CglibAopProxy.java:708)
	at cn.gzy.infrastructure.persistent.repository.ActivityRepository$$EnhancerBySpringCGLIB$$d40f7c36.updateOrder(<generated>)
	at cn.gzy.domain.activity.service.quota.RaffleActivityAccountQuotaService.updateOrder(RaffleActivityAccountQuotaService.java:97)
	at cn.gzy.trigger.listener.CreditAdjustSuccessCustomer.listener(CreditAdjustSuccessCustomer.java:45)
	at sun.reflect.NativeMethodAccessorImpl.invoke0(Native Method)
	at sun.reflect.NativeMethodAccessorImpl.invoke(NativeMethodAccessorImpl.java:62)
	at sun.reflect.DelegatingMethodAccessorImpl.invoke(DelegatingMethodAccessorImpl.java:43)
	at java.lang.reflect.Method.invoke(Method.java:498)
	at org.springframework.messaging.handler.invocation.InvocableHandlerMethod.doInvoke(InvocableHandlerMethod.java:169)
	at org.springframework.messaging.handler.invocation.InvocableHandlerMethod.invoke(InvocableHandlerMethod.java:119)
	at org.springframework.amqp.rabbit.listener.adapter.HandlerAdapter.invoke(HandlerAdapter.java:77)
	at org.springframework.amqp.rabbit.listener.adapter.MessagingMessageListenerAdapter.invokeHandler(MessagingMessageListenerAdapter.java:263)
	... 13 common frames omitted
Caused by: java.sql.SQLIntegrityConstraintViolationException: Column 'total_count' cannot be null
	at com.mysql.cj.jdbc.exceptions.SQLError.createSQLException(SQLError.java:117)
	at com.mysql.cj.jdbc.exceptions.SQLError.createSQLException(SQLError.java:97)
	at com.mysql.cj.jdbc.exceptions.SQLExceptionsMapping.translateException(SQLExceptionsMapping.java:122)
	at com.mysql.cj.jdbc.ClientPreparedStatement.executeInternal(ClientPreparedStatement.java:953)
	at com.mysql.cj.jdbc.ClientPreparedStatement.execute(ClientPreparedStatement.java:370)
	at com.zaxxer.hikari.pool.ProxyPreparedStatement.execute(ProxyPreparedStatement.java:44)
	at com.zaxxer.hikari.pool.HikariProxyPreparedStatement.execute(HikariProxyPreparedStatement.java)
	at org.apache.ibatis.executor.statement.PreparedStatementHandler.update(PreparedStatementHandler.java:47)
	at org.apache.ibatis.executor.statement.RoutingStatementHandler.update(RoutingStatementHandler.java:74)
	at sun.reflect.NativeMethodAccessorImpl.invoke0(Native Method)
	at sun.reflect.NativeMethodAccessorImpl.invoke(NativeMethodAccessorImpl.java:62)
	at sun.reflect.DelegatingMethodAccessorImpl.invoke(DelegatingMethodAccessorImpl.java:43)
	at java.lang.reflect.Method.invoke(Method.java:498)
	at org.apache.ibatis.plugin.Plugin.invoke(Plugin.java:63)
	at com.sun.proxy.$Proxy184.update(Unknown Source)
	at org.apache.ibatis.executor.SimpleExecutor.doUpdate(SimpleExecutor.java:50)
	at org.apache.ibatis.executor.BaseExecutor.update(BaseExecutor.java:117)
	at org.apache.ibatis.executor.CachingExecutor.update(CachingExecutor.java:76)
	at org.apache.ibatis.session.defaults.DefaultSqlSession.update(DefaultSqlSession.java:197)
	at sun.reflect.NativeMethodAccessorImpl.invoke0(Native Method)
	at sun.reflect.NativeMethodAccessorImpl.invoke(NativeMethodAccessorImpl.java:62)
	at sun.reflect.DelegatingMethodAccessorImpl.invoke(DelegatingMethodAccessorImpl.java:43)
	at java.lang.reflect.Method.invoke(Method.java:498)
	at org.mybatis.spring.SqlSessionTemplate$SqlSessionInterceptor.invoke(SqlSessionTemplate.java:427)
	... 53 common frames omitted
26-05-11.10:19:44.414 [org.springframework.amqp.rabbit.RabbitListenerEndpointContainer#1-1] ERROR CreditAdjustSuccessCustomer - 监听积分账户调整成功消息，进行交易商品发货失败 topic: credit_adjust_success message: {"data":{"amount":-1.68,"orderId":"849555347552","outBusinessNo":"700091009200","userId":"xiaofuge"},"id":"36319250145","timestamp":1778465143977}
org.springframework.dao.DataIntegrityViolationException: 
### Error updating database.  Cause: java.sql.SQLIntegrityConstraintViolationException: Column 'total_count' cannot be null
### The error may exist in file [E:\project_java\big-market\big-market-app\target\classes\mybatis\mapper\raffle_activity_account_mapper.xml]
### The error may involve cn.gzy.infrastructure.persistent.dao.IRaffleActivityAccountDao.updateAccountQuota-Inline
### The error occurred while setting parameters
### SQL: update raffle_activity_account         set             total_count = total_count + ?,             total_count_surplus = total_count_surplus + ?,             day_count_surplus = day_count_surplus + ?,             day_count = day_count + ?,             month_count_surplus = month_count_surplus + ?,             month_count = month_count + ?,             update_time = now()         where user_id = ? and activity_id = ?
### Cause: java.sql.SQLIntegrityConstraintViolationException: Column 'total_count' cannot be null
; Column 'total_count' cannot be null; nested exception is java.sql.SQLIntegrityConstraintViolationException: Column 'total_count' cannot be null
	at org.springframework.jdbc.support.SQLExceptionSubclassTranslator.doTranslate(SQLExceptionSubclassTranslator.java:87)
	at org.springframework.jdbc.support.AbstractFallbackSQLExceptionTranslator.translate(AbstractFallbackSQLExceptionTranslator.java:70)
	at org.springframework.jdbc.support.AbstractFallbackSQLExceptionTranslator.translate(AbstractFallbackSQLExceptionTranslator.java:79)
	at org.mybatis.spring.MyBatisExceptionTranslator.translateExceptionIfPossible(MyBatisExceptionTranslator.java:91)
	at org.mybatis.spring.SqlSessionTemplate$SqlSessionInterceptor.invoke(SqlSessionTemplate.java:441)
	at com.sun.proxy.$Proxy109.update(Unknown Source)
	at org.mybatis.spring.SqlSessionTemplate.update(SqlSessionTemplate.java:288)
	at org.apache.ibatis.binding.MapperMethod.execute(MapperMethod.java:67)
	at org.apache.ibatis.binding.MapperProxy$PlainMethodInvoker.invoke(MapperProxy.java:152)
	at org.apache.ibatis.binding.MapperProxy.invoke(MapperProxy.java:85)
	at com.sun.proxy.$Proxy115.updateAccountQuota(Unknown Source)
	at sun.reflect.NativeMethodAccessorImpl.invoke0(Native Method)
	at sun.reflect.NativeMethodAccessorImpl.invoke(NativeMethodAccessorImpl.java:62)
	at sun.reflect.DelegatingMethodAccessorImpl.invoke(DelegatingMethodAccessorImpl.java:43)
	at java.lang.reflect.Method.invoke(Method.java:498)
	at org.springframework.aop.support.AopUtils.invokeJoinpointUsingReflection(AopUtils.java:344)
	at org.springframework.aop.framework.ReflectiveMethodInvocation.invokeJoinpoint(ReflectiveMethodInvocation.java:198)
	at org.springframework.aop.framework.ReflectiveMethodInvocation.proceed(ReflectiveMethodInvocation.java:163)
	at org.springframework.aop.interceptor.ExposeInvocationInterceptor.invoke(ExposeInvocationInterceptor.java:97)
	at org.springframework.aop.framework.ReflectiveMethodInvocation.proceed(ReflectiveMethodInvocation.java:186)
	at org.springframework.aop.framework.JdkDynamicAopProxy.invoke(JdkDynamicAopProxy.java:220)
	at com.sun.proxy.$Proxy116.updateAccountQuota(Unknown Source)
	at cn.gzy.infrastructure.persistent.repository.ActivityRepository.lambda$updateOrder$3(ActivityRepository.java:688)
	at org.springframework.transaction.support.TransactionTemplate.execute(TransactionTemplate.java:140)
	at cn.gzy.infrastructure.persistent.repository.ActivityRepository.updateOrder(ActivityRepository.java:675)
	at cn.gzy.infrastructure.persistent.repository.ActivityRepository$$FastClassBySpringCGLIB$$9abb50c6.invoke(<generated>)
	at org.springframework.cglib.proxy.MethodProxy.invoke(MethodProxy.java:218)
	at org.springframework.aop.framework.CglibAopProxy$CglibMethodInvocation.invokeJoinpoint(CglibAopProxy.java:793)
	at org.springframework.aop.framework.ReflectiveMethodInvocation.proceed(ReflectiveMethodInvocation.java:163)
	at org.springframework.aop.framework.CglibAopProxy$CglibMethodInvocation.proceed(CglibAopProxy.java:763)
	at org.springframework.dao.support.PersistenceExceptionTranslationInterceptor.invoke(PersistenceExceptionTranslationInterceptor.java:137)
	at org.springframework.aop.framework.ReflectiveMethodInvocation.proceed(ReflectiveMethodInvocation.java:186)
	at org.springframework.aop.framework.CglibAopProxy$CglibMethodInvocation.proceed(CglibAopProxy.java:763)
	at org.springframework.aop.framework.CglibAopProxy$DynamicAdvisedInterceptor.intercept(CglibAopProxy.java:708)
	at cn.gzy.infrastructure.persistent.repository.ActivityRepository$$EnhancerBySpringCGLIB$$d40f7c36.updateOrder(<generated>)
	at cn.gzy.domain.activity.service.quota.RaffleActivityAccountQuotaService.updateOrder(RaffleActivityAccountQuotaService.java:97)
	at cn.gzy.trigger.listener.CreditAdjustSuccessCustomer.listener(CreditAdjustSuccessCustomer.java:45)
	at sun.reflect.NativeMethodAccessorImpl.invoke0(Native Method)
	at sun.reflect.NativeMethodAccessorImpl.invoke(NativeMethodAccessorImpl.java:62)
	at sun.reflect.DelegatingMethodAccessorImpl.invoke(DelegatingMethodAccessorImpl.java:43)
	at java.lang.reflect.Method.invoke(Method.java:498)
	at org.springframework.messaging.handler.invocation.InvocableHandlerMethod.doInvoke(InvocableHandlerMethod.java:169)
	at org.springframework.messaging.handler.invocation.InvocableHandlerMethod.invoke(InvocableHandlerMethod.java:119)
	at org.springframework.amqp.rabbit.listener.adapter.HandlerAdapter.invoke(HandlerAdapter.java:77)
	at org.springframework.amqp.rabbit.listener.adapter.MessagingMessageListenerAdapter.invokeHandler(MessagingMessageListenerAdapter.java:263)
	at org.springframework.amqp.rabbit.listener.adapter.MessagingMessageListenerAdapter.invokeHandlerAndProcessResult(MessagingMessageListenerAdapter.java:209)
	at org.springframework.amqp.rabbit.listener.adapter.MessagingMessageListenerAdapter.onMessage(MessagingMessageListenerAdapter.java:148)
	at org.springframework.amqp.rabbit.listener.AbstractMessageListenerContainer.doInvokeListener(AbstractMessageListenerContainer.java:1674)
	at org.springframework.amqp.rabbit.listener.AbstractMessageListenerContainer.actualInvokeListener(AbstractMessageListenerContainer.java:1593)
	at org.springframework.amqp.rabbit.listener.AbstractMessageListenerContainer.invokeListener(AbstractMessageListenerContainer.java:1581)
	at org.springframework.amqp.rabbit.listener.AbstractMessageListenerContainer.doExecuteListener(AbstractMessageListenerContainer.java:1572)
	at org.springframework.amqp.rabbit.listener.AbstractMessageListenerContainer.executeListener(AbstractMessageListenerContainer.java:1516)
	at org.springframework.amqp.rabbit.listener.SimpleMessageListenerContainer.doReceiveAndExecute(SimpleMessageListenerContainer.java:1001)
	at org.springframework.amqp.rabbit.listener.SimpleMessageListenerContainer.receiveAndExecute(SimpleMessageListenerContainer.java:948)
	at org.springframework.amqp.rabbit.listener.SimpleMessageListenerContainer.access$1600(SimpleMessageListenerContainer.java:86)
	at org.springframework.amqp.rabbit.listener.SimpleMessageListenerContainer$AsyncMessageProcessingConsumer.mainLoop(SimpleMessageListenerContainer.java:1326)
	at org.springframework.amqp.rabbit.listener.SimpleMessageListenerContainer$AsyncMessageProcessingConsumer.run(SimpleMessageListenerContainer.java:1232)
	at java.lang.Thread.run(Thread.java:748)
Caused by: java.sql.SQLIntegrityConstraintViolationException: Column 'total_count' cannot be null
	at com.mysql.cj.jdbc.exceptions.SQLError.createSQLException(SQLError.java:117)
	at com.mysql.cj.jdbc.exceptions.SQLError.createSQLException(SQLError.java:97)
	at com.mysql.cj.jdbc.exceptions.SQLExceptionsMapping.translateException(SQLExceptionsMapping.java:122)
	at com.mysql.cj.jdbc.ClientPreparedStatement.executeInternal(ClientPreparedStatement.java:953)
	at com.mysql.cj.jdbc.ClientPreparedStatement.execute(ClientPreparedStatement.java:370)
	at com.zaxxer.hikari.pool.ProxyPreparedStatement.execute(ProxyPreparedStatement.java:44)
	at com.zaxxer.hikari.pool.HikariProxyPreparedStatement.execute(HikariProxyPreparedStatement.java)
	at org.apache.ibatis.executor.statement.PreparedStatementHandler.update(PreparedStatementHandler.java:47)
	at org.apache.ibatis.executor.statement.RoutingStatementHandler.update(RoutingStatementHandler.java:74)
	at sun.reflect.NativeMethodAccessorImpl.invoke0(Native Method)
	at sun.reflect.NativeMethodAccessorImpl.invoke(NativeMethodAccessorImpl.java:62)
	at sun.reflect.DelegatingMethodAccessorImpl.invoke(DelegatingMethodAccessorImpl.java:43)
	at java.lang.reflect.Method.invoke(Method.java:498)
	at org.apache.ibatis.plugin.Plugin.invoke(Plugin.java:63)
	at com.sun.proxy.$Proxy184.update(Unknown Source)
	at org.apache.ibatis.executor.SimpleExecutor.doUpdate(SimpleExecutor.java:50)
	at org.apache.ibatis.executor.BaseExecutor.update(BaseExecutor.java:117)
	at org.apache.ibatis.executor.CachingExecutor.update(CachingExecutor.java:76)
	at org.apache.ibatis.session.defaults.DefaultSqlSession.update(DefaultSqlSession.java:197)
	at sun.reflect.NativeMethodAccessorImpl.invoke0(Native Method)
	at sun.reflect.NativeMethodAccessorImpl.invoke(NativeMethodAccessorImpl.java:62)
	at sun.reflect.DelegatingMethodAccessorImpl.invoke(DelegatingMethodAccessorImpl.java:43)
	at java.lang.reflect.Method.invoke(Method.java:498)
	at org.mybatis.spring.SqlSessionTemplate$SqlSessionInterceptor.invoke(SqlSessionTemplate.java:427)
	... 53 common frames omitted
26-05-11.10:19:44.414 [org.springframework.amqp.rabbit.RabbitListenerEndpointContainer#1-1] WARN  ConditionalRejectingErrorHandler - Execution of Rabbit message listener failed.
org.springframework.amqp.rabbit.support.ListenerExecutionFailedException: Listener method 'public void cn.gzy.trigger.listener.CreditAdjustSuccessCustomer.listener(java.lang.String)' threw exception
	at org.springframework.amqp.rabbit.listener.adapter.MessagingMessageListenerAdapter.invokeHandler(MessagingMessageListenerAdapter.java:272)
	at org.springframework.amqp.rabbit.listener.adapter.MessagingMessageListenerAdapter.invokeHandlerAndProcessResult(MessagingMessageListenerAdapter.java:209)
	at org.springframework.amqp.rabbit.listener.adapter.MessagingMessageListenerAdapter.onMessage(MessagingMessageListenerAdapter.java:148)
	at org.springframework.amqp.rabbit.listener.AbstractMessageListenerContainer.doInvokeListener(AbstractMessageListenerContainer.java:1674)
	at org.springframework.amqp.rabbit.listener.AbstractMessageListenerContainer.actualInvokeListener(AbstractMessageListenerContainer.java:1593)
	at org.springframework.amqp.rabbit.listener.AbstractMessageListenerContainer.invokeListener(AbstractMessageListenerContainer.java:1581)
	at org.springframework.amqp.rabbit.listener.AbstractMessageListenerContainer.doExecuteListener(AbstractMessageListenerContainer.java:1572)
	at org.springframework.amqp.rabbit.listener.AbstractMessageListenerContainer.executeListener(AbstractMessageListenerContainer.java:1516)
	at org.springframework.amqp.rabbit.listener.SimpleMessageListenerContainer.doReceiveAndExecute(SimpleMessageListenerContainer.java:1001)
	at org.springframework.amqp.rabbit.listener.SimpleMessageListenerContainer.receiveAndExecute(SimpleMessageListenerContainer.java:948)
	at org.springframework.amqp.rabbit.listener.SimpleMessageListenerContainer.access$1600(SimpleMessageListenerContainer.java:86)
	at org.springframework.amqp.rabbit.listener.SimpleMessageListenerContainer$AsyncMessageProcessingConsumer.mainLoop(SimpleMessageListenerContainer.java:1326)
	at org.springframework.amqp.rabbit.listener.SimpleMessageListenerContainer$AsyncMessageProcessingConsumer.run(SimpleMessageListenerContainer.java:1232)
	at java.lang.Thread.run(Thread.java:748)
Caused by: org.springframework.dao.DataIntegrityViolationException: 
### Error updating database.  Cause: java.sql.SQLIntegrityConstraintViolationException: Column 'total_count' cannot be null
### The error may exist in file [E:\project_java\big-market\big-market-app\target\classes\mybatis\mapper\raffle_activity_account_mapper.xml]
### The error may involve cn.gzy.infrastructure.persistent.dao.IRaffleActivityAccountDao.updateAccountQuota-Inline
### The error occurred while setting parameters
### SQL: update raffle_activity_account         set             total_count = total_count + ?,             total_count_surplus = total_count_surplus + ?,             day_count_surplus = day_count_surplus + ?,             day_count = day_count + ?,             month_count_surplus = month_count_surplus + ?,             month_count = month_count + ?,             update_time = now()         where user_id = ? and activity_id = ?
### Cause: java.sql.SQLIntegrityConstraintViolationException: Column 'total_count' cannot be null
; Column 'total_count' cannot be null; nested exception is java.sql.SQLIntegrityConstraintViolationException: Column 'total_count' cannot be null
	at org.springframework.jdbc.support.SQLExceptionSubclassTranslator.doTranslate(SQLExceptionSubclassTranslator.java:87)
	at org.springframework.jdbc.support.AbstractFallbackSQLExceptionTranslator.translate(AbstractFallbackSQLExceptionTranslator.java:70)
	at org.springframework.jdbc.support.AbstractFallbackSQLExceptionTranslator.translate(AbstractFallbackSQLExceptionTranslator.java:79)
	at org.mybatis.spring.MyBatisExceptionTranslator.translateExceptionIfPossible(MyBatisExceptionTranslator.java:91)
	at org.mybatis.spring.SqlSessionTemplate$SqlSessionInterceptor.invoke(SqlSessionTemplate.java:441)
	at com.sun.proxy.$Proxy109.update(Unknown Source)
	at org.mybatis.spring.SqlSessionTemplate.update(SqlSessionTemplate.java:288)
	at org.apache.ibatis.binding.MapperMethod.execute(MapperMethod.java:67)
	at org.apache.ibatis.binding.MapperProxy$PlainMethodInvoker.invoke(MapperProxy.java:152)
	at org.apache.ibatis.binding.MapperProxy.invoke(MapperProxy.java:85)
	at com.sun.proxy.$Proxy115.updateAccountQuota(Unknown Source)
	at sun.reflect.NativeMethodAccessorImpl.invoke0(Native Method)
	at sun.reflect.NativeMethodAccessorImpl.invoke(NativeMethodAccessorImpl.java:62)
	at sun.reflect.DelegatingMethodAccessorImpl.invoke(DelegatingMethodAccessorImpl.java:43)
	at java.lang.reflect.Method.invoke(Method.java:498)
	at org.springframework.aop.support.AopUtils.invokeJoinpointUsingReflection(AopUtils.java:344)
	at org.springframework.aop.framework.ReflectiveMethodInvocation.invokeJoinpoint(ReflectiveMethodInvocation.java:198)
	at org.springframework.aop.framework.ReflectiveMethodInvocation.proceed(ReflectiveMethodInvocation.java:163)
	at org.springframework.aop.interceptor.ExposeInvocationInterceptor.invoke(ExposeInvocationInterceptor.java:97)
	at org.springframework.aop.framework.ReflectiveMethodInvocation.proceed(ReflectiveMethodInvocation.java:186)
	at org.springframework.aop.framework.JdkDynamicAopProxy.invoke(JdkDynamicAopProxy.java:220)
	at com.sun.proxy.$Proxy116.updateAccountQuota(Unknown Source)
	at cn.gzy.infrastructure.persistent.repository.ActivityRepository.lambda$updateOrder$3(ActivityRepository.java:688)
	at org.springframework.transaction.support.TransactionTemplate.execute(TransactionTemplate.java:140)
	at cn.gzy.infrastructure.persistent.repository.ActivityRepository.updateOrder(ActivityRepository.java:675)
	at cn.gzy.infrastructure.persistent.repository.ActivityRepository$$FastClassBySpringCGLIB$$9abb50c6.invoke(<generated>)
	at org.springframework.cglib.proxy.MethodProxy.invoke(MethodProxy.java:218)
	at org.springframework.aop.framework.CglibAopProxy$CglibMethodInvocation.invokeJoinpoint(CglibAopProxy.java:793)
	at org.springframework.aop.framework.ReflectiveMethodInvocation.proceed(ReflectiveMethodInvocation.java:163)
	at org.springframework.aop.framework.CglibAopProxy$CglibMethodInvocation.proceed(CglibAopProxy.java:763)
	at org.springframework.dao.support.PersistenceExceptionTranslationInterceptor.invoke(PersistenceExceptionTranslationInterceptor.java:137)
	at org.springframework.aop.framework.ReflectiveMethodInvocation.proceed(ReflectiveMethodInvocation.java:186)
	at org.springframework.aop.framework.CglibAopProxy$CglibMethodInvocation.proceed(CglibAopProxy.java:763)
	at org.springframework.aop.framework.CglibAopProxy$DynamicAdvisedInterceptor.intercept(CglibAopProxy.java:708)
	at cn.gzy.infrastructure.persistent.repository.ActivityRepository$$EnhancerBySpringCGLIB$$d40f7c36.updateOrder(<generated>)
	at cn.gzy.domain.activity.service.quota.RaffleActivityAccountQuotaService.updateOrder(RaffleActivityAccountQuotaService.java:97)
	at cn.gzy.trigger.listener.CreditAdjustSuccessCustomer.listener(CreditAdjustSuccessCustomer.java:45)
	at sun.reflect.NativeMethodAccessorImpl.invoke0(Native Method)
	at sun.reflect.NativeMethodAccessorImpl.invoke(NativeMethodAccessorImpl.java:62)
	at sun.reflect.DelegatingMethodAccessorImpl.invoke(DelegatingMethodAccessorImpl.java:43)
	at java.lang.reflect.Method.invoke(Method.java:498)
	at org.springframework.messaging.handler.invocation.InvocableHandlerMethod.doInvoke(InvocableHandlerMethod.java:169)
	at org.springframework.messaging.handler.invocation.InvocableHandlerMethod.invoke(InvocableHandlerMethod.java:119)
	at org.springframework.amqp.rabbit.listener.adapter.HandlerAdapter.invoke(HandlerAdapter.java:77)
	at org.springframework.amqp.rabbit.listener.adapter.MessagingMessageListenerAdapter.invokeHandler(MessagingMessageListenerAdapter.java:263)
	... 13 common frames omitted
Caused by: java.sql.SQLIntegrityConstraintViolationException: Column 'total_count' cannot be null
	at com.mysql.cj.jdbc.exceptions.SQLError.createSQLException(SQLError.java:117)
	at com.mysql.cj.jdbc.exceptions.SQLError.createSQLException(SQLError.java:97)
	at com.mysql.cj.jdbc.exceptions.SQLExceptionsMapping.translateException(SQLExceptionsMapping.java:122)
	at com.mysql.cj.jdbc.ClientPreparedStatement.executeInternal(ClientPreparedStatement.java:953)
	at com.mysql.cj.jdbc.ClientPreparedStatement.execute(ClientPreparedStatement.java:370)
	at com.zaxxer.hikari.pool.ProxyPreparedStatement.execute(ProxyPreparedStatement.java:44)
	at com.zaxxer.hikari.pool.HikariProxyPreparedStatement.execute(HikariProxyPreparedStatement.java)
	at org.apache.ibatis.executor.statement.PreparedStatementHandler.update(PreparedStatementHandler.java:47)
	at org.apache.ibatis.executor.statement.RoutingStatementHandler.update(RoutingStatementHandler.java:74)
	at sun.reflect.NativeMethodAccessorImpl.invoke0(Native Method)
	at sun.reflect.NativeMethodAccessorImpl.invoke(NativeMethodAccessorImpl.java:62)
	at sun.reflect.DelegatingMethodAccessorImpl.invoke(DelegatingMethodAccessorImpl.java:43)
	at java.lang.reflect.Method.invoke(Method.java:498)
	at org.apache.ibatis.plugin.Plugin.invoke(Plugin.java:63)
	at com.sun.proxy.$Proxy184.update(Unknown Source)
	at org.apache.ibatis.executor.SimpleExecutor.doUpdate(SimpleExecutor.java:50)
	at org.apache.ibatis.executor.BaseExecutor.update(BaseExecutor.java:117)
	at org.apache.ibatis.executor.CachingExecutor.update(CachingExecutor.java:76)
	at org.apache.ibatis.session.defaults.DefaultSqlSession.update(DefaultSqlSession.java:197)
	at sun.reflect.NativeMethodAccessorImpl.invoke0(Native Method)
	at sun.reflect.NativeMethodAccessorImpl.invoke(NativeMethodAccessorImpl.java:62)
	at sun.reflect.DelegatingMethodAccessorImpl.invoke(DelegatingMethodAccessorImpl.java:43)
	at java.lang.reflect.Method.invoke(Method.java:498)
	at org.mybatis.spring.SqlSessionTemplate$SqlSessionInterceptor.invoke(SqlSessionTemplate.java:427)
	... 53 common frames omitted
26-05-11.10:19:44.861 [org.springframework.amqp.rabbit.RabbitListenerEndpointContainer#1-1] ERROR CreditAdjustSuccessCustomer - 监听积分账户调整成功消息，进行交易商品发货失败 topic: credit_adjust_success message: {"data":{"amount":-1.68,"orderId":"849555347552","outBusinessNo":"700091009200","userId":"xiaofuge"},"id":"36319250145","timestamp":1778465143977}
org.springframework.dao.DataIntegrityViolationException: 
### Error updating database.  Cause: java.sql.SQLIntegrityConstraintViolationException: Column 'total_count' cannot be null
### The error may exist in file [E:\project_java\big-market\big-market-app\target\classes\mybatis\mapper\raffle_activity_account_mapper.xml]
### The error may involve cn.gzy.infrastructure.persistent.dao.IRaffleActivityAccountDao.updateAccountQuota-Inline
### The error occurred while setting parameters
### SQL: update raffle_activity_account         set             total_count = total_count + ?,             total_count_surplus = total_count_surplus + ?,             day_count_surplus = day_count_surplus + ?,             day_count = day_count + ?,             month_count_surplus = month_count_surplus + ?,             month_count = month_count + ?,             update_time = now()         where user_id = ? and activity_id = ?
### Cause: java.sql.SQLIntegrityConstraintViolationException: Column 'total_count' cannot be null
; Column 'total_count' cannot be null; nested exception is java.sql.SQLIntegrityConstraintViolationException: Column 'total_count' cannot be null
	at org.springframework.jdbc.support.SQLExceptionSubclassTranslator.doTranslate(SQLExceptionSubclassTranslator.java:87)
	at org.springframework.jdbc.support.AbstractFallbackSQLExceptionTranslator.translate(AbstractFallbackSQLExceptionTranslator.java:70)
	at org.springframework.jdbc.support.AbstractFallbackSQLExceptionTranslator.translate(AbstractFallbackSQLExceptionTranslator.java:79)
	at org.mybatis.spring.MyBatisExceptionTranslator.translateExceptionIfPossible(MyBatisExceptionTranslator.java:91)
	at org.mybatis.spring.SqlSessionTemplate$SqlSessionInterceptor.invoke(SqlSessionTemplate.java:441)
	at com.sun.proxy.$Proxy109.update(Unknown Source)
	at org.mybatis.spring.SqlSessionTemplate.update(SqlSessionTemplate.java:288)
	at org.apache.ibatis.binding.MapperMethod.execute(MapperMethod.java:67)
	at org.apache.ibatis.binding.MapperProxy$PlainMethodInvoker.invoke(MapperProxy.java:152)
	at org.apache.ibatis.binding.MapperProxy.invoke(MapperProxy.java:85)
	at com.sun.proxy.$Proxy115.updateAccountQuota(Unknown Source)
	at sun.reflect.NativeMethodAccessorImpl.invoke0(Native Method)
	at sun.reflect.NativeMethodAccessorImpl.invoke(NativeMethodAccessorImpl.java:62)
	at sun.reflect.DelegatingMethodAccessorImpl.invoke(DelegatingMethodAccessorImpl.java:43)
	at java.lang.reflect.Method.invoke(Method.java:498)
	at org.springframework.aop.support.AopUtils.invokeJoinpointUsingReflection(AopUtils.java:344)
	at org.springframework.aop.framework.ReflectiveMethodInvocation.invokeJoinpoint(ReflectiveMethodInvocation.java:198)
	at org.springframework.aop.framework.ReflectiveMethodInvocation.proceed(ReflectiveMethodInvocation.java:163)
	at org.springframework.aop.interceptor.ExposeInvocationInterceptor.invoke(ExposeInvocationInterceptor.java:97)
	at org.springframework.aop.framework.ReflectiveMethodInvocation.proceed(ReflectiveMethodInvocation.java:186)
	at org.springframework.aop.framework.JdkDynamicAopProxy.invoke(JdkDynamicAopProxy.java:220)
	at com.sun.proxy.$Proxy116.updateAccountQuota(Unknown Source)
	at cn.gzy.infrastructure.persistent.repository.ActivityRepository.lambda$updateOrder$3(ActivityRepository.java:688)
	at org.springframework.transaction.support.TransactionTemplate.execute(TransactionTemplate.java:140)
	at cn.gzy.infrastructure.persistent.repository.ActivityRepository.updateOrder(ActivityRepository.java:675)
	at cn.gzy.infrastructure.persistent.repository.ActivityRepository$$FastClassBySpringCGLIB$$9abb50c6.invoke(<generated>)
	at org.springframework.cglib.proxy.MethodProxy.invoke(MethodProxy.java:218)
	at org.springframework.aop.framework.CglibAopProxy$CglibMethodInvocation.invokeJoinpoint(CglibAopProxy.java:793)
	at org.springframework.aop.framework.ReflectiveMethodInvocation.proceed(ReflectiveMethodInvocation.java:163)
	at org.springframework.aop.framework.CglibAopProxy$CglibMethodInvocation.proceed(CglibAopProxy.java:763)
	at org.springframework.dao.support.PersistenceExceptionTranslationInterceptor.invoke(PersistenceExceptionTranslationInterceptor.java:137)
	at org.springframework.aop.framework.ReflectiveMethodInvocation.proceed(ReflectiveMethodInvocation.java:186)
	at org.springframework.aop.framework.CglibAopProxy$CglibMethodInvocation.proceed(CglibAopProxy.java:763)
	at org.springframework.aop.framework.CglibAopProxy$DynamicAdvisedInterceptor.intercept(CglibAopProxy.java:708)
	at cn.gzy.infrastructure.persistent.repository.ActivityRepository$$EnhancerBySpringCGLIB$$d40f7c36.updateOrder(<generated>)
	at cn.gzy.domain.activity.service.quota.RaffleActivityAccountQuotaService.updateOrder(RaffleActivityAccountQuotaService.java:97)
	at cn.gzy.trigger.listener.CreditAdjustSuccessCustomer.listener(CreditAdjustSuccessCustomer.java:45)
	at sun.reflect.NativeMethodAccessorImpl.invoke0(Native Method)
	at sun.reflect.NativeMethodAccessorImpl.invoke(NativeMethodAccessorImpl.java:62)
	at sun.reflect.DelegatingMethodAccessorImpl.invoke(DelegatingMethodAccessorImpl.java:43)
	at java.lang.reflect.Method.invoke(Method.java:498)
	at org.springframework.messaging.handler.invocation.InvocableHandlerMethod.doInvoke(InvocableHandlerMethod.java:169)
	at org.springframework.messaging.handler.invocation.InvocableHandlerMethod.invoke(InvocableHandlerMethod.java:119)
	at org.springframework.amqp.rabbit.listener.adapter.HandlerAdapter.invoke(HandlerAdapter.java:77)
	at org.springframework.amqp.rabbit.listener.adapter.MessagingMessageListenerAdapter.invokeHandler(MessagingMessageListenerAdapter.java:263)
	at org.springframework.amqp.rabbit.listener.adapter.MessagingMessageListenerAdapter.invokeHandlerAndProcessResult(MessagingMessageListenerAdapter.java:209)
	at org.springframework.amqp.rabbit.listener.adapter.MessagingMessageListenerAdapter.onMessage(MessagingMessageListenerAdapter.java:148)
	at org.springframework.amqp.rabbit.listener.AbstractMessageListenerContainer.doInvokeListener(AbstractMessageListenerContainer.java:1674)
	at org.springframework.amqp.rabbit.listener.AbstractMessageListenerContainer.actualInvokeListener(AbstractMessageListenerContainer.java:1593)
	at org.springframework.amqp.rabbit.listener.AbstractMessageListenerContainer.invokeListener(AbstractMessageListenerContainer.java:1581)
	at org.springframework.amqp.rabbit.listener.AbstractMessageListenerContainer.doExecuteListener(AbstractMessageListenerContainer.java:1572)
	at org.springframework.amqp.rabbit.listener.AbstractMessageListenerContainer.executeListener(AbstractMessageListenerContainer.java:1516)
	at org.springframework.amqp.rabbit.listener.SimpleMessageListenerContainer.doReceiveAndExecute(SimpleMessageListenerContainer.java:1001)
	at org.springframework.amqp.rabbit.listener.SimpleMessageListenerContainer.receiveAndExecute(SimpleMessageListenerContainer.java:948)
	at org.springframework.amqp.rabbit.listener.SimpleMessageListenerContainer.access$1600(SimpleMessageListenerContainer.java:86)
	at org.springframework.amqp.rabbit.listener.SimpleMessageListenerContainer$AsyncMessageProcessingConsumer.mainLoop(SimpleMessageListenerContainer.java:1326)
	at org.springframework.amqp.rabbit.listener.SimpleMessageListenerContainer$AsyncMessageProcessingConsumer.run(SimpleMessageListenerContainer.java:1232)
	at java.lang.Thread.run(Thread.java:748)
Caused by: java.sql.SQLIntegrityConstraintViolationException: Column 'total_count' cannot be null
	at com.mysql.cj.jdbc.exceptions.SQLError.createSQLException(SQLError.java:117)
	at com.mysql.cj.jdbc.exceptions.SQLError.createSQLException(SQLError.java:97)
	at com.mysql.cj.jdbc.exceptions.SQLExceptionsMapping.translateException(SQLExceptionsMapping.java:122)
	at com.mysql.cj.jdbc.ClientPreparedStatement.executeInternal(ClientPreparedStatement.java:953)
	at com.mysql.cj.jdbc.ClientPreparedStatement.execute(ClientPreparedStatement.java:370)
	at com.zaxxer.hikari.pool.ProxyPreparedStatement.execute(ProxyPreparedStatement.java:44)
	at com.zaxxer.hikari.pool.HikariProxyPreparedStatement.execute(HikariProxyPreparedStatement.java)
	at org.apache.ibatis.executor.statement.PreparedStatementHandler.update(PreparedStatementHandler.java:47)
	at org.apache.ibatis.executor.statement.RoutingStatementHandler.update(RoutingStatementHandler.java:74)
	at sun.reflect.GeneratedMethodAccessor20.invoke(Unknown Source)
	at sun.reflect.DelegatingMethodAccessorImpl.invoke(DelegatingMethodAccessorImpl.java:43)
	at java.lang.reflect.Method.invoke(Method.java:498)
	at org.apache.ibatis.plugin.Plugin.invoke(Plugin.java:63)
	at com.sun.proxy.$Proxy184.update(Unknown Source)
	at org.apache.ibatis.executor.SimpleExecutor.doUpdate(SimpleExecutor.java:50)
	at org.apache.ibatis.executor.BaseExecutor.update(BaseExecutor.java:117)
	at org.apache.ibatis.executor.CachingExecutor.update(CachingExecutor.java:76)
	at org.apache.ibatis.session.defaults.DefaultSqlSession.update(DefaultSqlSession.java:197)
	at sun.reflect.NativeMethodAccessorImpl.invoke0(Native Method)
	at sun.reflect.NativeMethodAccessorImpl.invoke(NativeMethodAccessorImpl.java:62)
	at sun.reflect.DelegatingMethodAccessorImpl.invoke(DelegatingMethodAccessorImpl.java:43)
	at java.lang.reflect.Method.invoke(Method.java:498)
	at org.mybatis.spring.SqlSessionTemplate$SqlSessionInterceptor.invoke(SqlSessionTemplate.java:427)
	... 53 common frames omitted
26-05-11.10:19:44.862 [org.springframework.amqp.rabbit.RabbitListenerEndpointContainer#1-1] WARN  ConditionalRejectingErrorHandler - Execution of Rabbit message listener failed.
org.springframework.amqp.rabbit.support.ListenerExecutionFailedException: Listener method 'public void cn.gzy.trigger.listener.CreditAdjustSuccessCustomer.listener(java.lang.String)' threw exception
	at org.springframework.amqp.rabbit.listener.adapter.MessagingMessageListenerAdapter.invokeHandler(MessagingMessageListenerAdapter.java:272)
	at org.springframework.amqp.rabbit.listener.adapter.MessagingMessageListenerAdapter.invokeHandlerAndProcessResult(MessagingMessageListenerAdapter.java:209)
	at org.springframework.amqp.rabbit.listener.adapter.MessagingMessageListenerAdapter.onMessage(MessagingMessageListenerAdapter.java:148)
	at org.springframework.amqp.rabbit.listener.AbstractMessageListenerContainer.doInvokeListener(AbstractMessageListenerContainer.java:1674)
	at org.springframework.amqp.rabbit.listener.AbstractMessageListenerContainer.actualInvokeListener(AbstractMessageListenerContainer.java:1593)
	at org.springframework.amqp.rabbit.listener.AbstractMessageListenerContainer.invokeListener(AbstractMessageListenerContainer.java:1581)
	at org.springframework.amqp.rabbit.listener.AbstractMessageListenerContainer.doExecuteListener(AbstractMessageListenerContainer.java:1572)
	at org.springframework.amqp.rabbit.listener.AbstractMessageListenerContainer.executeListener(AbstractMessageListenerContainer.java:1516)
	at org.springframework.amqp.rabbit.listener.SimpleMessageListenerContainer.doReceiveAndExecute(SimpleMessageListenerContainer.java:1001)
	at org.springframework.amqp.rabbit.listener.SimpleMessageListenerContainer.receiveAndExecute(SimpleMessageListenerContainer.java:948)
	at org.springframework.amqp.rabbit.listener.SimpleMessageListenerContainer.access$1600(SimpleMessageListenerContainer.java:86)
	at org.springframework.amqp.rabbit.listener.SimpleMessageListenerContainer$AsyncMessageProcessingConsumer.mainLoop(SimpleMessageListenerContainer.java:1326)
	at org.springframework.amqp.rabbit.listener.SimpleMessageListenerContainer$AsyncMessageProcessingConsumer.run(SimpleMessageListenerContainer.java:1232)
	at java.lang.Thread.run(Thread.java:748)
Caused by: org.springframework.dao.DataIntegrityViolationException: 
### Error updating database.  Cause: java.sql.SQLIntegrityConstraintViolationException: Column 'total_count' cannot be null
### The error may exist in file [E:\project_java\big-market\big-market-app\target\classes\mybatis\mapper\raffle_activity_account_mapper.xml]
### The error may involve cn.gzy.infrastructure.persistent.dao.IRaffleActivityAccountDao.updateAccountQuota-Inline
### The error occurred while setting parameters
### SQL: update raffle_activity_account         set             total_count = total_count + ?,             total_count_surplus = total_count_surplus + ?,             day_count_surplus = day_count_surplus + ?,             day_count = day_count + ?,             month_count_surplus = month_count_surplus + ?,             month_count = month_count + ?,             update_time = now()         where user_id = ? and activity_id = ?
### Cause: java.sql.SQLIntegrityConstraintViolationException: Column 'total_count' cannot be null
; Column 'total_count' cannot be null; nested exception is java.sql.SQLIntegrityConstraintViolationException: Column 'total_count' cannot be null
	at org.springframework.jdbc.support.SQLExceptionSubclassTranslator.doTranslate(SQLExceptionSubclassTranslator.java:87)
	at org.springframework.jdbc.support.AbstractFallbackSQLExceptionTranslator.translate(AbstractFallbackSQLExceptionTranslator.java:70)
	at org.springframework.jdbc.support.AbstractFallbackSQLExceptionTranslator.translate(AbstractFallbackSQLExceptionTranslator.java:79)
	at org.mybatis.spring.MyBatisExceptionTranslator.translateExceptionIfPossible(MyBatisExceptionTranslator.java:91)
	at org.mybatis.spring.SqlSessionTemplate$SqlSessionInterceptor.invoke(SqlSessionTemplate.java:441)
	at com.sun.proxy.$Proxy109.update(Unknown Source)
	at org.mybatis.spring.SqlSessionTemplate.update(SqlSessionTemplate.java:288)
	at org.apache.ibatis.binding.MapperMethod.execute(MapperMethod.java:67)
	at org.apache.ibatis.binding.MapperProxy$PlainMethodInvoker.invoke(MapperProxy.java:152)
	at org.apache.ibatis.binding.MapperProxy.invoke(MapperProxy.java:85)
	at com.sun.proxy.$Proxy115.updateAccountQuota(Unknown Source)
	at sun.reflect.NativeMethodAccessorImpl.invoke0(Native Method)
	at sun.reflect.NativeMethodAccessorImpl.invoke(NativeMethodAccessorImpl.java:62)
	at sun.reflect.DelegatingMethodAccessorImpl.invoke(DelegatingMethodAccessorImpl.java:43)
	at java.lang.reflect.Method.invoke(Method.java:498)
	at org.springframework.aop.support.AopUtils.invokeJoinpointUsingReflection(AopUtils.java:344)
	at org.springframework.aop.framework.ReflectiveMethodInvocation.invokeJoinpoint(ReflectiveMethodInvocation.java:198)
	at org.springframework.aop.framework.ReflectiveMethodInvocation.proceed(ReflectiveMethodInvocation.java:163)
	at org.springframework.aop.interceptor.ExposeInvocationInterceptor.invoke(ExposeInvocationInterceptor.java:97)
	at org.springframework.aop.framework.ReflectiveMethodInvocation.proceed(ReflectiveMethodInvocation.java:186)
	at org.springframework.aop.framework.JdkDynamicAopProxy.invoke(JdkDynamicAopProxy.java:220)
	at com.sun.proxy.$Proxy116.updateAccountQuota(Unknown Source)
	at cn.gzy.infrastructure.persistent.repository.ActivityRepository.lambda$updateOrder$3(ActivityRepository.java:688)
	at org.springframework.transaction.support.TransactionTemplate.execute(TransactionTemplate.java:140)
	at cn.gzy.infrastructure.persistent.repository.ActivityRepository.updateOrder(ActivityRepository.java:675)
	at cn.gzy.infrastructure.persistent.repository.ActivityRepository$$FastClassBySpringCGLIB$$9abb50c6.invoke(<generated>)
	at org.springframework.cglib.proxy.MethodProxy.invoke(MethodProxy.java:218)
	at org.springframework.aop.framework.CglibAopProxy$CglibMethodInvocation.invokeJoinpoint(CglibAopProxy.java:793)
	at org.springframework.aop.framework.ReflectiveMethodInvocation.proceed(ReflectiveMethodInvocation.java:163)
	at org.springframework.aop.framework.CglibAopProxy$CglibMethodInvocation.proceed(CglibAopProxy.java:763)
	at org.springframework.dao.support.PersistenceExceptionTranslationInterceptor.invoke(PersistenceExceptionTranslationInterceptor.java:137)
	at org.springframework.aop.framework.ReflectiveMethodInvocation.proceed(ReflectiveMethodInvocation.java:186)
	at org.springframework.aop.framework.CglibAopProxy$CglibMethodInvocation.proceed(CglibAopProxy.java:763)
	at org.springframework.aop.framework.CglibAopProxy$DynamicAdvisedInterceptor.intercept(CglibAopProxy.java:708)
	at cn.gzy.infrastructure.persistent.repository.ActivityRepository$$EnhancerBySpringCGLIB$$d40f7c36.updateOrder(<generated>)
	at cn.gzy.domain.activity.service.quota.RaffleActivityAccountQuotaService.updateOrder(RaffleActivityAccountQuotaService.java:97)
	at cn.gzy.trigger.listener.CreditAdjustSuccessCustomer.listener(CreditAdjustSuccessCustomer.java:45)
	at sun.reflect.NativeMethodAccessorImpl.invoke0(Native Method)
	at sun.reflect.NativeMethodAccessorImpl.invoke(NativeMethodAccessorImpl.java:62)
	at sun.reflect.DelegatingMethodAccessorImpl.invoke(DelegatingMethodAccessorImpl.java:43)
	at java.lang.reflect.Method.invoke(Method.java:498)
	at org.springframework.messaging.handler.invocation.InvocableHandlerMethod.doInvoke(InvocableHandlerMethod.java:169)
	at org.springframework.messaging.handler.invocation.InvocableHandlerMethod.invoke(InvocableHandlerMethod.java:119)
	at org.springframework.amqp.rabbit.listener.adapter.HandlerAdapter.invoke(HandlerAdapter.java:77)
	at org.springframework.amqp.rabbit.listener.adapter.MessagingMessageListenerAdapter.invokeHandler(MessagingMessageListenerAdapter.java:263)
	... 13 common frames omitted
Caused by: java.sql.SQLIntegrityConstraintViolationException: Column 'total_count' cannot be null
	at com.mysql.cj.jdbc.exceptions.SQLError.createSQLException(SQLError.java:117)
	at com.mysql.cj.jdbc.exceptions.SQLError.createSQLException(SQLError.java:97)
	at com.mysql.cj.jdbc.exceptions.SQLExceptionsMapping.translateException(SQLExceptionsMapping.java:122)
	at com.mysql.cj.jdbc.ClientPreparedStatement.executeInternal(ClientPreparedStatement.java:953)
	at com.mysql.cj.jdbc.ClientPreparedStatement.execute(ClientPreparedStatement.java:370)
	at com.zaxxer.hikari.pool.ProxyPreparedStatement.execute(ProxyPreparedStatement.java:44)
	at com.zaxxer.hikari.pool.HikariProxyPreparedStatement.execute(HikariProxyPreparedStatement.java)
	at org.apache.ibatis.executor.statement.PreparedStatementHandler.update(PreparedStatementHandler.java:47)
	at org.apache.ibatis.executor.statement.RoutingStatementHandler.update(RoutingStatementHandler.java:74)
	at sun.reflect.GeneratedMethodAccessor20.invoke(Unknown Source)
	at sun.reflect.DelegatingMethodAccessorImpl.invoke(DelegatingMethodAccessorImpl.java:43)
	at java.lang.reflect.Method.invoke(Method.java:498)
	at org.apache.ibatis.plugin.Plugin.invoke(Plugin.java:63)
	at com.sun.proxy.$Proxy184.update(Unknown Source)
	at org.apache.ibatis.executor.SimpleExecutor.doUpdate(SimpleExecutor.java:50)
	at org.apache.ibatis.executor.BaseExecutor.update(BaseExecutor.java:117)
	at org.apache.ibatis.executor.CachingExecutor.update(CachingExecutor.java:76)
	at org.apache.ibatis.session.defaults.DefaultSqlSession.update(DefaultSqlSession.java:197)
	at sun.reflect.NativeMethodAccessorImpl.invoke0(Native Method)
	at sun.reflect.NativeMethodAccessorImpl.invoke(NativeMethodAccessorImpl.java:62)
	at sun.reflect.DelegatingMethodAccessorImpl.invoke(DelegatingMethodAccessorImpl.java:43)
	at java.lang.reflect.Method.invoke(Method.java:498)
	at org.mybatis.spring.SqlSessionTemplate$SqlSessionInterceptor.invoke(SqlSessionTemplate.java:427)
	... 53 common frames omitted
26-05-11.10:19:45.306 [org.springframework.amqp.rabbit.RabbitListenerEndpointContainer#1-1] ERROR CreditAdjustSuccessCustomer - 监听积分账户调整成功消息，进行交易商品发货失败 topic: credit_adjust_success message: {"data":{"amount":-1.68,"orderId":"849555347552","outBusinessNo":"700091009200","userId":"xiaofuge"},"id":"36319250145","timestamp":1778465143977}
org.springframework.dao.DataIntegrityViolationException: 
### Error updating database.  Cause: java.sql.SQLIntegrityConstraintViolationException: Column 'total_count' cannot be null
### The error may exist in file [E:\project_java\big-market\big-market-app\target\classes\mybatis\mapper\raffle_activity_account_mapper.xml]
### The error may involve cn.gzy.infrastructure.persistent.dao.IRaffleActivityAccountDao.updateAccountQuota-Inline
### The error occurred while setting parameters
### SQL: update raffle_activity_account         set             total_count = total_count + ?,             total_count_surplus = total_count_surplus + ?,             day_count_surplus = day_count_surplus + ?,             day_count = day_count + ?,             month_count_surplus = month_count_surplus + ?,             month_count = month_count + ?,             update_time = now()         where user_id = ? and activity_id = ?
### Cause: java.sql.SQLIntegrityConstraintViolationException: Column 'total_count' cannot be null
; Column 'total_count' cannot be null; nested exception is java.sql.SQLIntegrityConstraintViolationException: Column 'total_count' cannot be null
	at org.springframework.jdbc.support.SQLExceptionSubclassTranslator.doTranslate(SQLExceptionSubclassTranslator.java:87)
	at org.springframework.jdbc.support.AbstractFallbackSQLExceptionTranslator.translate(AbstractFallbackSQLExceptionTranslator.java:70)
	at org.springframework.jdbc.support.AbstractFallbackSQLExceptionTranslator.translate(AbstractFallbackSQLExceptionTranslator.java:79)
	at org.mybatis.spring.MyBatisExceptionTranslator.translateExceptionIfPossible(MyBatisExceptionTranslator.java:91)
	at org.mybatis.spring.SqlSessionTemplate$SqlSessionInterceptor.invoke(SqlSessionTemplate.java:441)
	at com.sun.proxy.$Proxy109.update(Unknown Source)
	at org.mybatis.spring.SqlSessionTemplate.update(SqlSessionTemplate.java:288)
	at org.apache.ibatis.binding.MapperMethod.execute(MapperMethod.java:67)
	at org.apache.ibatis.binding.MapperProxy$PlainMethodInvoker.invoke(MapperProxy.java:152)
	at org.apache.ibatis.binding.MapperProxy.invoke(MapperProxy.java:85)
	at com.sun.proxy.$Proxy115.updateAccountQuota(Unknown Source)
	at sun.reflect.NativeMethodAccessorImpl.invoke0(Native Method)
	at sun.reflect.NativeMethodAccessorImpl.invoke(NativeMethodAccessorImpl.java:62)
	at sun.reflect.DelegatingMethodAccessorImpl.invoke(DelegatingMethodAccessorImpl.java:43)
	at java.lang.reflect.Method.invoke(Method.java:498)
	at org.springframework.aop.support.AopUtils.invokeJoinpointUsingReflection(AopUtils.java:344)
	at org.springframework.aop.framework.ReflectiveMethodInvocation.invokeJoinpoint(ReflectiveMethodInvocation.java:198)
	at org.springframework.aop.framework.ReflectiveMethodInvocation.proceed(ReflectiveMethodInvocation.java:163)
	at org.springframework.aop.interceptor.ExposeInvocationInterceptor.invoke(ExposeInvocationInterceptor.java:97)
	at org.springframework.aop.framework.ReflectiveMethodInvocation.proceed(ReflectiveMethodInvocation.java:186)
	at org.springframework.aop.framework.JdkDynamicAopProxy.invoke(JdkDynamicAopProxy.java:220)
	at com.sun.proxy.$Proxy116.updateAccountQuota(Unknown Source)
	at cn.gzy.infrastructure.persistent.repository.ActivityRepository.lambda$updateOrder$3(ActivityRepository.java:688)
	at org.springframework.transaction.support.TransactionTemplate.execute(TransactionTemplate.java:140)
	at cn.gzy.infrastructure.persistent.repository.ActivityRepository.updateOrder(ActivityRepository.java:675)
	at cn.gzy.infrastructure.persistent.repository.ActivityRepository$$FastClassBySpringCGLIB$$9abb50c6.invoke(<generated>)
	at org.springframework.cglib.proxy.MethodProxy.invoke(MethodProxy.java:218)
	at org.springframework.aop.framework.CglibAopProxy$CglibMethodInvocation.invokeJoinpoint(CglibAopProxy.java:793)
	at org.springframework.aop.framework.ReflectiveMethodInvocation.proceed(ReflectiveMethodInvocation.java:163)
	at org.springframework.aop.framework.CglibAopProxy$CglibMethodInvocation.proceed(CglibAopProxy.java:763)
	at org.springframework.dao.support.PersistenceExceptionTranslationInterceptor.invoke(PersistenceExceptionTranslationInterceptor.java:137)
	at org.springframework.aop.framework.ReflectiveMethodInvocation.proceed(ReflectiveMethodInvocation.java:186)
	at org.springframework.aop.framework.CglibAopProxy$CglibMethodInvocation.proceed(CglibAopProxy.java:763)
	at org.springframework.aop.framework.CglibAopProxy$DynamicAdvisedInterceptor.intercept(CglibAopProxy.java:708)
	at cn.gzy.infrastructure.persistent.repository.ActivityRepository$$EnhancerBySpringCGLIB$$d40f7c36.updateOrder(<generated>)
	at cn.gzy.domain.activity.service.quota.RaffleActivityAccountQuotaService.updateOrder(RaffleActivityAccountQuotaService.java:97)
	at cn.gzy.trigger.listener.CreditAdjustSuccessCustomer.listener(CreditAdjustSuccessCustomer.java:45)
	at sun.reflect.NativeMethodAccessorImpl.invoke0(Native Method)
	at sun.reflect.NativeMethodAccessorImpl.invoke(NativeMethodAccessorImpl.java:62)
	at sun.reflect.DelegatingMethodAccessorImpl.invoke(DelegatingMethodAccessorImpl.java:43)
	at java.lang.reflect.Method.invoke(Method.java:498)
	at org.springframework.messaging.handler.invocation.InvocableHandlerMethod.doInvoke(InvocableHandlerMethod.java:169)
	at org.springframework.messaging.handler.invocation.InvocableHandlerMethod.invoke(InvocableHandlerMethod.java:119)
	at org.springframework.amqp.rabbit.listener.adapter.HandlerAdapter.invoke(HandlerAdapter.java:77)
	at org.springframework.amqp.rabbit.listener.adapter.MessagingMessageListenerAdapter.invokeHandler(MessagingMessageListenerAdapter.java:263)
	at org.springframework.amqp.rabbit.listener.adapter.MessagingMessageListenerAdapter.invokeHandlerAndProcessResult(MessagingMessageListenerAdapter.java:209)
	at org.springframework.amqp.rabbit.listener.adapter.MessagingMessageListenerAdapter.onMessage(MessagingMessageListenerAdapter.java:148)
	at org.springframework.amqp.rabbit.listener.AbstractMessageListenerContainer.doInvokeListener(AbstractMessageListenerContainer.java:1674)
	at org.springframework.amqp.rabbit.listener.AbstractMessageListenerContainer.actualInvokeListener(AbstractMessageListenerContainer.java:1593)
	at org.springframework.amqp.rabbit.listener.AbstractMessageListenerContainer.invokeListener(AbstractMessageListenerContainer.java:1581)
	at org.springframework.amqp.rabbit.listener.AbstractMessageListenerContainer.doExecuteListener(AbstractMessageListenerContainer.java:1572)
	at org.springframework.amqp.rabbit.listener.AbstractMessageListenerContainer.executeListener(AbstractMessageListenerContainer.java:1516)
	at org.springframework.amqp.rabbit.listener.SimpleMessageListenerContainer.doReceiveAndExecute(SimpleMessageListenerContainer.java:1001)
	at org.springframework.amqp.rabbit.listener.SimpleMessageListenerContainer.receiveAndExecute(SimpleMessageListenerContainer.java:948)
	at org.springframework.amqp.rabbit.listener.SimpleMessageListenerContainer.access$1600(SimpleMessageListenerContainer.java:86)
	at org.springframework.amqp.rabbit.listener.SimpleMessageListenerContainer$AsyncMessageProcessingConsumer.mainLoop(SimpleMessageListenerContainer.java:1326)
	at org.springframework.amqp.rabbit.listener.SimpleMessageListenerContainer$AsyncMessageProcessingConsumer.run(SimpleMessageListenerContainer.java:1232)
	at java.lang.Thread.run(Thread.java:748)
Caused by: java.sql.SQLIntegrityConstraintViolationException: Column 'total_count' cannot be null
	at com.mysql.cj.jdbc.exceptions.SQLError.createSQLException(SQLError.java:117)
	at com.mysql.cj.jdbc.exceptions.SQLError.createSQLException(SQLError.java:97)
	at com.mysql.cj.jdbc.exceptions.SQLExceptionsMapping.translateException(SQLExceptionsMapping.java:122)
	at com.mysql.cj.jdbc.ClientPreparedStatement.executeInternal(ClientPreparedStatement.java:953)
	at com.mysql.cj.jdbc.ClientPreparedStatement.execute(ClientPreparedStatement.java:370)
	at com.zaxxer.hikari.pool.ProxyPreparedStatement.execute(ProxyPreparedStatement.java:44)
	at com.zaxxer.hikari.pool.HikariProxyPreparedStatement.execute(HikariProxyPreparedStatement.java)
	at org.apache.ibatis.executor.statement.PreparedStatementHandler.update(PreparedStatementHandler.java:47)
	at org.apache.ibatis.executor.statement.RoutingStatementHandler.update(RoutingStatementHandler.java:74)
	at sun.reflect.GeneratedMethodAccessor20.invoke(Unknown Source)
	at sun.reflect.DelegatingMethodAccessorImpl.invoke(DelegatingMethodAccessorImpl.java:43)
	at java.lang.reflect.Method.invoke(Method.java:498)
	at org.apache.ibatis.plugin.Plugin.invoke(Plugin.java:63)
	at com.sun.proxy.$Proxy184.update(Unknown Source)
	at org.apache.ibatis.executor.SimpleExecutor.doUpdate(SimpleExecutor.java:50)
	at org.apache.ibatis.executor.BaseExecutor.update(BaseExecutor.java:117)
	at org.apache.ibatis.executor.CachingExecutor.update(CachingExecutor.java:76)
	at org.apache.ibatis.session.defaults.DefaultSqlSession.update(DefaultSqlSession.java:197)
	at sun.reflect.GeneratedMethodAccessor21.invoke(Unknown Source)
	at sun.reflect.DelegatingMethodAccessorImpl.invoke(DelegatingMethodAccessorImpl.java:43)
	at java.lang.reflect.Method.invoke(Method.java:498)
	at org.mybatis.spring.SqlSessionTemplate$SqlSessionInterceptor.invoke(SqlSessionTemplate.java:427)
	... 53 common frames omitted
26-05-11.10:19:45.306 [org.springframework.amqp.rabbit.RabbitListenerEndpointContainer#1-1] WARN  ConditionalRejectingErrorHandler - Execution of Rabbit message listener failed.
org.springframework.amqp.rabbit.support.ListenerExecutionFailedException: Listener method 'public void cn.gzy.trigger.listener.CreditAdjustSuccessCustomer.listener(java.lang.String)' threw exception
	at org.springframework.amqp.rabbit.listener.adapter.MessagingMessageListenerAdapter.invokeHandler(MessagingMessageListenerAdapter.java:272)
	at org.springframework.amqp.rabbit.listener.adapter.MessagingMessageListenerAdapter.invokeHandlerAndProcessResult(MessagingMessageListenerAdapter.java:209)
	at org.springframework.amqp.rabbit.listener.adapter.MessagingMessageListenerAdapter.onMessage(MessagingMessageListenerAdapter.java:148)
	at org.springframework.amqp.rabbit.listener.AbstractMessageListenerContainer.doInvokeListener(AbstractMessageListenerContainer.java:1674)
	at org.springframework.amqp.rabbit.listener.AbstractMessageListenerContainer.actualInvokeListener(AbstractMessageListenerContainer.java:1593)
	at org.springframework.amqp.rabbit.listener.AbstractMessageListenerContainer.invokeListener(AbstractMessageListenerContainer.java:1581)
	at org.springframework.amqp.rabbit.listener.AbstractMessageListenerContainer.doExecuteListener(AbstractMessageListenerContainer.java:1572)
	at org.springframework.amqp.rabbit.listener.AbstractMessageListenerContainer.executeListener(AbstractMessageListenerContainer.java:1516)
	at org.springframework.amqp.rabbit.listener.SimpleMessageListenerContainer.doReceiveAndExecute(SimpleMessageListenerContainer.java:1001)
	at org.springframework.amqp.rabbit.listener.SimpleMessageListenerContainer.receiveAndExecute(SimpleMessageListenerContainer.java:948)
	at org.springframework.amqp.rabbit.listener.SimpleMessageListenerContainer.access$1600(SimpleMessageListenerContainer.java:86)
	at org.springframework.amqp.rabbit.listener.SimpleMessageListenerContainer$AsyncMessageProcessingConsumer.mainLoop(SimpleMessageListenerContainer.java:1326)
	at org.springframework.amqp.rabbit.listener.SimpleMessageListenerContainer$AsyncMessageProcessingConsumer.run(SimpleMessageListenerContainer.java:1232)
	at java.lang.Thread.run(Thread.java:748)
Caused by: org.springframework.dao.DataIntegrityViolationException: 
### Error updating database.  Cause: java.sql.SQLIntegrityConstraintViolationException: Column 'total_count' cannot be null
### The error may exist in file [E:\project_java\big-market\big-market-app\target\classes\mybatis\mapper\raffle_activity_account_mapper.xml]
### The error may involve cn.gzy.infrastructure.persistent.dao.IRaffleActivityAccountDao.updateAccountQuota-Inline
### The error occurred while setting parameters
### SQL: update raffle_activity_account         set             total_count = total_count + ?,             total_count_surplus = total_count_surplus + ?,             day_count_surplus = day_count_surplus + ?,             day_count = day_count + ?,             month_count_surplus = month_count_surplus + ?,             month_count = month_count + ?,             update_time = now()         where user_id = ? and activity_id = ?
### Cause: java.sql.SQLIntegrityConstraintViolationException: Column 'total_count' cannot be null
; Column 'total_count' cannot be null; nested exception is java.sql.SQLIntegrityConstraintViolationException: Column 'total_count' cannot be null
	at org.springframework.jdbc.support.SQLExceptionSubclassTranslator.doTranslate(SQLExceptionSubclassTranslator.java:87)
	at org.springframework.jdbc.support.AbstractFallbackSQLExceptionTranslator.translate(AbstractFallbackSQLExceptionTranslator.java:70)
	at org.springframework.jdbc.support.AbstractFallbackSQLExceptionTranslator.translate(AbstractFallbackSQLExceptionTranslator.java:79)
	at org.mybatis.spring.MyBatisExceptionTranslator.translateExceptionIfPossible(MyBatisExceptionTranslator.java:91)
	at org.mybatis.spring.SqlSessionTemplate$SqlSessionInterceptor.invoke(SqlSessionTemplate.java:441)
	at com.sun.proxy.$Proxy109.update(Unknown Source)
	at org.mybatis.spring.SqlSessionTemplate.update(SqlSessionTemplate.java:288)
	at org.apache.ibatis.binding.MapperMethod.execute(MapperMethod.java:67)
	at org.apache.ibatis.binding.MapperProxy$PlainMethodInvoker.invoke(MapperProxy.java:152)
	at org.apache.ibatis.binding.MapperProxy.invoke(MapperProxy.java:85)
	at com.sun.proxy.$Proxy115.updateAccountQuota(Unknown Source)
	at sun.reflect.NativeMethodAccessorImpl.invoke0(Native Method)
	at sun.reflect.NativeMethodAccessorImpl.invoke(NativeMethodAccessorImpl.java:62)
	at sun.reflect.DelegatingMethodAccessorImpl.invoke(DelegatingMethodAccessorImpl.java:43)
	at java.lang.reflect.Method.invoke(Method.java:498)
	at org.springframework.aop.support.AopUtils.invokeJoinpointUsingReflection(AopUtils.java:344)
	at org.springframework.aop.framework.ReflectiveMethodInvocation.invokeJoinpoint(ReflectiveMethodInvocation.java:198)
	at org.springframework.aop.framework.ReflectiveMethodInvocation.proceed(ReflectiveMethodInvocation.java:163)
	at org.springframework.aop.interceptor.ExposeInvocationInterceptor.invoke(ExposeInvocationInterceptor.java:97)
	at org.springframework.aop.framework.ReflectiveMethodInvocation.proceed(ReflectiveMethodInvocation.java:186)
	at org.springframework.aop.framework.JdkDynamicAopProxy.invoke(JdkDynamicAopProxy.java:220)
	at com.sun.proxy.$Proxy116.updateAccountQuota(Unknown Source)
	at cn.gzy.infrastructure.persistent.repository.ActivityRepository.lambda$updateOrder$3(ActivityRepository.java:688)
	at org.springframework.transaction.support.TransactionTemplate.execute(TransactionTemplate.java:140)
	at cn.gzy.infrastructure.persistent.repository.ActivityRepository.updateOrder(ActivityRepository.java:675)
	at cn.gzy.infrastructure.persistent.repository.ActivityRepository$$FastClassBySpringCGLIB$$9abb50c6.invoke(<generated>)
	at org.springframework.cglib.proxy.MethodProxy.invoke(MethodProxy.java:218)
	at org.springframework.aop.framework.CglibAopProxy$CglibMethodInvocation.invokeJoinpoint(CglibAopProxy.java:793)
	at org.springframework.aop.framework.ReflectiveMethodInvocation.proceed(ReflectiveMethodInvocation.java:163)
	at org.springframework.aop.framework.CglibAopProxy$CglibMethodInvocation.proceed(CglibAopProxy.java:763)
	at org.springframework.dao.support.PersistenceExceptionTranslationInterceptor.invoke(PersistenceExceptionTranslationInterceptor.java:137)
	at org.springframework.aop.framework.ReflectiveMethodInvocation.proceed(ReflectiveMethodInvocation.java:186)
	at org.springframework.aop.framework.CglibAopProxy$CglibMethodInvocation.proceed(CglibAopProxy.java:763)
	at org.springframework.aop.framework.CglibAopProxy$DynamicAdvisedInterceptor.intercept(CglibAopProxy.java:708)
	at cn.gzy.infrastructure.persistent.repository.ActivityRepository$$EnhancerBySpringCGLIB$$d40f7c36.updateOrder(<generated>)
	at cn.gzy.domain.activity.service.quota.RaffleActivityAccountQuotaService.updateOrder(RaffleActivityAccountQuotaService.java:97)
	at cn.gzy.trigger.listener.CreditAdjustSuccessCustomer.listener(CreditAdjustSuccessCustomer.java:45)
	at sun.reflect.NativeMethodAccessorImpl.invoke0(Native Method)
	at sun.reflect.NativeMethodAccessorImpl.invoke(NativeMethodAccessorImpl.java:62)
	at sun.reflect.DelegatingMethodAccessorImpl.invoke(DelegatingMethodAccessorImpl.java:43)
	at java.lang.reflect.Method.invoke(Method.java:498)
	at org.springframework.messaging.handler.invocation.InvocableHandlerMethod.doInvoke(InvocableHandlerMethod.java:169)
	at org.springframework.messaging.handler.invocation.InvocableHandlerMethod.invoke(InvocableHandlerMethod.java:119)
	at org.springframework.amqp.rabbit.listener.adapter.HandlerAdapter.invoke(HandlerAdapter.java:77)
	at org.springframework.amqp.rabbit.listener.adapter.MessagingMessageListenerAdapter.invokeHandler(MessagingMessageListenerAdapter.java:263)
	... 13 common frames omitted
Caused by: java.sql.SQLIntegrityConstraintViolationException: Column 'total_count' cannot be null
	at com.mysql.cj.jdbc.exceptions.SQLError.createSQLException(SQLError.java:117)
	at com.mysql.cj.jdbc.exceptions.SQLError.createSQLException(SQLError.java:97)
	at com.mysql.cj.jdbc.exceptions.SQLExceptionsMapping.translateException(SQLExceptionsMapping.java:122)
	at com.mysql.cj.jdbc.ClientPreparedStatement.executeInternal(ClientPreparedStatement.java:953)
	at com.mysql.cj.jdbc.ClientPreparedStatement.execute(ClientPreparedStatement.java:370)
	at com.zaxxer.hikari.pool.ProxyPreparedStatement.execute(ProxyPreparedStatement.java:44)
	at com.zaxxer.hikari.pool.HikariProxyPreparedStatement.execute(HikariProxyPreparedStatement.java)
	at org.apache.ibatis.executor.statement.PreparedStatementHandler.update(PreparedStatementHandler.java:47)
	at org.apache.ibatis.executor.statement.RoutingStatementHandler.update(RoutingStatementHandler.java:74)
	at sun.reflect.GeneratedMethodAccessor20.invoke(Unknown Source)
	at sun.reflect.DelegatingMethodAccessorImpl.invoke(DelegatingMethodAccessorImpl.java:43)
	at java.lang.reflect.Method.invoke(Method.java:498)
	at org.apache.ibatis.plugin.Plugin.invoke(Plugin.java:63)
	at com.sun.proxy.$Proxy184.update(Unknown Source)
	at org.apache.ibatis.executor.SimpleExecutor.doUpdate(SimpleExecutor.java:50)
	at org.apache.ibatis.executor.BaseExecutor.update(BaseExecutor.java:117)
	at org.apache.ibatis.executor.CachingExecutor.update(CachingExecutor.java:76)
	at org.apache.ibatis.session.defaults.DefaultSqlSession.update(DefaultSqlSession.java:197)
	at sun.reflect.GeneratedMethodAccessor21.invoke(Unknown Source)
	at sun.reflect.DelegatingMethodAccessorImpl.invoke(DelegatingMethodAccessorImpl.java:43)
	at java.lang.reflect.Method.invoke(Method.java:498)
	at org.mybatis.spring.SqlSessionTemplate$SqlSessionInterceptor.invoke(SqlSessionTemplate.java:427)
	... 53 common frames omitted
26-05-11.10:19:45.752 [org.springframework.amqp.rabbit.RabbitListenerEndpointContainer#1-1] ERROR CreditAdjustSuccessCustomer - 监听积分账户调整成功消息，进行交易商品发货失败 topic: credit_adjust_success message: {"data":{"amount":-1.68,"orderId":"849555347552","outBusinessNo":"700091009200","userId":"xiaofuge"},"id":"36319250145","timestamp":1778465143977}
org.springframework.dao.DataIntegrityViolationException: 
### Error updating database.  Cause: java.sql.SQLIntegrityConstraintViolationException: Column 'total_count' cannot be null
### The error may exist in file [E:\project_java\big-market\big-market-app\target\classes\mybatis\mapper\raffle_activity_account_mapper.xml]
### The error may involve cn.gzy.infrastructure.persistent.dao.IRaffleActivityAccountDao.updateAccountQuota-Inline
### The error occurred while setting parameters
### SQL: update raffle_activity_account         set             total_count = total_count + ?,             total_count_surplus = total_count_surplus + ?,             day_count_surplus = day_count_surplus + ?,             day_count = day_count + ?,             month_count_surplus = month_count_surplus + ?,             month_count = month_count + ?,             update_time = now()         where user_id = ? and activity_id = ?
### Cause: java.sql.SQLIntegrityConstraintViolationException: Column 'total_count' cannot be null
; Column 'total_count' cannot be null; nested exception is java.sql.SQLIntegrityConstraintViolationException: Column 'total_count' cannot be null
	at org.springframework.jdbc.support.SQLExceptionSubclassTranslator.doTranslate(SQLExceptionSubclassTranslator.java:87)
	at org.springframework.jdbc.support.AbstractFallbackSQLExceptionTranslator.translate(AbstractFallbackSQLExceptionTranslator.java:70)
	at org.springframework.jdbc.support.AbstractFallbackSQLExceptionTranslator.translate(AbstractFallbackSQLExceptionTranslator.java:79)
	at org.mybatis.spring.MyBatisExceptionTranslator.translateExceptionIfPossible(MyBatisExceptionTranslator.java:91)
	at org.mybatis.spring.SqlSessionTemplate$SqlSessionInterceptor.invoke(SqlSessionTemplate.java:441)
	at com.sun.proxy.$Proxy109.update(Unknown Source)
	at org.mybatis.spring.SqlSessionTemplate.update(SqlSessionTemplate.java:288)
	at org.apache.ibatis.binding.MapperMethod.execute(MapperMethod.java:67)
	at org.apache.ibatis.binding.MapperProxy$PlainMethodInvoker.invoke(MapperProxy.java:152)
	at org.apache.ibatis.binding.MapperProxy.invoke(MapperProxy.java:85)
	at com.sun.proxy.$Proxy115.updateAccountQuota(Unknown Source)
	at sun.reflect.NativeMethodAccessorImpl.invoke0(Native Method)
	at sun.reflect.NativeMethodAccessorImpl.invoke(NativeMethodAccessorImpl.java:62)
	at sun.reflect.DelegatingMethodAccessorImpl.invoke(DelegatingMethodAccessorImpl.java:43)
	at java.lang.reflect.Method.invoke(Method.java:498)
	at org.springframework.aop.support.AopUtils.invokeJoinpointUsingReflection(AopUtils.java:344)
	at org.springframework.aop.framework.ReflectiveMethodInvocation.invokeJoinpoint(ReflectiveMethodInvocation.java:198)
	at org.springframework.aop.framework.ReflectiveMethodInvocation.proceed(ReflectiveMethodInvocation.java:163)
	at org.springframework.aop.interceptor.ExposeInvocationInterceptor.invoke(ExposeInvocationInterceptor.java:97)
	at org.springframework.aop.framework.ReflectiveMethodInvocation.proceed(ReflectiveMethodInvocation.java:186)
	at org.springframework.aop.framework.JdkDynamicAopProxy.invoke(JdkDynamicAopProxy.java:220)
	at com.sun.proxy.$Proxy116.updateAccountQuota(Unknown Source)
	at cn.gzy.infrastructure.persistent.repository.ActivityRepository.lambda$updateOrder$3(ActivityRepository.java:688)
	at org.springframework.transaction.support.TransactionTemplate.execute(TransactionTemplate.java:140)
	at cn.gzy.infrastructure.persistent.repository.ActivityRepository.updateOrder(ActivityRepository.java:675)
	at cn.gzy.infrastructure.persistent.repository.ActivityRepository$$FastClassBySpringCGLIB$$9abb50c6.invoke(<generated>)
	at org.springframework.cglib.proxy.MethodProxy.invoke(MethodProxy.java:218)
	at org.springframework.aop.framework.CglibAopProxy$CglibMethodInvocation.invokeJoinpoint(CglibAopProxy.java:793)
	at org.springframework.aop.framework.ReflectiveMethodInvocation.proceed(ReflectiveMethodInvocation.java:163)
	at org.springframework.aop.framework.CglibAopProxy$CglibMethodInvocation.proceed(CglibAopProxy.java:763)
	at org.springframework.dao.support.PersistenceExceptionTranslationInterceptor.invoke(PersistenceExceptionTranslationInterceptor.java:137)
	at org.springframework.aop.framework.ReflectiveMethodInvocation.proceed(ReflectiveMethodInvocation.java:186)
	at org.springframework.aop.framework.CglibAopProxy$CglibMethodInvocation.proceed(CglibAopProxy.java:763)
	at org.springframework.aop.framework.CglibAopProxy$DynamicAdvisedInterceptor.intercept(CglibAopProxy.java:708)
	at cn.gzy.infrastructure.persistent.repository.ActivityRepository$$EnhancerBySpringCGLIB$$d40f7c36.updateOrder(<generated>)
	at cn.gzy.domain.activity.service.quota.RaffleActivityAccountQuotaService.updateOrder(RaffleActivityAccountQuotaService.java:97)
	at cn.gzy.trigger.listener.CreditAdjustSuccessCustomer.listener(CreditAdjustSuccessCustomer.java:45)
	at sun.reflect.NativeMethodAccessorImpl.invoke0(Native Method)
	at sun.reflect.NativeMethodAccessorImpl.invoke(NativeMethodAccessorImpl.java:62)
	at sun.reflect.DelegatingMethodAccessorImpl.invoke(DelegatingMethodAccessorImpl.java:43)
	at java.lang.reflect.Method.invoke(Method.java:498)
	at org.springframework.messaging.handler.invocation.InvocableHandlerMethod.doInvoke(InvocableHandlerMethod.java:169)
	at org.springframework.messaging.handler.invocation.InvocableHandlerMethod.invoke(InvocableHandlerMethod.java:119)
	at org.springframework.amqp.rabbit.listener.adapter.HandlerAdapter.invoke(HandlerAdapter.java:77)
	at org.springframework.amqp.rabbit.listener.adapter.MessagingMessageListenerAdapter.invokeHandler(MessagingMessageListenerAdapter.java:263)
	at org.springframework.amqp.rabbit.listener.adapter.MessagingMessageListenerAdapter.invokeHandlerAndProcessResult(MessagingMessageListenerAdapter.java:209)
	at org.springframework.amqp.rabbit.listener.adapter.MessagingMessageListenerAdapter.onMessage(MessagingMessageListenerAdapter.java:148)
	at org.springframework.amqp.rabbit.listener.AbstractMessageListenerContainer.doInvokeListener(AbstractMessageListenerContainer.java:1674)
	at org.springframework.amqp.rabbit.listener.AbstractMessageListenerContainer.actualInvokeListener(AbstractMessageListenerContainer.java:1593)
	at org.springframework.amqp.rabbit.listener.AbstractMessageListenerContainer.invokeListener(AbstractMessageListenerContainer.java:1581)
	at org.springframework.amqp.rabbit.listener.AbstractMessageListenerContainer.doExecuteListener(AbstractMessageListenerContainer.java:1572)
	at org.springframework.amqp.rabbit.listener.AbstractMessageListenerContainer.executeListener(AbstractMessageListenerContainer.java:1516)
	at org.springframework.amqp.rabbit.listener.SimpleMessageListenerContainer.doReceiveAndExecute(SimpleMessageListenerContainer.java:1001)
	at org.springframework.amqp.rabbit.listener.SimpleMessageListenerContainer.receiveAndExecute(SimpleMessageListenerContainer.java:948)
	at org.springframework.amqp.rabbit.listener.SimpleMessageListenerContainer.access$1600(SimpleMessageListenerContainer.java:86)
	at org.springframework.amqp.rabbit.listener.SimpleMessageListenerContainer$AsyncMessageProcessingConsumer.mainLoop(SimpleMessageListenerContainer.java:1326)
	at org.springframework.amqp.rabbit.listener.SimpleMessageListenerContainer$AsyncMessageProcessingConsumer.run(SimpleMessageListenerContainer.java:1232)
	at java.lang.Thread.run(Thread.java:748)
Caused by: java.sql.SQLIntegrityConstraintViolationException: Column 'total_count' cannot be null
	at com.mysql.cj.jdbc.exceptions.SQLError.createSQLException(SQLError.java:117)
	at com.mysql.cj.jdbc.exceptions.SQLError.createSQLException(SQLError.java:97)
	at com.mysql.cj.jdbc.exceptions.SQLExceptionsMapping.translateException(SQLExceptionsMapping.java:122)
	at com.mysql.cj.jdbc.ClientPreparedStatement.executeInternal(ClientPreparedStatement.java:953)
	at com.mysql.cj.jdbc.ClientPreparedStatement.execute(ClientPreparedStatement.java:370)
	at com.zaxxer.hikari.pool.ProxyPreparedStatement.execute(ProxyPreparedStatement.java:44)
	at com.zaxxer.hikari.pool.HikariProxyPreparedStatement.execute(HikariProxyPreparedStatement.java)
	at org.apache.ibatis.executor.statement.PreparedStatementHandler.update(PreparedStatementHandler.java:47)
	at org.apache.ibatis.executor.statement.RoutingStatementHandler.update(RoutingStatementHandler.java:74)
	at sun.reflect.GeneratedMethodAccessor20.invoke(Unknown Source)
	at sun.reflect.DelegatingMethodAccessorImpl.invoke(DelegatingMethodAccessorImpl.java:43)
	at java.lang.reflect.Method.invoke(Method.java:498)
	at org.apache.ibatis.plugin.Plugin.invoke(Plugin.java:63)
	at com.sun.proxy.$Proxy184.update(Unknown Source)
	at org.apache.ibatis.executor.SimpleExecutor.doUpdate(SimpleExecutor.java:50)
	at org.apache.ibatis.executor.BaseExecutor.update(BaseExecutor.java:117)
	at org.apache.ibatis.executor.CachingExecutor.update(CachingExecutor.java:76)
	at org.apache.ibatis.session.defaults.DefaultSqlSession.update(DefaultSqlSession.java:197)
	at sun.reflect.GeneratedMethodAccessor21.invoke(Unknown Source)
	at sun.reflect.DelegatingMethodAccessorImpl.invoke(DelegatingMethodAccessorImpl.java:43)
	at java.lang.reflect.Method.invoke(Method.java:498)
	at org.mybatis.spring.SqlSessionTemplate$SqlSessionInterceptor.invoke(SqlSessionTemplate.java:427)
	... 53 common frames omitted
26-05-11.10:19:45.752 [org.springframework.amqp.rabbit.RabbitListenerEndpointContainer#1-1] WARN  ConditionalRejectingErrorHandler - Execution of Rabbit message listener failed.
org.springframework.amqp.rabbit.support.ListenerExecutionFailedException: Listener method 'public void cn.gzy.trigger.listener.CreditAdjustSuccessCustomer.listener(java.lang.String)' threw exception
	at org.springframework.amqp.rabbit.listener.adapter.MessagingMessageListenerAdapter.invokeHandler(MessagingMessageListenerAdapter.java:272)
	at org.springframework.amqp.rabbit.listener.adapter.MessagingMessageListenerAdapter.invokeHandlerAndProcessResult(MessagingMessageListenerAdapter.java:209)
	at org.springframework.amqp.rabbit.listener.adapter.MessagingMessageListenerAdapter.onMessage(MessagingMessageListenerAdapter.java:148)
	at org.springframework.amqp.rabbit.listener.AbstractMessageListenerContainer.doInvokeListener(AbstractMessageListenerContainer.java:1674)
	at org.springframework.amqp.rabbit.listener.AbstractMessageListenerContainer.actualInvokeListener(AbstractMessageListenerContainer.java:1593)
	at org.springframework.amqp.rabbit.listener.AbstractMessageListenerContainer.invokeListener(AbstractMessageListenerContainer.java:1581)
	at org.springframework.amqp.rabbit.listener.AbstractMessageListenerContainer.doExecuteListener(AbstractMessageListenerContainer.java:1572)
	at org.springframework.amqp.rabbit.listener.AbstractMessageListenerContainer.executeListener(AbstractMessageListenerContainer.java:1516)
	at org.springframework.amqp.rabbit.listener.SimpleMessageListenerContainer.doReceiveAndExecute(SimpleMessageListenerContainer.java:1001)
	at org.springframework.amqp.rabbit.listener.SimpleMessageListenerContainer.receiveAndExecute(SimpleMessageListenerContainer.java:948)
	at org.springframework.amqp.rabbit.listener.SimpleMessageListenerContainer.access$1600(SimpleMessageListenerContainer.java:86)
	at org.springframework.amqp.rabbit.listener.SimpleMessageListenerContainer$AsyncMessageProcessingConsumer.mainLoop(SimpleMessageListenerContainer.java:1326)
	at org.springframework.amqp.rabbit.listener.SimpleMessageListenerContainer$AsyncMessageProcessingConsumer.run(SimpleMessageListenerContainer.java:1232)
	at java.lang.Thread.run(Thread.java:748)
Caused by: org.springframework.dao.DataIntegrityViolationException: 
### Error updating database.  Cause: java.sql.SQLIntegrityConstraintViolationException: Column 'total_count' cannot be null
### The error may exist in file [E:\project_java\big-market\big-market-app\target\classes\mybatis\mapper\raffle_activity_account_mapper.xml]
### The error may involve cn.gzy.infrastructure.persistent.dao.IRaffleActivityAccountDao.updateAccountQuota-Inline
### The error occurred while setting parameters
### SQL: update raffle_activity_account         set             total_count = total_count + ?,             total_count_surplus = total_count_surplus + ?,             day_count_surplus = day_count_surplus + ?,             day_count = day_count + ?,             month_count_surplus = month_count_surplus + ?,             month_count = month_count + ?,             update_time = now()         where user_id = ? and activity_id = ?
### Cause: java.sql.SQLIntegrityConstraintViolationException: Column 'total_count' cannot be null
; Column 'total_count' cannot be null; nested exception is java.sql.SQLIntegrityConstraintViolationException: Column 'total_count' cannot be null
	at org.springframework.jdbc.support.SQLExceptionSubclassTranslator.doTranslate(SQLExceptionSubclassTranslator.java:87)
	at org.springframework.jdbc.support.AbstractFallbackSQLExceptionTranslator.translate(AbstractFallbackSQLExceptionTranslator.java:70)
	at org.springframework.jdbc.support.AbstractFallbackSQLExceptionTranslator.translate(AbstractFallbackSQLExceptionTranslator.java:79)
	at org.mybatis.spring.MyBatisExceptionTranslator.translateExceptionIfPossible(MyBatisExceptionTranslator.java:91)
	at org.mybatis.spring.SqlSessionTemplate$SqlSessionInterceptor.invoke(SqlSessionTemplate.java:441)
	at com.sun.proxy.$Proxy109.update(Unknown Source)
	at org.mybatis.spring.SqlSessionTemplate.update(SqlSessionTemplate.java:288)
	at org.apache.ibatis.binding.MapperMethod.execute(MapperMethod.java:67)
	at org.apache.ibatis.binding.MapperProxy$PlainMethodInvoker.invoke(MapperProxy.java:152)
	at org.apache.ibatis.binding.MapperProxy.invoke(MapperProxy.java:85)
	at com.sun.proxy.$Proxy115.updateAccountQuota(Unknown Source)
	at sun.reflect.NativeMethodAccessorImpl.invoke0(Native Method)
	at sun.reflect.NativeMethodAccessorImpl.invoke(NativeMethodAccessorImpl.java:62)
	at sun.reflect.DelegatingMethodAccessorImpl.invoke(DelegatingMethodAccessorImpl.java:43)
	at java.lang.reflect.Method.invoke(Method.java:498)
	at org.springframework.aop.support.AopUtils.invokeJoinpointUsingReflection(AopUtils.java:344)
	at org.springframework.aop.framework.ReflectiveMethodInvocation.invokeJoinpoint(ReflectiveMethodInvocation.java:198)
	at org.springframework.aop.framework.ReflectiveMethodInvocation.proceed(ReflectiveMethodInvocation.java:163)
	at org.springframework.aop.interceptor.ExposeInvocationInterceptor.invoke(ExposeInvocationInterceptor.java:97)
	at org.springframework.aop.framework.ReflectiveMethodInvocation.proceed(ReflectiveMethodInvocation.java:186)
	at org.springframework.aop.framework.JdkDynamicAopProxy.invoke(JdkDynamicAopProxy.java:220)
	at com.sun.proxy.$Proxy116.updateAccountQuota(Unknown Source)
	at cn.gzy.infrastructure.persistent.repository.ActivityRepository.lambda$updateOrder$3(ActivityRepository.java:688)
	at org.springframework.transaction.support.TransactionTemplate.execute(TransactionTemplate.java:140)
	at cn.gzy.infrastructure.persistent.repository.ActivityRepository.updateOrder(ActivityRepository.java:675)
	at cn.gzy.infrastructure.persistent.repository.ActivityRepository$$FastClassBySpringCGLIB$$9abb50c6.invoke(<generated>)
	at org.springframework.cglib.proxy.MethodProxy.invoke(MethodProxy.java:218)
	at org.springframework.aop.framework.CglibAopProxy$CglibMethodInvocation.invokeJoinpoint(CglibAopProxy.java:793)
	at org.springframework.aop.framework.ReflectiveMethodInvocation.proceed(ReflectiveMethodInvocation.java:163)
	at org.springframework.aop.framework.CglibAopProxy$CglibMethodInvocation.proceed(CglibAopProxy.java:763)
	at org.springframework.dao.support.PersistenceExceptionTranslationInterceptor.invoke(PersistenceExceptionTranslationInterceptor.java:137)
	at org.springframework.aop.framework.ReflectiveMethodInvocation.proceed(ReflectiveMethodInvocation.java:186)
	at org.springframework.aop.framework.CglibAopProxy$CglibMethodInvocation.proceed(CglibAopProxy.java:763)
	at org.springframework.aop.framework.CglibAopProxy$DynamicAdvisedInterceptor.intercept(CglibAopProxy.java:708)
	at cn.gzy.infrastructure.persistent.repository.ActivityRepository$$EnhancerBySpringCGLIB$$d40f7c36.updateOrder(<generated>)
	at cn.gzy.domain.activity.service.quota.RaffleActivityAccountQuotaService.updateOrder(RaffleActivityAccountQuotaService.java:97)
	at cn.gzy.trigger.listener.CreditAdjustSuccessCustomer.listener(CreditAdjustSuccessCustomer.java:45)
	at sun.reflect.NativeMethodAccessorImpl.invoke0(Native Method)
	at sun.reflect.NativeMethodAccessorImpl.invoke(NativeMethodAccessorImpl.java:62)
	at sun.reflect.DelegatingMethodAccessorImpl.invoke(DelegatingMethodAccessorImpl.java:43)
	at java.lang.reflect.Method.invoke(Method.java:498)
	at org.springframework.messaging.handler.invocation.InvocableHandlerMethod.doInvoke(InvocableHandlerMethod.java:169)
	at org.springframework.messaging.handler.invocation.InvocableHandlerMethod.invoke(InvocableHandlerMethod.java:119)
	at org.springframework.amqp.rabbit.listener.adapter.HandlerAdapter.invoke(HandlerAdapter.java:77)
	at org.springframework.amqp.rabbit.listener.adapter.MessagingMessageListenerAdapter.invokeHandler(MessagingMessageListenerAdapter.java:263)
	... 13 common frames omitted
Caused by: java.sql.SQLIntegrityConstraintViolationException: Column 'total_count' cannot be null
	at com.mysql.cj.jdbc.exceptions.SQLError.createSQLException(SQLError.java:117)
	at com.mysql.cj.jdbc.exceptions.SQLError.createSQLException(SQLError.java:97)
	at com.mysql.cj.jdbc.exceptions.SQLExceptionsMapping.translateException(SQLExceptionsMapping.java:122)
	at com.mysql.cj.jdbc.ClientPreparedStatement.executeInternal(ClientPreparedStatement.java:953)
	at com.mysql.cj.jdbc.ClientPreparedStatement.execute(ClientPreparedStatement.java:370)
	at com.zaxxer.hikari.pool.ProxyPreparedStatement.execute(ProxyPreparedStatement.java:44)
	at com.zaxxer.hikari.pool.HikariProxyPreparedStatement.execute(HikariProxyPreparedStatement.java)
	at org.apache.ibatis.executor.statement.PreparedStatementHandler.update(PreparedStatementHandler.java:47)
	at org.apache.ibatis.executor.statement.RoutingStatementHandler.update(RoutingStatementHandler.java:74)
	at sun.reflect.GeneratedMethodAccessor20.invoke(Unknown Source)
	at sun.reflect.DelegatingMethodAccessorImpl.invoke(DelegatingMethodAccessorImpl.java:43)
	at java.lang.reflect.Method.invoke(Method.java:498)
	at org.apache.ibatis.plugin.Plugin.invoke(Plugin.java:63)
	at com.sun.proxy.$Proxy184.update(Unknown Source)
	at org.apache.ibatis.executor.SimpleExecutor.doUpdate(SimpleExecutor.java:50)
	at org.apache.ibatis.executor.BaseExecutor.update(BaseExecutor.java:117)
	at org.apache.ibatis.executor.CachingExecutor.update(CachingExecutor.java:76)
	at org.apache.ibatis.session.defaults.DefaultSqlSession.update(DefaultSqlSession.java:197)
	at sun.reflect.GeneratedMethodAccessor21.invoke(Unknown Source)
	at sun.reflect.DelegatingMethodAccessorImpl.invoke(DelegatingMethodAccessorImpl.java:43)
	at java.lang.reflect.Method.invoke(Method.java:498)
	at org.mybatis.spring.SqlSessionTemplate$SqlSessionInterceptor.invoke(SqlSessionTemplate.java:427)
	... 53 common frames omitted
26-05-11.10:19:46.193 [org.springframework.amqp.rabbit.RabbitListenerEndpointContainer#1-1] ERROR CreditAdjustSuccessCustomer - 监听积分账户调整成功消息，进行交易商品发货失败 topic: credit_adjust_success message: {"data":{"amount":-1.68,"orderId":"849555347552","outBusinessNo":"700091009200","userId":"xiaofuge"},"id":"36319250145","timestamp":1778465143977}
org.springframework.dao.DataIntegrityViolationException: 
### Error updating database.  Cause: java.sql.SQLIntegrityConstraintViolationException: Column 'total_count' cannot be null
### The error may exist in file [E:\project_java\big-market\big-market-app\target\classes\mybatis\mapper\raffle_activity_account_mapper.xml]
### The error may involve cn.gzy.infrastructure.persistent.dao.IRaffleActivityAccountDao.updateAccountQuota-Inline
### The error occurred while setting parameters
### SQL: update raffle_activity_account         set             total_count = total_count + ?,             total_count_surplus = total_count_surplus + ?,             day_count_surplus = day_count_surplus + ?,             day_count = day_count + ?,             month_count_surplus = month_count_surplus + ?,             month_count = month_count + ?,             update_time = now()         where user_id = ? and activity_id = ?
### Cause: java.sql.SQLIntegrityConstraintViolationException: Column 'total_count' cannot be null
; Column 'total_count' cannot be null; nested exception is java.sql.SQLIntegrityConstraintViolationException: Column 'total_count' cannot be null
	at org.springframework.jdbc.support.SQLExceptionSubclassTranslator.doTranslate(SQLExceptionSubclassTranslator.java:87)
	at org.springframework.jdbc.support.AbstractFallbackSQLExceptionTranslator.translate(AbstractFallbackSQLExceptionTranslator.java:70)
	at org.springframework.jdbc.support.AbstractFallbackSQLExceptionTranslator.translate(AbstractFallbackSQLExceptionTranslator.java:79)
	at org.mybatis.spring.MyBatisExceptionTranslator.translateExceptionIfPossible(MyBatisExceptionTranslator.java:91)
	at org.mybatis.spring.SqlSessionTemplate$SqlSessionInterceptor.invoke(SqlSessionTemplate.java:441)
	at com.sun.proxy.$Proxy109.update(Unknown Source)
	at org.mybatis.spring.SqlSessionTemplate.update(SqlSessionTemplate.java:288)
	at org.apache.ibatis.binding.MapperMethod.execute(MapperMethod.java:67)
	at org.apache.ibatis.binding.MapperProxy$PlainMethodInvoker.invoke(MapperProxy.java:152)
	at org.apache.ibatis.binding.MapperProxy.invoke(MapperProxy.java:85)
	at com.sun.proxy.$Proxy115.updateAccountQuota(Unknown Source)
	at sun.reflect.NativeMethodAccessorImpl.invoke0(Native Method)
	at sun.reflect.NativeMethodAccessorImpl.invoke(NativeMethodAccessorImpl.java:62)
	at sun.reflect.DelegatingMethodAccessorImpl.invoke(DelegatingMethodAccessorImpl.java:43)
	at java.lang.reflect.Method.invoke(Method.java:498)
	at org.springframework.aop.support.AopUtils.invokeJoinpointUsingReflection(AopUtils.java:344)
	at org.springframework.aop.framework.ReflectiveMethodInvocation.invokeJoinpoint(ReflectiveMethodInvocation.java:198)
	at org.springframework.aop.framework.ReflectiveMethodInvocation.proceed(ReflectiveMethodInvocation.java:163)
	at org.springframework.aop.interceptor.ExposeInvocationInterceptor.invoke(ExposeInvocationInterceptor.java:97)
	at org.springframework.aop.framework.ReflectiveMethodInvocation.proceed(ReflectiveMethodInvocation.java:186)
	at org.springframework.aop.framework.JdkDynamicAopProxy.invoke(JdkDynamicAopProxy.java:220)
	at com.sun.proxy.$Proxy116.updateAccountQuota(Unknown Source)
	at cn.gzy.infrastructure.persistent.repository.ActivityRepository.lambda$updateOrder$3(ActivityRepository.java:688)
	at org.springframework.transaction.support.TransactionTemplate.execute(TransactionTemplate.java:140)
	at cn.gzy.infrastructure.persistent.repository.ActivityRepository.updateOrder(ActivityRepository.java:675)
	at cn.gzy.infrastructure.persistent.repository.ActivityRepository$$FastClassBySpringCGLIB$$9abb50c6.invoke(<generated>)
	at org.springframework.cglib.proxy.MethodProxy.invoke(MethodProxy.java:218)
	at org.springframework.aop.framework.CglibAopProxy$CglibMethodInvocation.invokeJoinpoint(CglibAopProxy.java:793)
	at org.springframework.aop.framework.ReflectiveMethodInvocation.proceed(ReflectiveMethodInvocation.java:163)
	at org.springframework.aop.framework.CglibAopProxy$CglibMethodInvocation.proceed(CglibAopProxy.java:763)
	at org.springframework.dao.support.PersistenceExceptionTranslationInterceptor.invoke(PersistenceExceptionTranslationInterceptor.java:137)
	at org.springframework.aop.framework.ReflectiveMethodInvocation.proceed(ReflectiveMethodInvocation.java:186)
	at org.springframework.aop.framework.CglibAopProxy$CglibMethodInvocation.proceed(CglibAopProxy.java:763)
	at org.springframework.aop.framework.CglibAopProxy$DynamicAdvisedInterceptor.intercept(CglibAopProxy.java:708)
	at cn.gzy.infrastructure.persistent.repository.ActivityRepository$$EnhancerBySpringCGLIB$$d40f7c36.updateOrder(<generated>)
	at cn.gzy.domain.activity.service.quota.RaffleActivityAccountQuotaService.updateOrder(RaffleActivityAccountQuotaService.java:97)
	at cn.gzy.trigger.listener.CreditAdjustSuccessCustomer.listener(CreditAdjustSuccessCustomer.java:45)
	at sun.reflect.NativeMethodAccessorImpl.invoke0(Native Method)
	at sun.reflect.NativeMethodAccessorImpl.invoke(NativeMethodAccessorImpl.java:62)
	at sun.reflect.DelegatingMethodAccessorImpl.invoke(DelegatingMethodAccessorImpl.java:43)
	at java.lang.reflect.Method.invoke(Method.java:498)
	at org.springframework.messaging.handler.invocation.InvocableHandlerMethod.doInvoke(InvocableHandlerMethod.java:169)
	at org.springframework.messaging.handler.invocation.InvocableHandlerMethod.invoke(InvocableHandlerMethod.java:119)
	at org.springframework.amqp.rabbit.listener.adapter.HandlerAdapter.invoke(HandlerAdapter.java:77)
	at org.springframework.amqp.rabbit.listener.adapter.MessagingMessageListenerAdapter.invokeHandler(MessagingMessageListenerAdapter.java:263)
	at org.springframework.amqp.rabbit.listener.adapter.MessagingMessageListenerAdapter.invokeHandlerAndProcessResult(MessagingMessageListenerAdapter.java:209)
	at org.springframework.amqp.rabbit.listener.adapter.MessagingMessageListenerAdapter.onMessage(MessagingMessageListenerAdapter.java:148)
	at org.springframework.amqp.rabbit.listener.AbstractMessageListenerContainer.doInvokeListener(AbstractMessageListenerContainer.java:1674)
	at org.springframework.amqp.rabbit.listener.AbstractMessageListenerContainer.actualInvokeListener(AbstractMessageListenerContainer.java:1593)
	at org.springframework.amqp.rabbit.listener.AbstractMessageListenerContainer.invokeListener(AbstractMessageListenerContainer.java:1581)
	at org.springframework.amqp.rabbit.listener.AbstractMessageListenerContainer.doExecuteListener(AbstractMessageListenerContainer.java:1572)
	at org.springframework.amqp.rabbit.listener.AbstractMessageListenerContainer.executeListener(AbstractMessageListenerContainer.java:1516)
	at org.springframework.amqp.rabbit.listener.SimpleMessageListenerContainer.doReceiveAndExecute(SimpleMessageListenerContainer.java:1001)
	at org.springframework.amqp.rabbit.listener.SimpleMessageListenerContainer.receiveAndExecute(SimpleMessageListenerContainer.java:948)
	at org.springframework.amqp.rabbit.listener.SimpleMessageListenerContainer.access$1600(SimpleMessageListenerContainer.java:86)
	at org.springframework.amqp.rabbit.listener.SimpleMessageListenerContainer$AsyncMessageProcessingConsumer.mainLoop(SimpleMessageListenerContainer.java:1326)
	at org.springframework.amqp.rabbit.listener.SimpleMessageListenerContainer$AsyncMessageProcessingConsumer.run(SimpleMessageListenerContainer.java:1232)
	at java.lang.Thread.run(Thread.java:748)
Caused by: java.sql.SQLIntegrityConstraintViolationException: Column 'total_count' cannot be null
	at com.mysql.cj.jdbc.exceptions.SQLError.createSQLException(SQLError.java:117)
	at com.mysql.cj.jdbc.exceptions.SQLError.createSQLException(SQLError.java:97)
	at com.mysql.cj.jdbc.exceptions.SQLExceptionsMapping.translateException(SQLExceptionsMapping.java:122)
	at com.mysql.cj.jdbc.ClientPreparedStatement.executeInternal(ClientPreparedStatement.java:953)
	at com.mysql.cj.jdbc.ClientPreparedStatement.execute(ClientPreparedStatement.java:370)
	at com.zaxxer.hikari.pool.ProxyPreparedStatement.execute(ProxyPreparedStatement.java:44)
	at com.zaxxer.hikari.pool.HikariProxyPreparedStatement.execute(HikariProxyPreparedStatement.java)
	at org.apache.ibatis.executor.statement.PreparedStatementHandler.update(PreparedStatementHandler.java:47)
	at org.apache.ibatis.executor.statement.RoutingStatementHandler.update(RoutingStatementHandler.java:74)
	at sun.reflect.GeneratedMethodAccessor20.invoke(Unknown Source)
	at sun.reflect.DelegatingMethodAccessorImpl.invoke(DelegatingMethodAccessorImpl.java:43)
	at java.lang.reflect.Method.invoke(Method.java:498)
	at org.apache.ibatis.plugin.Plugin.invoke(Plugin.java:63)
	at com.sun.proxy.$Proxy184.update(Unknown Source)
	at org.apache.ibatis.executor.SimpleExecutor.doUpdate(SimpleExecutor.java:50)
	at org.apache.ibatis.executor.BaseExecutor.update(BaseExecutor.java:117)
	at org.apache.ibatis.executor.CachingExecutor.update(CachingExecutor.java:76)
	at org.apache.ibatis.session.defaults.DefaultSqlSession.update(DefaultSqlSession.java:197)
	at sun.reflect.GeneratedMethodAccessor21.invoke(Unknown Source)
	at sun.reflect.DelegatingMethodAccessorImpl.invoke(DelegatingMethodAccessorImpl.java:43)
	at java.lang.reflect.Method.invoke(Method.java:498)
	at org.mybatis.spring.SqlSessionTemplate$SqlSessionInterceptor.invoke(SqlSessionTemplate.java:427)
	... 53 common frames omitted
26-05-11.10:19:46.193 [org.springframework.amqp.rabbit.RabbitListenerEndpointContainer#1-1] WARN  ConditionalRejectingErrorHandler - Execution of Rabbit message listener failed.
org.springframework.amqp.rabbit.support.ListenerExecutionFailedException: Listener method 'public void cn.gzy.trigger.listener.CreditAdjustSuccessCustomer.listener(java.lang.String)' threw exception
	at org.springframework.amqp.rabbit.listener.adapter.MessagingMessageListenerAdapter.invokeHandler(MessagingMessageListenerAdapter.java:272)
	at org.springframework.amqp.rabbit.listener.adapter.MessagingMessageListenerAdapter.invokeHandlerAndProcessResult(MessagingMessageListenerAdapter.java:209)
	at org.springframework.amqp.rabbit.listener.adapter.MessagingMessageListenerAdapter.onMessage(MessagingMessageListenerAdapter.java:148)
	at org.springframework.amqp.rabbit.listener.AbstractMessageListenerContainer.doInvokeListener(AbstractMessageListenerContainer.java:1674)
	at org.springframework.amqp.rabbit.listener.AbstractMessageListenerContainer.actualInvokeListener(AbstractMessageListenerContainer.java:1593)
	at org.springframework.amqp.rabbit.listener.AbstractMessageListenerContainer.invokeListener(AbstractMessageListenerContainer.java:1581)
	at org.springframework.amqp.rabbit.listener.AbstractMessageListenerContainer.doExecuteListener(AbstractMessageListenerContainer.java:1572)
	at org.springframework.amqp.rabbit.listener.AbstractMessageListenerContainer.executeListener(AbstractMessageListenerContainer.java:1516)
	at org.springframework.amqp.rabbit.listener.SimpleMessageListenerContainer.doReceiveAndExecute(SimpleMessageListenerContainer.java:1001)
	at org.springframework.amqp.rabbit.listener.SimpleMessageListenerContainer.receiveAndExecute(SimpleMessageListenerContainer.java:948)
	at org.springframework.amqp.rabbit.listener.SimpleMessageListenerContainer.access$1600(SimpleMessageListenerContainer.java:86)
	at org.springframework.amqp.rabbit.listener.SimpleMessageListenerContainer$AsyncMessageProcessingConsumer.mainLoop(SimpleMessageListenerContainer.java:1326)
	at org.springframework.amqp.rabbit.listener.SimpleMessageListenerContainer$AsyncMessageProcessingConsumer.run(SimpleMessageListenerContainer.java:1232)
	at java.lang.Thread.run(Thread.java:748)
Caused by: org.springframework.dao.DataIntegrityViolationException: 
### Error updating database.  Cause: java.sql.SQLIntegrityConstraintViolationException: Column 'total_count' cannot be null
### The error may exist in file [E:\project_java\big-market\big-market-app\target\classes\mybatis\mapper\raffle_activity_account_mapper.xml]
### The error may involve cn.gzy.infrastructure.persistent.dao.IRaffleActivityAccountDao.updateAccountQuota-Inline
### The error occurred while setting parameters
### SQL: update raffle_activity_account         set             total_count = total_count + ?,             total_count_surplus = total_count_surplus + ?,             day_count_surplus = day_count_surplus + ?,             day_count = day_count + ?,             month_count_surplus = month_count_surplus + ?,             month_count = month_count + ?,             update_time = now()         where user_id = ? and activity_id = ?
### Cause: java.sql.SQLIntegrityConstraintViolationException: Column 'total_count' cannot be null
; Column 'total_count' cannot be null; nested exception is java.sql.SQLIntegrityConstraintViolationException: Column 'total_count' cannot be null
	at org.springframework.jdbc.support.SQLExceptionSubclassTranslator.doTranslate(SQLExceptionSubclassTranslator.java:87)
	at org.springframework.jdbc.support.AbstractFallbackSQLExceptionTranslator.translate(AbstractFallbackSQLExceptionTranslator.java:70)
	at org.springframework.jdbc.support.AbstractFallbackSQLExceptionTranslator.translate(AbstractFallbackSQLExceptionTranslator.java:79)
	at org.mybatis.spring.MyBatisExceptionTranslator.translateExceptionIfPossible(MyBatisExceptionTranslator.java:91)
	at org.mybatis.spring.SqlSessionTemplate$SqlSessionInterceptor.invoke(SqlSessionTemplate.java:441)
	at com.sun.proxy.$Proxy109.update(Unknown Source)
	at org.mybatis.spring.SqlSessionTemplate.update(SqlSessionTemplate.java:288)
	at org.apache.ibatis.binding.MapperMethod.execute(MapperMethod.java:67)
	at org.apache.ibatis.binding.MapperProxy$PlainMethodInvoker.invoke(MapperProxy.java:152)
	at org.apache.ibatis.binding.MapperProxy.invoke(MapperProxy.java:85)
	at com.sun.proxy.$Proxy115.updateAccountQuota(Unknown Source)
	at sun.reflect.NativeMethodAccessorImpl.invoke0(Native Method)
	at sun.reflect.NativeMethodAccessorImpl.invoke(NativeMethodAccessorImpl.java:62)
	at sun.reflect.DelegatingMethodAccessorImpl.invoke(DelegatingMethodAccessorImpl.java:43)
	at java.lang.reflect.Method.invoke(Method.java:498)
	at org.springframework.aop.support.AopUtils.invokeJoinpointUsingReflection(AopUtils.java:344)
	at org.springframework.aop.framework.ReflectiveMethodInvocation.invokeJoinpoint(ReflectiveMethodInvocation.java:198)
	at org.springframework.aop.framework.ReflectiveMethodInvocation.proceed(ReflectiveMethodInvocation.java:163)
	at org.springframework.aop.interceptor.ExposeInvocationInterceptor.invoke(ExposeInvocationInterceptor.java:97)
	at org.springframework.aop.framework.ReflectiveMethodInvocation.proceed(ReflectiveMethodInvocation.java:186)
	at org.springframework.aop.framework.JdkDynamicAopProxy.invoke(JdkDynamicAopProxy.java:220)
	at com.sun.proxy.$Proxy116.updateAccountQuota(Unknown Source)
	at cn.gzy.infrastructure.persistent.repository.ActivityRepository.lambda$updateOrder$3(ActivityRepository.java:688)
	at org.springframework.transaction.support.TransactionTemplate.execute(TransactionTemplate.java:140)
	at cn.gzy.infrastructure.persistent.repository.ActivityRepository.updateOrder(ActivityRepository.java:675)
	at cn.gzy.infrastructure.persistent.repository.ActivityRepository$$FastClassBySpringCGLIB$$9abb50c6.invoke(<generated>)
	at org.springframework.cglib.proxy.MethodProxy.invoke(MethodProxy.java:218)
	at org.springframework.aop.framework.CglibAopProxy$CglibMethodInvocation.invokeJoinpoint(CglibAopProxy.java:793)
	at org.springframework.aop.framework.ReflectiveMethodInvocation.proceed(ReflectiveMethodInvocation.java:163)
	at org.springframework.aop.framework.CglibAopProxy$CglibMethodInvocation.proceed(CglibAopProxy.java:763)
	at org.springframework.dao.support.PersistenceExceptionTranslationInterceptor.invoke(PersistenceExceptionTranslationInterceptor.java:137)
	at org.springframework.aop.framework.ReflectiveMethodInvocation.proceed(ReflectiveMethodInvocation.java:186)
	at org.springframework.aop.framework.CglibAopProxy$CglibMethodInvocation.proceed(CglibAopProxy.java:763)
	at org.springframework.aop.framework.CglibAopProxy$DynamicAdvisedInterceptor.intercept(CglibAopProxy.java:708)
	at cn.gzy.infrastructure.persistent.repository.ActivityRepository$$EnhancerBySpringCGLIB$$d40f7c36.updateOrder(<generated>)
	at cn.gzy.domain.activity.service.quota.RaffleActivityAccountQuotaService.updateOrder(RaffleActivityAccountQuotaService.java:97)
	at cn.gzy.trigger.listener.CreditAdjustSuccessCustomer.listener(CreditAdjustSuccessCustomer.java:45)
	at sun.reflect.NativeMethodAccessorImpl.invoke0(Native Method)
	at sun.reflect.NativeMethodAccessorImpl.invoke(NativeMethodAccessorImpl.java:62)
	at sun.reflect.DelegatingMethodAccessorImpl.invoke(DelegatingMethodAccessorImpl.java:43)
	at java.lang.reflect.Method.invoke(Method.java:498)
	at org.springframework.messaging.handler.invocation.InvocableHandlerMethod.doInvoke(InvocableHandlerMethod.java:169)
	at org.springframework.messaging.handler.invocation.InvocableHandlerMethod.invoke(InvocableHandlerMethod.java:119)
	at org.springframework.amqp.rabbit.listener.adapter.HandlerAdapter.invoke(HandlerAdapter.java:77)
	at org.springframework.amqp.rabbit.listener.adapter.MessagingMessageListenerAdapter.invokeHandler(MessagingMessageListenerAdapter.java:263)
	... 13 common frames omitted
Caused by: java.sql.SQLIntegrityConstraintViolationException: Column 'total_count' cannot be null
	at com.mysql.cj.jdbc.exceptions.SQLError.createSQLException(SQLError.java:117)
	at com.mysql.cj.jdbc.exceptions.SQLError.createSQLException(SQLError.java:97)
	at com.mysql.cj.jdbc.exceptions.SQLExceptionsMapping.translateException(SQLExceptionsMapping.java:122)
	at com.mysql.cj.jdbc.ClientPreparedStatement.executeInternal(ClientPreparedStatement.java:953)
	at com.mysql.cj.jdbc.ClientPreparedStatement.execute(ClientPreparedStatement.java:370)
	at com.zaxxer.hikari.pool.ProxyPreparedStatement.execute(ProxyPreparedStatement.java:44)
	at com.zaxxer.hikari.pool.HikariProxyPreparedStatement.execute(HikariProxyPreparedStatement.java)
	at org.apache.ibatis.executor.statement.PreparedStatementHandler.update(PreparedStatementHandler.java:47)
	at org.apache.ibatis.executor.statement.RoutingStatementHandler.update(RoutingStatementHandler.java:74)
	at sun.reflect.GeneratedMethodAccessor20.invoke(Unknown Source)
	at sun.reflect.DelegatingMethodAccessorImpl.invoke(DelegatingMethodAccessorImpl.java:43)
	at java.lang.reflect.Method.invoke(Method.java:498)
	at org.apache.ibatis.plugin.Plugin.invoke(Plugin.java:63)
	at com.sun.proxy.$Proxy184.update(Unknown Source)
	at org.apache.ibatis.executor.SimpleExecutor.doUpdate(SimpleExecutor.java:50)
	at org.apache.ibatis.executor.BaseExecutor.update(BaseExecutor.java:117)
	at org.apache.ibatis.executor.CachingExecutor.update(CachingExecutor.java:76)
	at org.apache.ibatis.session.defaults.DefaultSqlSession.update(DefaultSqlSession.java:197)
	at sun.reflect.GeneratedMethodAccessor21.invoke(Unknown Source)
	at sun.reflect.DelegatingMethodAccessorImpl.invoke(DelegatingMethodAccessorImpl.java:43)
	at java.lang.reflect.Method.invoke(Method.java:498)
	at org.mybatis.spring.SqlSessionTemplate$SqlSessionInterceptor.invoke(SqlSessionTemplate.java:427)
	... 53 common frames omitted
26-05-11.10:19:46.633 [org.springframework.amqp.rabbit.RabbitListenerEndpointContainer#1-1] ERROR CreditAdjustSuccessCustomer - 监听积分账户调整成功消息，进行交易商品发货失败 topic: credit_adjust_success message: {"data":{"amount":-1.68,"orderId":"849555347552","outBusinessNo":"700091009200","userId":"xiaofuge"},"id":"36319250145","timestamp":1778465143977}
org.springframework.dao.DataIntegrityViolationException: 
### Error updating database.  Cause: java.sql.SQLIntegrityConstraintViolationException: Column 'total_count' cannot be null
### The error may exist in file [E:\project_java\big-market\big-market-app\target\classes\mybatis\mapper\raffle_activity_account_mapper.xml]
### The error may involve cn.gzy.infrastructure.persistent.dao.IRaffleActivityAccountDao.updateAccountQuota-Inline
### The error occurred while setting parameters
### SQL: update raffle_activity_account         set             total_count = total_count + ?,             total_count_surplus = total_count_surplus + ?,             day_count_surplus = day_count_surplus + ?,             day_count = day_count + ?,             month_count_surplus = month_count_surplus + ?,             month_count = month_count + ?,             update_time = now()         where user_id = ? and activity_id = ?
### Cause: java.sql.SQLIntegrityConstraintViolationException: Column 'total_count' cannot be null
; Column 'total_count' cannot be null; nested exception is java.sql.SQLIntegrityConstraintViolationException: Column 'total_count' cannot be null
	at org.springframework.jdbc.support.SQLExceptionSubclassTranslator.doTranslate(SQLExceptionSubclassTranslator.java:87)
	at org.springframework.jdbc.support.AbstractFallbackSQLExceptionTranslator.translate(AbstractFallbackSQLExceptionTranslator.java:70)
	at org.springframework.jdbc.support.AbstractFallbackSQLExceptionTranslator.translate(AbstractFallbackSQLExceptionTranslator.java:79)
	at org.mybatis.spring.MyBatisExceptionTranslator.translateExceptionIfPossible(MyBatisExceptionTranslator.java:91)
	at org.mybatis.spring.SqlSessionTemplate$SqlSessionInterceptor.invoke(SqlSessionTemplate.java:441)
	at com.sun.proxy.$Proxy109.update(Unknown Source)
	at org.mybatis.spring.SqlSessionTemplate.update(SqlSessionTemplate.java:288)
	at org.apache.ibatis.binding.MapperMethod.execute(MapperMethod.java:67)
	at org.apache.ibatis.binding.MapperProxy$PlainMethodInvoker.invoke(MapperProxy.java:152)
	at org.apache.ibatis.binding.MapperProxy.invoke(MapperProxy.java:85)
	at com.sun.proxy.$Proxy115.updateAccountQuota(Unknown Source)
	at sun.reflect.NativeMethodAccessorImpl.invoke0(Native Method)
	at sun.reflect.NativeMethodAccessorImpl.invoke(NativeMethodAccessorImpl.java:62)
	at sun.reflect.DelegatingMethodAccessorImpl.invoke(DelegatingMethodAccessorImpl.java:43)
	at java.lang.reflect.Method.invoke(Method.java:498)
	at org.springframework.aop.support.AopUtils.invokeJoinpointUsingReflection(AopUtils.java:344)
	at org.springframework.aop.framework.ReflectiveMethodInvocation.invokeJoinpoint(ReflectiveMethodInvocation.java:198)
	at org.springframework.aop.framework.ReflectiveMethodInvocation.proceed(ReflectiveMethodInvocation.java:163)
	at org.springframework.aop.interceptor.ExposeInvocationInterceptor.invoke(ExposeInvocationInterceptor.java:97)
	at org.springframework.aop.framework.ReflectiveMethodInvocation.proceed(ReflectiveMethodInvocation.java:186)
	at org.springframework.aop.framework.JdkDynamicAopProxy.invoke(JdkDynamicAopProxy.java:220)
	at com.sun.proxy.$Proxy116.updateAccountQuota(Unknown Source)
	at cn.gzy.infrastructure.persistent.repository.ActivityRepository.lambda$updateOrder$3(ActivityRepository.java:688)
	at org.springframework.transaction.support.TransactionTemplate.execute(TransactionTemplate.java:140)
	at cn.gzy.infrastructure.persistent.repository.ActivityRepository.updateOrder(ActivityRepository.java:675)
	at cn.gzy.infrastructure.persistent.repository.ActivityRepository$$FastClassBySpringCGLIB$$9abb50c6.invoke(<generated>)
	at org.springframework.cglib.proxy.MethodProxy.invoke(MethodProxy.java:218)
	at org.springframework.aop.framework.CglibAopProxy$CglibMethodInvocation.invokeJoinpoint(CglibAopProxy.java:793)
	at org.springframework.aop.framework.ReflectiveMethodInvocation.proceed(ReflectiveMethodInvocation.java:163)
	at org.springframework.aop.framework.CglibAopProxy$CglibMethodInvocation.proceed(CglibAopProxy.java:763)
	at org.springframework.dao.support.PersistenceExceptionTranslationInterceptor.invoke(PersistenceExceptionTranslationInterceptor.java:137)
	at org.springframework.aop.framework.ReflectiveMethodInvocation.proceed(ReflectiveMethodInvocation.java:186)
	at org.springframework.aop.framework.CglibAopProxy$CglibMethodInvocation.proceed(CglibAopProxy.java:763)
	at org.springframework.aop.framework.CglibAopProxy$DynamicAdvisedInterceptor.intercept(CglibAopProxy.java:708)
	at cn.gzy.infrastructure.persistent.repository.ActivityRepository$$EnhancerBySpringCGLIB$$d40f7c36.updateOrder(<generated>)
	at cn.gzy.domain.activity.service.quota.RaffleActivityAccountQuotaService.updateOrder(RaffleActivityAccountQuotaService.java:97)
	at cn.gzy.trigger.listener.CreditAdjustSuccessCustomer.listener(CreditAdjustSuccessCustomer.java:45)
	at sun.reflect.NativeMethodAccessorImpl.invoke0(Native Method)
	at sun.reflect.NativeMethodAccessorImpl.invoke(NativeMethodAccessorImpl.java:62)
	at sun.reflect.DelegatingMethodAccessorImpl.invoke(DelegatingMethodAccessorImpl.java:43)
	at java.lang.reflect.Method.invoke(Method.java:498)
	at org.springframework.messaging.handler.invocation.InvocableHandlerMethod.doInvoke(InvocableHandlerMethod.java:169)
	at org.springframework.messaging.handler.invocation.InvocableHandlerMethod.invoke(InvocableHandlerMethod.java:119)
	at org.springframework.amqp.rabbit.listener.adapter.HandlerAdapter.invoke(HandlerAdapter.java:77)
	at org.springframework.amqp.rabbit.listener.adapter.MessagingMessageListenerAdapter.invokeHandler(MessagingMessageListenerAdapter.java:263)
	at org.springframework.amqp.rabbit.listener.adapter.MessagingMessageListenerAdapter.invokeHandlerAndProcessResult(MessagingMessageListenerAdapter.java:209)
	at org.springframework.amqp.rabbit.listener.adapter.MessagingMessageListenerAdapter.onMessage(MessagingMessageListenerAdapter.java:148)
	at org.springframework.amqp.rabbit.listener.AbstractMessageListenerContainer.doInvokeListener(AbstractMessageListenerContainer.java:1674)
	at org.springframework.amqp.rabbit.listener.AbstractMessageListenerContainer.actualInvokeListener(AbstractMessageListenerContainer.java:1593)
	at org.springframework.amqp.rabbit.listener.AbstractMessageListenerContainer.invokeListener(AbstractMessageListenerContainer.java:1581)
	at org.springframework.amqp.rabbit.listener.AbstractMessageListenerContainer.doExecuteListener(AbstractMessageListenerContainer.java:1572)
	at org.springframework.amqp.rabbit.listener.AbstractMessageListenerContainer.executeListener(AbstractMessageListenerContainer.java:1516)
	at org.springframework.amqp.rabbit.listener.SimpleMessageListenerContainer.doReceiveAndExecute(SimpleMessageListenerContainer.java:1001)
	at org.springframework.amqp.rabbit.listener.SimpleMessageListenerContainer.receiveAndExecute(SimpleMessageListenerContainer.java:948)
	at org.springframework.amqp.rabbit.listener.SimpleMessageListenerContainer.access$1600(SimpleMessageListenerContainer.java:86)
	at org.springframework.amqp.rabbit.listener.SimpleMessageListenerContainer$AsyncMessageProcessingConsumer.mainLoop(SimpleMessageListenerContainer.java:1326)
	at org.springframework.amqp.rabbit.listener.SimpleMessageListenerContainer$AsyncMessageProcessingConsumer.run(SimpleMessageListenerContainer.java:1232)
	at java.lang.Thread.run(Thread.java:748)
Caused by: java.sql.SQLIntegrityConstraintViolationException: Column 'total_count' cannot be null
	at com.mysql.cj.jdbc.exceptions.SQLError.createSQLException(SQLError.java:117)
	at com.mysql.cj.jdbc.exceptions.SQLError.createSQLException(SQLError.java:97)
	at com.mysql.cj.jdbc.exceptions.SQLExceptionsMapping.translateException(SQLExceptionsMapping.java:122)
	at com.mysql.cj.jdbc.ClientPreparedStatement.executeInternal(ClientPreparedStatement.java:953)
	at com.mysql.cj.jdbc.ClientPreparedStatement.execute(ClientPreparedStatement.java:370)
	at com.zaxxer.hikari.pool.ProxyPreparedStatement.execute(ProxyPreparedStatement.java:44)
	at com.zaxxer.hikari.pool.HikariProxyPreparedStatement.execute(HikariProxyPreparedStatement.java)
	at org.apache.ibatis.executor.statement.PreparedStatementHandler.update(PreparedStatementHandler.java:47)
	at org.apache.ibatis.executor.statement.RoutingStatementHandler.update(RoutingStatementHandler.java:74)
	at sun.reflect.GeneratedMethodAccessor20.invoke(Unknown Source)
	at sun.reflect.DelegatingMethodAccessorImpl.invoke(DelegatingMethodAccessorImpl.java:43)
	at java.lang.reflect.Method.invoke(Method.java:498)
	at org.apache.ibatis.plugin.Plugin.invoke(Plugin.java:63)
	at com.sun.proxy.$Proxy184.update(Unknown Source)
	at org.apache.ibatis.executor.SimpleExecutor.doUpdate(SimpleExecutor.java:50)
	at org.apache.ibatis.executor.BaseExecutor.update(BaseExecutor.java:117)
	at org.apache.ibatis.executor.CachingExecutor.update(CachingExecutor.java:76)
	at org.apache.ibatis.session.defaults.DefaultSqlSession.update(DefaultSqlSession.java:197)
	at sun.reflect.GeneratedMethodAccessor21.invoke(Unknown Source)
	at sun.reflect.DelegatingMethodAccessorImpl.invoke(DelegatingMethodAccessorImpl.java:43)
	at java.lang.reflect.Method.invoke(Method.java:498)
	at org.mybatis.spring.SqlSessionTemplate$SqlSessionInterceptor.invoke(SqlSessionTemplate.java:427)
	... 53 common frames omitted
26-05-11.10:19:46.633 [org.springframework.amqp.rabbit.RabbitListenerEndpointContainer#1-1] WARN  ConditionalRejectingErrorHandler - Execution of Rabbit message listener failed.
org.springframework.amqp.rabbit.support.ListenerExecutionFailedException: Listener method 'public void cn.gzy.trigger.listener.CreditAdjustSuccessCustomer.listener(java.lang.String)' threw exception
	at org.springframework.amqp.rabbit.listener.adapter.MessagingMessageListenerAdapter.invokeHandler(MessagingMessageListenerAdapter.java:272)
	at org.springframework.amqp.rabbit.listener.adapter.MessagingMessageListenerAdapter.invokeHandlerAndProcessResult(MessagingMessageListenerAdapter.java:209)
	at org.springframework.amqp.rabbit.listener.adapter.MessagingMessageListenerAdapter.onMessage(MessagingMessageListenerAdapter.java:148)
	at org.springframework.amqp.rabbit.listener.AbstractMessageListenerContainer.doInvokeListener(AbstractMessageListenerContainer.java:1674)
	at org.springframework.amqp.rabbit.listener.AbstractMessageListenerContainer.actualInvokeListener(AbstractMessageListenerContainer.java:1593)
	at org.springframework.amqp.rabbit.listener.AbstractMessageListenerContainer.invokeListener(AbstractMessageListenerContainer.java:1581)
	at org.springframework.amqp.rabbit.listener.AbstractMessageListenerContainer.doExecuteListener(AbstractMessageListenerContainer.java:1572)
	at org.springframework.amqp.rabbit.listener.AbstractMessageListenerContainer.executeListener(AbstractMessageListenerContainer.java:1516)
	at org.springframework.amqp.rabbit.listener.SimpleMessageListenerContainer.doReceiveAndExecute(SimpleMessageListenerContainer.java:1001)
	at org.springframework.amqp.rabbit.listener.SimpleMessageListenerContainer.receiveAndExecute(SimpleMessageListenerContainer.java:948)
	at org.springframework.amqp.rabbit.listener.SimpleMessageListenerContainer.access$1600(SimpleMessageListenerContainer.java:86)
	at org.springframework.amqp.rabbit.listener.SimpleMessageListenerContainer$AsyncMessageProcessingConsumer.mainLoop(SimpleMessageListenerContainer.java:1326)
	at org.springframework.amqp.rabbit.listener.SimpleMessageListenerContainer$AsyncMessageProcessingConsumer.run(SimpleMessageListenerContainer.java:1232)
	at java.lang.Thread.run(Thread.java:748)
Caused by: org.springframework.dao.DataIntegrityViolationException: 
### Error updating database.  Cause: java.sql.SQLIntegrityConstraintViolationException: Column 'total_count' cannot be null
### The error may exist in file [E:\project_java\big-market\big-market-app\target\classes\mybatis\mapper\raffle_activity_account_mapper.xml]
### The error may involve cn.gzy.infrastructure.persistent.dao.IRaffleActivityAccountDao.updateAccountQuota-Inline
### The error occurred while setting parameters
### SQL: update raffle_activity_account         set             total_count = total_count + ?,             total_count_surplus = total_count_surplus + ?,             day_count_surplus = day_count_surplus + ?,             day_count = day_count + ?,             month_count_surplus = month_count_surplus + ?,             month_count = month_count + ?,             update_time = now()         where user_id = ? and activity_id = ?
### Cause: java.sql.SQLIntegrityConstraintViolationException: Column 'total_count' cannot be null
; Column 'total_count' cannot be null; nested exception is java.sql.SQLIntegrityConstraintViolationException: Column 'total_count' cannot be null
	at org.springframework.jdbc.support.SQLExceptionSubclassTranslator.doTranslate(SQLExceptionSubclassTranslator.java:87)
	at org.springframework.jdbc.support.AbstractFallbackSQLExceptionTranslator.translate(AbstractFallbackSQLExceptionTranslator.java:70)
	at org.springframework.jdbc.support.AbstractFallbackSQLExceptionTranslator.translate(AbstractFallbackSQLExceptionTranslator.java:79)
	at org.mybatis.spring.MyBatisExceptionTranslator.translateExceptionIfPossible(MyBatisExceptionTranslator.java:91)
	at org.mybatis.spring.SqlSessionTemplate$SqlSessionInterceptor.invoke(SqlSessionTemplate.java:441)
	at com.sun.proxy.$Proxy109.update(Unknown Source)
	at org.mybatis.spring.SqlSessionTemplate.update(SqlSessionTemplate.java:288)
	at org.apache.ibatis.binding.MapperMethod.execute(MapperMethod.java:67)
	at org.apache.ibatis.binding.MapperProxy$PlainMethodInvoker.invoke(MapperProxy.java:152)
	at org.apache.ibatis.binding.MapperProxy.invoke(MapperProxy.java:85)
	at com.sun.proxy.$Proxy115.updateAccountQuota(Unknown Source)
	at sun.reflect.NativeMethodAccessorImpl.invoke0(Native Method)
	at sun.reflect.NativeMethodAccessorImpl.invoke(NativeMethodAccessorImpl.java:62)
	at sun.reflect.DelegatingMethodAccessorImpl.invoke(DelegatingMethodAccessorImpl.java:43)
	at java.lang.reflect.Method.invoke(Method.java:498)
	at org.springframework.aop.support.AopUtils.invokeJoinpointUsingReflection(AopUtils.java:344)
	at org.springframework.aop.framework.ReflectiveMethodInvocation.invokeJoinpoint(ReflectiveMethodInvocation.java:198)
	at org.springframework.aop.framework.ReflectiveMethodInvocation.proceed(ReflectiveMethodInvocation.java:163)
	at org.springframework.aop.interceptor.ExposeInvocationInterceptor.invoke(ExposeInvocationInterceptor.java:97)
	at org.springframework.aop.framework.ReflectiveMethodInvocation.proceed(ReflectiveMethodInvocation.java:186)
	at org.springframework.aop.framework.JdkDynamicAopProxy.invoke(JdkDynamicAopProxy.java:220)
	at com.sun.proxy.$Proxy116.updateAccountQuota(Unknown Source)
	at cn.gzy.infrastructure.persistent.repository.ActivityRepository.lambda$updateOrder$3(ActivityRepository.java:688)
	at org.springframework.transaction.support.TransactionTemplate.execute(TransactionTemplate.java:140)
	at cn.gzy.infrastructure.persistent.repository.ActivityRepository.updateOrder(ActivityRepository.java:675)
	at cn.gzy.infrastructure.persistent.repository.ActivityRepository$$FastClassBySpringCGLIB$$9abb50c6.invoke(<generated>)
	at org.springframework.cglib.proxy.MethodProxy.invoke(MethodProxy.java:218)
	at org.springframework.aop.framework.CglibAopProxy$CglibMethodInvocation.invokeJoinpoint(CglibAopProxy.java:793)
	at org.springframework.aop.framework.ReflectiveMethodInvocation.proceed(ReflectiveMethodInvocation.java:163)
	at org.springframework.aop.framework.CglibAopProxy$CglibMethodInvocation.proceed(CglibAopProxy.java:763)
	at org.springframework.dao.support.PersistenceExceptionTranslationInterceptor.invoke(PersistenceExceptionTranslationInterceptor.java:137)
	at org.springframework.aop.framework.ReflectiveMethodInvocation.proceed(ReflectiveMethodInvocation.java:186)
	at org.springframework.aop.framework.CglibAopProxy$CglibMethodInvocation.proceed(CglibAopProxy.java:763)
	at org.springframework.aop.framework.CglibAopProxy$DynamicAdvisedInterceptor.intercept(CglibAopProxy.java:708)
	at cn.gzy.infrastructure.persistent.repository.ActivityRepository$$EnhancerBySpringCGLIB$$d40f7c36.updateOrder(<generated>)
	at cn.gzy.domain.activity.service.quota.RaffleActivityAccountQuotaService.updateOrder(RaffleActivityAccountQuotaService.java:97)
	at cn.gzy.trigger.listener.CreditAdjustSuccessCustomer.listener(CreditAdjustSuccessCustomer.java:45)
	at sun.reflect.NativeMethodAccessorImpl.invoke0(Native Method)
	at sun.reflect.NativeMethodAccessorImpl.invoke(NativeMethodAccessorImpl.java:62)
	at sun.reflect.DelegatingMethodAccessorImpl.invoke(DelegatingMethodAccessorImpl.java:43)
	at java.lang.reflect.Method.invoke(Method.java:498)
	at org.springframework.messaging.handler.invocation.InvocableHandlerMethod.doInvoke(InvocableHandlerMethod.java:169)
	at org.springframework.messaging.handler.invocation.InvocableHandlerMethod.invoke(InvocableHandlerMethod.java:119)
	at org.springframework.amqp.rabbit.listener.adapter.HandlerAdapter.invoke(HandlerAdapter.java:77)
	at org.springframework.amqp.rabbit.listener.adapter.MessagingMessageListenerAdapter.invokeHandler(MessagingMessageListenerAdapter.java:263)
	... 13 common frames omitted
Caused by: java.sql.SQLIntegrityConstraintViolationException: Column 'total_count' cannot be null
	at com.mysql.cj.jdbc.exceptions.SQLError.createSQLException(SQLError.java:117)
	at com.mysql.cj.jdbc.exceptions.SQLError.createSQLException(SQLError.java:97)
	at com.mysql.cj.jdbc.exceptions.SQLExceptionsMapping.translateException(SQLExceptionsMapping.java:122)
	at com.mysql.cj.jdbc.ClientPreparedStatement.executeInternal(ClientPreparedStatement.java:953)
	at com.mysql.cj.jdbc.ClientPreparedStatement.execute(ClientPreparedStatement.java:370)
	at com.zaxxer.hikari.pool.ProxyPreparedStatement.execute(ProxyPreparedStatement.java:44)
	at com.zaxxer.hikari.pool.HikariProxyPreparedStatement.execute(HikariProxyPreparedStatement.java)
	at org.apache.ibatis.executor.statement.PreparedStatementHandler.update(PreparedStatementHandler.java:47)
	at org.apache.ibatis.executor.statement.RoutingStatementHandler.update(RoutingStatementHandler.java:74)
	at sun.reflect.GeneratedMethodAccessor20.invoke(Unknown Source)
	at sun.reflect.DelegatingMethodAccessorImpl.invoke(DelegatingMethodAccessorImpl.java:43)
	at java.lang.reflect.Method.invoke(Method.java:498)
	at org.apache.ibatis.plugin.Plugin.invoke(Plugin.java:63)
	at com.sun.proxy.$Proxy184.update(Unknown Source)
	at org.apache.ibatis.executor.SimpleExecutor.doUpdate(SimpleExecutor.java:50)
	at org.apache.ibatis.executor.BaseExecutor.update(BaseExecutor.java:117)
	at org.apache.ibatis.executor.CachingExecutor.update(CachingExecutor.java:76)
	at org.apache.ibatis.session.defaults.DefaultSqlSession.update(DefaultSqlSession.java:197)
	at sun.reflect.GeneratedMethodAccessor21.invoke(Unknown Source)
	at sun.reflect.DelegatingMethodAccessorImpl.invoke(DelegatingMethodAccessorImpl.java:43)
	at java.lang.reflect.Method.invoke(Method.java:498)
	at org.mybatis.spring.SqlSessionTemplate$SqlSessionInterceptor.invoke(SqlSessionTemplate.java:427)
	... 53 common frames omitted
