26-04-20.16:36:42.036 [main            ] INFO  RaffleOrderTest        - Starting RaffleOrderTest using Java 1.8.0_202 on DESKTOP-RNEPHEV with PID 38032 (started by hp-pc in E:\project_java\big-market\big-market-app)
26-04-20.16:36:42.037 [main            ] INFO  RaffleOrderTest        - The following 1 profile is active: "dev"
26-04-20.16:36:42.930 [main            ] INFO  RepositoryConfigurationDelegate - Multiple Spring Data modules found, entering strict repository configuration mode
26-04-20.16:36:42.932 [main            ] INFO  RepositoryConfigurationDelegate - Bootstrapping Spring Data Redis repositories in DEFAULT mode.
26-04-20.16:36:42.957 [main            ] INFO  RepositoryConfigurationDelegate - Finished Spring Data repository scanning in 13 ms. Found 0 Redis repository interfaces.
26-04-20.16:36:44.279 [main            ] INFO  Version                - Redisson 3.23.4
26-04-20.16:36:44.665 [redisson-netty-2-4] INFO  MasterPubSubConnectionPool - 1 connections initialized for 36.151.145.207/36.151.145.207:16379
26-04-20.16:36:44.947 [redisson-netty-2-13] INFO  MasterConnectionPool   - 5 connections initialized for 36.151.145.207/36.151.145.207:16379
26-04-20.16:36:47.210 [main            ] INFO  EndpointLinksResolver  - Exposing 1 endpoint(s) beneath base path '/actuator'
26-04-20.16:36:47.271 [main            ] INFO  CachingConnectionFactory - Attempting to connect to: [36.151.145.207:5672]
26-04-20.16:37:08.317 [main            ] INFO  SimpleMessageListenerContainer - Broker not available; cannot force queue declarations during start: java.net.ConnectException: Connection timed out: connect
26-04-20.16:37:08.329 [org.springframework.amqp.rabbit.RabbitListenerEndpointContainer#0-1] INFO  CachingConnectionFactory - Attempting to connect to: [36.151.145.207:5672]
26-04-20.16:37:29.366 [org.springframework.amqp.rabbit.RabbitListenerEndpointContainer#0-1] ERROR SimpleMessageListenerContainer - Failed to check/redeclare auto-delete queue(s).
org.springframework.amqp.AmqpConnectException: java.net.ConnectException: Connection timed out: connect
	at org.springframework.amqp.rabbit.support.RabbitExceptionTranslator.convertRabbitAccessException(RabbitExceptionTranslator.java:61)
	at org.springframework.amqp.rabbit.connection.AbstractConnectionFactory.createBareConnection(AbstractConnectionFactory.java:603)
	at org.springframework.amqp.rabbit.connection.CachingConnectionFactory.createConnection(CachingConnectionFactory.java:725)
	at org.springframework.amqp.rabbit.connection.ConnectionFactoryUtils.createConnection(ConnectionFactoryUtils.java:252)
	at org.springframework.amqp.rabbit.core.RabbitTemplate.doExecute(RabbitTemplate.java:2210)
	at org.springframework.amqp.rabbit.core.RabbitTemplate.execute(RabbitTemplate.java:2183)
	at org.springframework.amqp.rabbit.core.RabbitTemplate.execute(RabbitTemplate.java:2163)
	at org.springframework.amqp.rabbit.core.RabbitAdmin.getQueueInfo(RabbitAdmin.java:463)
	at org.springframework.amqp.rabbit.core.RabbitAdmin.getQueueProperties(RabbitAdmin.java:447)
	at org.springframework.amqp.rabbit.listener.AbstractMessageListenerContainer.attemptDeclarations(AbstractMessageListenerContainer.java:1942)
	at org.springframework.amqp.rabbit.listener.AbstractMessageListenerContainer.redeclareElementsIfNecessary(AbstractMessageListenerContainer.java:1915)
	at org.springframework.amqp.rabbit.listener.SimpleMessageListenerContainer$AsyncMessageProcessingConsumer.initialize(SimpleMessageListenerContainer.java:1384)
	at org.springframework.amqp.rabbit.listener.SimpleMessageListenerContainer$AsyncMessageProcessingConsumer.run(SimpleMessageListenerContainer.java:1230)
	at java.lang.Thread.run(Thread.java:748)
Caused by: java.net.ConnectException: Connection timed out: connect
	at java.net.DualStackPlainSocketImpl.waitForConnect(Native Method)
	at java.net.DualStackPlainSocketImpl.socketConnect(DualStackPlainSocketImpl.java:85)
	at java.net.AbstractPlainSocketImpl.doConnect(AbstractPlainSocketImpl.java:350)
	at java.net.AbstractPlainSocketImpl.connectToAddress(AbstractPlainSocketImpl.java:206)
	at java.net.AbstractPlainSocketImpl.connect(AbstractPlainSocketImpl.java:188)
	at java.net.PlainSocketImpl.connect(PlainSocketImpl.java:172)
	at java.net.SocksSocketImpl.connect(SocksSocketImpl.java:392)
	at java.net.Socket.connect(Socket.java:589)
	at com.rabbitmq.client.impl.SocketFrameHandlerFactory.create(SocketFrameHandlerFactory.java:60)
	at com.rabbitmq.client.ConnectionFactory.newConnection(ConnectionFactory.java:1223)
	at com.rabbitmq.client.ConnectionFactory.newConnection(ConnectionFactory.java:1173)
	at org.springframework.amqp.rabbit.connection.AbstractConnectionFactory.connectAddresses(AbstractConnectionFactory.java:641)
	at org.springframework.amqp.rabbit.connection.AbstractConnectionFactory.connect(AbstractConnectionFactory.java:616)
	at org.springframework.amqp.rabbit.connection.AbstractConnectionFactory.createBareConnection(AbstractConnectionFactory.java:566)
	... 12 common frames omitted
26-04-20.16:37:29.368 [org.springframework.amqp.rabbit.RabbitListenerEndpointContainer#0-1] INFO  CachingConnectionFactory - Attempting to connect to: [36.151.145.207:5672]
26-04-20.16:37:50.411 [main            ] INFO  RaffleOrderTest        - Started RaffleOrderTest in 68.752 seconds (JVM running for 69.465)
26-04-20.16:37:50.658 [main            ] INFO  HikariDataSource       - Retail_HikariCP - Starting...
26-04-20.16:37:51.234 [main            ] INFO  HikariDataSource       - Retail_HikariCP - Start completed.
26-04-20.16:37:51.392 [main            ] INFO  ActivityBaseActionChain - 活动责任链-基础信息【有效期、状态、库存(sku)】校验开始。sku:9011 activityId:100301
26-04-20.16:37:51.408 [org.springframework.amqp.rabbit.RabbitListenerEndpointContainer#0-2] INFO  SimpleMessageListenerContainer - Waiting for workers to finish.
26-04-20.16:37:51.408 [org.springframework.amqp.rabbit.RabbitListenerEndpointContainer#0-2] INFO  SimpleMessageListenerContainer - Successfully waited for workers to finish.
26-04-20.16:37:51.410 [SpringApplicationShutdownHook] INFO  SimpleMessageListenerContainer - Shutdown ignored - container is already stopped
26-04-20.16:37:54.972 [main            ] INFO  RaffleOrderTest        - Starting RaffleOrderTest using Java 1.8.0_202 on DESKTOP-RNEPHEV with PID 27340 (started by hp-pc in E:\project_java\big-market\big-market-app)
26-04-20.16:37:54.974 [main            ] INFO  RaffleOrderTest        - The following 1 profile is active: "dev"
26-04-20.16:37:55.653 [main            ] INFO  RepositoryConfigurationDelegate - Multiple Spring Data modules found, entering strict repository configuration mode
26-04-20.16:37:55.655 [main            ] INFO  RepositoryConfigurationDelegate - Bootstrapping Spring Data Redis repositories in DEFAULT mode.
26-04-20.16:37:55.682 [main            ] INFO  RepositoryConfigurationDelegate - Finished Spring Data repository scanning in 14 ms. Found 0 Redis repository interfaces.
26-04-20.16:37:56.850 [main            ] INFO  Version                - Redisson 3.23.4
26-04-20.16:37:57.302 [redisson-netty-2-5] INFO  MasterPubSubConnectionPool - 1 connections initialized for 36.151.145.207/36.151.145.207:16379
26-04-20.16:37:57.572 [redisson-netty-2-13] INFO  MasterConnectionPool   - 5 connections initialized for 36.151.145.207/36.151.145.207:16379
26-04-20.16:37:59.804 [main            ] INFO  EndpointLinksResolver  - Exposing 1 endpoint(s) beneath base path '/actuator'
26-04-20.16:37:59.883 [main            ] INFO  CachingConnectionFactory - Attempting to connect to: [36.151.145.207:5672]
26-04-20.16:38:20.935 [main            ] INFO  SimpleMessageListenerContainer - Broker not available; cannot force queue declarations during start: java.net.ConnectException: Connection timed out: connect
26-04-20.16:38:20.944 [org.springframework.amqp.rabbit.RabbitListenerEndpointContainer#0-1] INFO  CachingConnectionFactory - Attempting to connect to: [36.151.145.207:5672]
26-04-20.16:38:41.992 [org.springframework.amqp.rabbit.RabbitListenerEndpointContainer#0-1] ERROR SimpleMessageListenerContainer - Failed to check/redeclare auto-delete queue(s).
org.springframework.amqp.AmqpConnectException: java.net.ConnectException: Connection timed out: connect
	at org.springframework.amqp.rabbit.support.RabbitExceptionTranslator.convertRabbitAccessException(RabbitExceptionTranslator.java:61)
	at org.springframework.amqp.rabbit.connection.AbstractConnectionFactory.createBareConnection(AbstractConnectionFactory.java:603)
	at org.springframework.amqp.rabbit.connection.CachingConnectionFactory.createConnection(CachingConnectionFactory.java:725)
	at org.springframework.amqp.rabbit.connection.ConnectionFactoryUtils.createConnection(ConnectionFactoryUtils.java:252)
	at org.springframework.amqp.rabbit.core.RabbitTemplate.doExecute(RabbitTemplate.java:2210)
	at org.springframework.amqp.rabbit.core.RabbitTemplate.execute(RabbitTemplate.java:2183)
	at org.springframework.amqp.rabbit.core.RabbitTemplate.execute(RabbitTemplate.java:2163)
	at org.springframework.amqp.rabbit.core.RabbitAdmin.getQueueInfo(RabbitAdmin.java:463)
	at org.springframework.amqp.rabbit.core.RabbitAdmin.getQueueProperties(RabbitAdmin.java:447)
	at org.springframework.amqp.rabbit.listener.AbstractMessageListenerContainer.attemptDeclarations(AbstractMessageListenerContainer.java:1942)
	at org.springframework.amqp.rabbit.listener.AbstractMessageListenerContainer.redeclareElementsIfNecessary(AbstractMessageListenerContainer.java:1915)
	at org.springframework.amqp.rabbit.listener.SimpleMessageListenerContainer$AsyncMessageProcessingConsumer.initialize(SimpleMessageListenerContainer.java:1384)
	at org.springframework.amqp.rabbit.listener.SimpleMessageListenerContainer$AsyncMessageProcessingConsumer.run(SimpleMessageListenerContainer.java:1230)
	at java.lang.Thread.run(Thread.java:748)
Caused by: java.net.ConnectException: Connection timed out: connect
	at java.net.DualStackPlainSocketImpl.waitForConnect(Native Method)
	at java.net.DualStackPlainSocketImpl.socketConnect(DualStackPlainSocketImpl.java:85)
	at java.net.AbstractPlainSocketImpl.doConnect(AbstractPlainSocketImpl.java:350)
	at java.net.AbstractPlainSocketImpl.connectToAddress(AbstractPlainSocketImpl.java:206)
	at java.net.AbstractPlainSocketImpl.connect(AbstractPlainSocketImpl.java:188)
	at java.net.PlainSocketImpl.connect(PlainSocketImpl.java:172)
	at java.net.SocksSocketImpl.connect(SocksSocketImpl.java:392)
	at java.net.Socket.connect(Socket.java:589)
	at com.rabbitmq.client.impl.SocketFrameHandlerFactory.create(SocketFrameHandlerFactory.java:60)
	at com.rabbitmq.client.ConnectionFactory.newConnection(ConnectionFactory.java:1223)
	at com.rabbitmq.client.ConnectionFactory.newConnection(ConnectionFactory.java:1173)
	at org.springframework.amqp.rabbit.connection.AbstractConnectionFactory.connectAddresses(AbstractConnectionFactory.java:641)
	at org.springframework.amqp.rabbit.connection.AbstractConnectionFactory.connect(AbstractConnectionFactory.java:616)
	at org.springframework.amqp.rabbit.connection.AbstractConnectionFactory.createBareConnection(AbstractConnectionFactory.java:566)
	... 12 common frames omitted
26-04-20.16:38:41.996 [org.springframework.amqp.rabbit.RabbitListenerEndpointContainer#0-1] INFO  CachingConnectionFactory - Attempting to connect to: [36.151.145.207:5672]
26-04-20.16:39:03.069 [main            ] INFO  RaffleOrderTest        - Started RaffleOrderTest in 68.415 seconds (JVM running for 69.001)
26-04-20.16:39:03.268 [main            ] INFO  HikariDataSource       - Retail_HikariCP - Starting...
26-04-20.16:39:03.846 [main            ] INFO  HikariDataSource       - Retail_HikariCP - Start completed.
26-04-20.16:39:04.011 [main            ] INFO  ActivityBaseActionChain - 活动责任链-基础信息【有效期、状态、库存(sku)】校验开始。sku:9011 activityId:100301
26-04-20.16:39:04.029 [org.springframework.amqp.rabbit.RabbitListenerEndpointContainer#0-2] INFO  SimpleMessageListenerContainer - Waiting for workers to finish.
26-04-20.16:39:04.029 [org.springframework.amqp.rabbit.RabbitListenerEndpointContainer#0-2] INFO  SimpleMessageListenerContainer - Successfully waited for workers to finish.
26-04-20.16:39:04.031 [SpringApplicationShutdownHook] INFO  SimpleMessageListenerContainer - Shutdown ignored - container is already stopped
26-04-20.16:40:10.910 [main            ] INFO  RaffleOrderTest        - Starting RaffleOrderTest using Java 1.8.0_202 on DESKTOP-RNEPHEV with PID 32868 (started by hp-pc in E:\project_java\big-market\big-market-app)
26-04-20.16:40:10.911 [main            ] INFO  RaffleOrderTest        - The following 1 profile is active: "dev"
26-04-20.16:40:11.710 [main            ] INFO  RepositoryConfigurationDelegate - Multiple Spring Data modules found, entering strict repository configuration mode
26-04-20.16:40:11.712 [main            ] INFO  RepositoryConfigurationDelegate - Bootstrapping Spring Data Redis repositories in DEFAULT mode.
26-04-20.16:40:11.740 [main            ] INFO  RepositoryConfigurationDelegate - Finished Spring Data repository scanning in 17 ms. Found 0 Redis repository interfaces.
26-04-20.16:40:12.812 [main            ] INFO  Version                - Redisson 3.23.4
26-04-20.16:40:13.162 [redisson-netty-2-4] INFO  MasterPubSubConnectionPool - 1 connections initialized for 36.151.145.207/36.151.145.207:16379
26-04-20.16:40:13.443 [redisson-netty-2-13] INFO  MasterConnectionPool   - 5 connections initialized for 36.151.145.207/36.151.145.207:16379
26-04-20.16:40:15.878 [main            ] INFO  EndpointLinksResolver  - Exposing 1 endpoint(s) beneath base path '/actuator'
26-04-20.16:40:15.982 [main            ] INFO  CachingConnectionFactory - Attempting to connect to: [36.151.145.207:5672]
26-04-20.16:40:37.038 [main            ] INFO  SimpleMessageListenerContainer - Broker not available; cannot force queue declarations during start: java.net.ConnectException: Connection timed out: connect
26-04-20.16:40:37.045 [org.springframework.amqp.rabbit.RabbitListenerEndpointContainer#0-1] INFO  CachingConnectionFactory - Attempting to connect to: [36.151.145.207:5672]
26-04-20.16:40:58.093 [org.springframework.amqp.rabbit.RabbitListenerEndpointContainer#0-1] ERROR SimpleMessageListenerContainer - Failed to check/redeclare auto-delete queue(s).
org.springframework.amqp.AmqpConnectException: java.net.ConnectException: Connection timed out: connect
	at org.springframework.amqp.rabbit.support.RabbitExceptionTranslator.convertRabbitAccessException(RabbitExceptionTranslator.java:61)
	at org.springframework.amqp.rabbit.connection.AbstractConnectionFactory.createBareConnection(AbstractConnectionFactory.java:603)
	at org.springframework.amqp.rabbit.connection.CachingConnectionFactory.createConnection(CachingConnectionFactory.java:725)
	at org.springframework.amqp.rabbit.connection.ConnectionFactoryUtils.createConnection(ConnectionFactoryUtils.java:252)
	at org.springframework.amqp.rabbit.core.RabbitTemplate.doExecute(RabbitTemplate.java:2210)
	at org.springframework.amqp.rabbit.core.RabbitTemplate.execute(RabbitTemplate.java:2183)
	at org.springframework.amqp.rabbit.core.RabbitTemplate.execute(RabbitTemplate.java:2163)
	at org.springframework.amqp.rabbit.core.RabbitAdmin.getQueueInfo(RabbitAdmin.java:463)
	at org.springframework.amqp.rabbit.core.RabbitAdmin.getQueueProperties(RabbitAdmin.java:447)
	at org.springframework.amqp.rabbit.listener.AbstractMessageListenerContainer.attemptDeclarations(AbstractMessageListenerContainer.java:1942)
	at org.springframework.amqp.rabbit.listener.AbstractMessageListenerContainer.redeclareElementsIfNecessary(AbstractMessageListenerContainer.java:1915)
	at org.springframework.amqp.rabbit.listener.SimpleMessageListenerContainer$AsyncMessageProcessingConsumer.initialize(SimpleMessageListenerContainer.java:1384)
	at org.springframework.amqp.rabbit.listener.SimpleMessageListenerContainer$AsyncMessageProcessingConsumer.run(SimpleMessageListenerContainer.java:1230)
	at java.lang.Thread.run(Thread.java:748)
Caused by: java.net.ConnectException: Connection timed out: connect
	at java.net.DualStackPlainSocketImpl.waitForConnect(Native Method)
	at java.net.DualStackPlainSocketImpl.socketConnect(DualStackPlainSocketImpl.java:85)
	at java.net.AbstractPlainSocketImpl.doConnect(AbstractPlainSocketImpl.java:350)
	at java.net.AbstractPlainSocketImpl.connectToAddress(AbstractPlainSocketImpl.java:206)
	at java.net.AbstractPlainSocketImpl.connect(AbstractPlainSocketImpl.java:188)
	at java.net.PlainSocketImpl.connect(PlainSocketImpl.java:172)
	at java.net.SocksSocketImpl.connect(SocksSocketImpl.java:392)
	at java.net.Socket.connect(Socket.java:589)
	at com.rabbitmq.client.impl.SocketFrameHandlerFactory.create(SocketFrameHandlerFactory.java:60)
	at com.rabbitmq.client.ConnectionFactory.newConnection(ConnectionFactory.java:1223)
	at com.rabbitmq.client.ConnectionFactory.newConnection(ConnectionFactory.java:1173)
	at org.springframework.amqp.rabbit.connection.AbstractConnectionFactory.connectAddresses(AbstractConnectionFactory.java:641)
	at org.springframework.amqp.rabbit.connection.AbstractConnectionFactory.connect(AbstractConnectionFactory.java:616)
	at org.springframework.amqp.rabbit.connection.AbstractConnectionFactory.createBareConnection(AbstractConnectionFactory.java:566)
	... 12 common frames omitted
26-04-20.16:40:58.104 [org.springframework.amqp.rabbit.RabbitListenerEndpointContainer#0-1] INFO  CachingConnectionFactory - Attempting to connect to: [36.151.145.207:5672]
26-04-20.16:41:19.170 [main            ] INFO  RaffleOrderTest        - Started RaffleOrderTest in 68.579 seconds (JVM running for 69.169)
26-04-20.16:41:19.351 [main            ] INFO  HikariDataSource       - Retail_HikariCP - Starting...
26-04-20.16:41:19.969 [main            ] INFO  HikariDataSource       - Retail_HikariCP - Start completed.
26-04-20.16:41:20.008 [scheduling-1    ] INFO  UpdateAwardStockJob    - 定时任务，更新奖品消耗库存【延迟队列获取，降低对数据库的更新频次，不要产生竞争】
26-04-20.16:41:20.056 [scheduling-1    ] INFO  updateActivitySkuStockJob - 定时任务，更新活动sku库存【延迟队列获取，降低对数据库的更新频次，不要产生竞争】
26-04-20.16:41:20.131 [main            ] INFO  ActivityBaseActionChain - 活动责任链-基础信息【有效期、状态、库存(sku)】校验开始。sku:9011 activityId:100301
26-04-20.16:41:20.142 [org.springframework.amqp.rabbit.RabbitListenerEndpointContainer#0-2] INFO  SimpleMessageListenerContainer - Waiting for workers to finish.
26-04-20.16:41:20.142 [org.springframework.amqp.rabbit.RabbitListenerEndpointContainer#0-2] INFO  SimpleMessageListenerContainer - Successfully waited for workers to finish.
26-04-20.16:41:20.143 [SpringApplicationShutdownHook] INFO  SimpleMessageListenerContainer - Shutdown ignored - container is already stopped
26-04-20.17:00:37.862 [main            ] INFO  RaffleOrderTest        - Starting RaffleOrderTest using Java 1.8.0_202 on DESKTOP-RNEPHEV with PID 5940 (started by hp-pc in E:\project_java\big-market\big-market-app)
26-04-20.17:00:37.864 [main            ] INFO  RaffleOrderTest        - The following 1 profile is active: "dev"
26-04-20.17:00:38.647 [main            ] INFO  RepositoryConfigurationDelegate - Multiple Spring Data modules found, entering strict repository configuration mode
26-04-20.17:00:38.649 [main            ] INFO  RepositoryConfigurationDelegate - Bootstrapping Spring Data Redis repositories in DEFAULT mode.
26-04-20.17:00:38.675 [main            ] INFO  RepositoryConfigurationDelegate - Finished Spring Data repository scanning in 14 ms. Found 0 Redis repository interfaces.
26-04-20.17:00:39.902 [main            ] INFO  Version                - Redisson 3.23.4
26-04-20.17:00:40.274 [redisson-netty-2-4] INFO  MasterPubSubConnectionPool - 1 connections initialized for 36.151.145.207/36.151.145.207:16379
26-04-20.17:00:40.547 [redisson-netty-2-13] INFO  MasterConnectionPool   - 5 connections initialized for 36.151.145.207/36.151.145.207:16379
26-04-20.17:00:42.958 [main            ] INFO  EndpointLinksResolver  - Exposing 1 endpoint(s) beneath base path '/actuator'
26-04-20.17:00:43.026 [main            ] INFO  CachingConnectionFactory - Attempting to connect to: [36.151.145.207:5672]
26-04-20.17:01:04.088 [main            ] INFO  SimpleMessageListenerContainer - Broker not available; cannot force queue declarations during start: java.net.ConnectException: Connection timed out: connect
26-04-20.17:01:04.093 [org.springframework.amqp.rabbit.RabbitListenerEndpointContainer#0-1] INFO  CachingConnectionFactory - Attempting to connect to: [36.151.145.207:5672]
26-04-20.17:01:25.136 [org.springframework.amqp.rabbit.RabbitListenerEndpointContainer#0-1] ERROR SimpleMessageListenerContainer - Failed to check/redeclare auto-delete queue(s).
org.springframework.amqp.AmqpConnectException: java.net.ConnectException: Connection timed out: connect
	at org.springframework.amqp.rabbit.support.RabbitExceptionTranslator.convertRabbitAccessException(RabbitExceptionTranslator.java:61)
	at org.springframework.amqp.rabbit.connection.AbstractConnectionFactory.createBareConnection(AbstractConnectionFactory.java:603)
	at org.springframework.amqp.rabbit.connection.CachingConnectionFactory.createConnection(CachingConnectionFactory.java:725)
	at org.springframework.amqp.rabbit.connection.ConnectionFactoryUtils.createConnection(ConnectionFactoryUtils.java:252)
	at org.springframework.amqp.rabbit.core.RabbitTemplate.doExecute(RabbitTemplate.java:2210)
	at org.springframework.amqp.rabbit.core.RabbitTemplate.execute(RabbitTemplate.java:2183)
	at org.springframework.amqp.rabbit.core.RabbitTemplate.execute(RabbitTemplate.java:2163)
	at org.springframework.amqp.rabbit.core.RabbitAdmin.getQueueInfo(RabbitAdmin.java:463)
	at org.springframework.amqp.rabbit.core.RabbitAdmin.getQueueProperties(RabbitAdmin.java:447)
	at org.springframework.amqp.rabbit.listener.AbstractMessageListenerContainer.attemptDeclarations(AbstractMessageListenerContainer.java:1942)
	at org.springframework.amqp.rabbit.listener.AbstractMessageListenerContainer.redeclareElementsIfNecessary(AbstractMessageListenerContainer.java:1915)
	at org.springframework.amqp.rabbit.listener.SimpleMessageListenerContainer$AsyncMessageProcessingConsumer.initialize(SimpleMessageListenerContainer.java:1384)
	at org.springframework.amqp.rabbit.listener.SimpleMessageListenerContainer$AsyncMessageProcessingConsumer.run(SimpleMessageListenerContainer.java:1230)
	at java.lang.Thread.run(Thread.java:748)
Caused by: java.net.ConnectException: Connection timed out: connect
	at java.net.DualStackPlainSocketImpl.waitForConnect(Native Method)
	at java.net.DualStackPlainSocketImpl.socketConnect(DualStackPlainSocketImpl.java:85)
	at java.net.AbstractPlainSocketImpl.doConnect(AbstractPlainSocketImpl.java:350)
	at java.net.AbstractPlainSocketImpl.connectToAddress(AbstractPlainSocketImpl.java:206)
	at java.net.AbstractPlainSocketImpl.connect(AbstractPlainSocketImpl.java:188)
	at java.net.PlainSocketImpl.connect(PlainSocketImpl.java:172)
	at java.net.SocksSocketImpl.connect(SocksSocketImpl.java:392)
	at java.net.Socket.connect(Socket.java:589)
	at com.rabbitmq.client.impl.SocketFrameHandlerFactory.create(SocketFrameHandlerFactory.java:60)
	at com.rabbitmq.client.ConnectionFactory.newConnection(ConnectionFactory.java:1223)
	at com.rabbitmq.client.ConnectionFactory.newConnection(ConnectionFactory.java:1173)
	at org.springframework.amqp.rabbit.connection.AbstractConnectionFactory.connectAddresses(AbstractConnectionFactory.java:641)
	at org.springframework.amqp.rabbit.connection.AbstractConnectionFactory.connect(AbstractConnectionFactory.java:616)
	at org.springframework.amqp.rabbit.connection.AbstractConnectionFactory.createBareConnection(AbstractConnectionFactory.java:566)
	... 12 common frames omitted
26-04-20.17:01:25.138 [org.springframework.amqp.rabbit.RabbitListenerEndpointContainer#0-1] INFO  CachingConnectionFactory - Attempting to connect to: [36.151.145.207:5672]
26-04-20.17:01:46.194 [main            ] INFO  RaffleOrderTest        - Started RaffleOrderTest in 68.716 seconds (JVM running for 69.438)
26-04-20.17:01:46.413 [main            ] INFO  HikariDataSource       - Retail_HikariCP - Starting...
26-04-20.17:01:46.985 [main            ] INFO  HikariDataSource       - Retail_HikariCP - Start completed.
26-04-20.17:01:47.350 [main            ] INFO  RaffleOrderTest        - 装配活动：true
26-04-20.17:01:47.460 [main            ] INFO  ActivityBaseActionChain - 活动责任链-基础信息【有效期、状态、库存(sku)】校验开始。sku:9011 activityId:100301
26-04-20.17:01:47.460 [main            ] INFO  ActivitySkuStockActionChain - 活动责任链-商品库存处理【有效期、状态、库存(sku)】开始。sku:9011 activityId:100301
26-04-20.17:01:47.525 [main            ] INFO  ActivitySkuStockActionChain - 活动责任链-商品库存处理【有效期、状态、库存(sku)】成功。sku:9011 activityId:100301
26-04-20.17:01:47.613 [main            ] INFO  HikariDataSource       - Retail_HikariCP - Starting...
26-04-20.17:01:48.080 [main            ] INFO  HikariDataSource       - Retail_HikariCP - Start completed.
26-04-20.17:01:48.355 [main            ] INFO  RaffleOrderTest        - 测试结果：901206417725
26-04-20.17:01:48.485 [main            ] INFO  ActivityBaseActionChain - 活动责任链-基础信息【有效期、状态、库存(sku)】校验开始。sku:9011 activityId:100301
26-04-20.17:01:48.485 [main            ] INFO  ActivitySkuStockActionChain - 活动责任链-商品库存处理【有效期、状态、库存(sku)】开始。sku:9011 activityId:100301
26-04-20.17:01:48.551 [main            ] INFO  ActivitySkuStockActionChain - 活动责任链-商品库存处理【有效期、状态、库存(sku)】成功。sku:9011 activityId:100301
26-04-20.17:01:48.845 [main            ] INFO  RaffleOrderTest        - 测试结果：328085996746
26-04-20.17:01:48.943 [main            ] INFO  ActivityBaseActionChain - 活动责任链-基础信息【有效期、状态、库存(sku)】校验开始。sku:9011 activityId:100301
26-04-20.17:01:48.943 [main            ] INFO  ActivitySkuStockActionChain - 活动责任链-商品库存处理【有效期、状态、库存(sku)】开始。sku:9011 activityId:100301
26-04-20.17:01:49.010 [main            ] INFO  ActivitySkuStockActionChain - 活动责任链-商品库存处理【有效期、状态、库存(sku)】成功。sku:9011 activityId:100301
26-04-20.17:01:49.305 [main            ] INFO  RaffleOrderTest        - 测试结果：679241058562
26-04-20.17:01:49.401 [main            ] INFO  ActivityBaseActionChain - 活动责任链-基础信息【有效期、状态、库存(sku)】校验开始。sku:9011 activityId:100301
26-04-20.17:01:49.401 [main            ] INFO  ActivitySkuStockActionChain - 活动责任链-商品库存处理【有效期、状态、库存(sku)】开始。sku:9011 activityId:100301
26-04-20.17:01:49.470 [main            ] INFO  ActivitySkuStockActionChain - 活动责任链-商品库存处理【有效期、状态、库存(sku)】成功。sku:9011 activityId:100301
26-04-20.17:01:49.770 [main            ] INFO  RaffleOrderTest        - 测试结果：513030857271
26-04-20.17:01:49.871 [main            ] INFO  ActivityBaseActionChain - 活动责任链-基础信息【有效期、状态、库存(sku)】校验开始。sku:9011 activityId:100301
26-04-20.17:01:49.872 [main            ] INFO  ActivitySkuStockActionChain - 活动责任链-商品库存处理【有效期、状态、库存(sku)】开始。sku:9011 activityId:100301
26-04-20.17:01:49.938 [main            ] INFO  ActivitySkuStockActionChain - 活动责任链-商品库存处理【有效期、状态、库存(sku)】成功。sku:9011 activityId:100301
26-04-20.17:01:50.007 [scheduling-1    ] INFO  UpdateAwardStockJob    - 定时任务，更新奖品消耗库存【延迟队列获取，降低对数据库的更新频次，不要产生竞争】
26-04-20.17:01:50.046 [scheduling-1    ] INFO  updateActivitySkuStockJob - 定时任务，更新活动sku库存【延迟队列获取，降低对数据库的更新频次，不要产生竞争】
26-04-20.17:01:50.231 [main            ] INFO  RaffleOrderTest        - 测试结果：359940132355
26-04-20.17:01:50.333 [main            ] INFO  ActivityBaseActionChain - 活动责任链-基础信息【有效期、状态、库存(sku)】校验开始。sku:9011 activityId:100301
26-04-20.17:01:50.333 [main            ] INFO  ActivitySkuStockActionChain - 活动责任链-商品库存处理【有效期、状态、库存(sku)】开始。sku:9011 activityId:100301
26-04-20.17:01:50.397 [main            ] INFO  ActivitySkuStockActionChain - 活动责任链-商品库存处理【有效期、状态、库存(sku)】成功。sku:9011 activityId:100301
26-04-20.17:01:50.687 [main            ] INFO  RaffleOrderTest        - 测试结果：759252852245
26-04-20.17:01:50.788 [main            ] INFO  ActivityBaseActionChain - 活动责任链-基础信息【有效期、状态、库存(sku)】校验开始。sku:9011 activityId:100301
26-04-20.17:01:50.788 [main            ] INFO  ActivitySkuStockActionChain - 活动责任链-商品库存处理【有效期、状态、库存(sku)】开始。sku:9011 activityId:100301
26-04-20.17:01:50.852 [main            ] INFO  ActivitySkuStockActionChain - 活动责任链-商品库存处理【有效期、状态、库存(sku)】成功。sku:9011 activityId:100301
26-04-20.17:01:51.138 [main            ] INFO  RaffleOrderTest        - 测试结果：883899147002
26-04-20.17:01:51.238 [main            ] INFO  ActivityBaseActionChain - 活动责任链-基础信息【有效期、状态、库存(sku)】校验开始。sku:9011 activityId:100301
26-04-20.17:01:51.239 [main            ] INFO  ActivitySkuStockActionChain - 活动责任链-商品库存处理【有效期、状态、库存(sku)】开始。sku:9011 activityId:100301
26-04-20.17:01:51.265 [org.springframework.amqp.rabbit.RabbitListenerEndpointContainer#0-1] WARN  SimpleMessageListenerContainer - Consumer raised exception, processing can restart if the connection factory supports it. Exception summary: org.springframework.amqp.AmqpConnectException: java.net.ConnectException: Connection timed out: connect
26-04-20.17:01:51.266 [org.springframework.amqp.rabbit.RabbitListenerEndpointContainer#0-1] INFO  SimpleMessageListenerContainer - Restarting Consumer@69d58731: tags=[[]], channel=null, acknowledgeMode=AUTO local queue size=0
26-04-20.17:01:51.267 [org.springframework.amqp.rabbit.RabbitListenerEndpointContainer#0-2] INFO  CachingConnectionFactory - Attempting to connect to: [36.151.145.207:5672]
26-04-20.17:01:51.304 [main            ] INFO  ActivitySkuStockActionChain - 活动责任链-商品库存处理【有效期、状态、库存(sku)】成功。sku:9011 activityId:100301
26-04-20.17:01:51.614 [main            ] INFO  RaffleOrderTest        - 测试结果：368137111101
26-04-20.17:01:51.713 [main            ] INFO  ActivityBaseActionChain - 活动责任链-基础信息【有效期、状态、库存(sku)】校验开始。sku:9011 activityId:100301
26-04-20.17:01:51.713 [main            ] INFO  ActivitySkuStockActionChain - 活动责任链-商品库存处理【有效期、状态、库存(sku)】开始。sku:9011 activityId:100301
26-04-20.17:01:51.778 [main            ] INFO  ActivitySkuStockActionChain - 活动责任链-商品库存处理【有效期、状态、库存(sku)】成功。sku:9011 activityId:100301
26-04-20.17:01:52.068 [main            ] INFO  RaffleOrderTest        - 测试结果：822785592042
26-04-20.17:01:52.165 [main            ] INFO  ActivityBaseActionChain - 活动责任链-基础信息【有效期、状态、库存(sku)】校验开始。sku:9011 activityId:100301
26-04-20.17:01:52.165 [main            ] INFO  ActivitySkuStockActionChain - 活动责任链-商品库存处理【有效期、状态、库存(sku)】开始。sku:9011 activityId:100301
26-04-20.17:01:52.234 [main            ] INFO  ActivitySkuStockActionChain - 活动责任链-商品库存处理【有效期、状态、库存(sku)】成功。sku:9011 activityId:100301
26-04-20.17:01:52.521 [main            ] INFO  RaffleOrderTest        - 测试结果：445693764415
26-04-20.17:01:52.622 [main            ] INFO  ActivityBaseActionChain - 活动责任链-基础信息【有效期、状态、库存(sku)】校验开始。sku:9011 activityId:100301
26-04-20.17:01:52.622 [main            ] INFO  ActivitySkuStockActionChain - 活动责任链-商品库存处理【有效期、状态、库存(sku)】开始。sku:9011 activityId:100301
26-04-20.17:01:52.689 [main            ] INFO  ActivitySkuStockActionChain - 活动责任链-商品库存处理【有效期、状态、库存(sku)】成功。sku:9011 activityId:100301
26-04-20.17:01:52.979 [main            ] INFO  RaffleOrderTest        - 测试结果：538536848770
26-04-20.17:01:53.075 [main            ] INFO  ActivityBaseActionChain - 活动责任链-基础信息【有效期、状态、库存(sku)】校验开始。sku:9011 activityId:100301
26-04-20.17:01:53.075 [main            ] INFO  ActivitySkuStockActionChain - 活动责任链-商品库存处理【有效期、状态、库存(sku)】开始。sku:9011 activityId:100301
26-04-20.17:01:53.141 [main            ] INFO  ActivitySkuStockActionChain - 活动责任链-商品库存处理【有效期、状态、库存(sku)】成功。sku:9011 activityId:100301
26-04-20.17:01:53.427 [main            ] INFO  RaffleOrderTest        - 测试结果：607266166864
26-04-20.17:01:53.527 [main            ] INFO  ActivityBaseActionChain - 活动责任链-基础信息【有效期、状态、库存(sku)】校验开始。sku:9011 activityId:100301
26-04-20.17:01:53.527 [main            ] INFO  ActivitySkuStockActionChain - 活动责任链-商品库存处理【有效期、状态、库存(sku)】开始。sku:9011 activityId:100301
26-04-20.17:01:53.591 [main            ] INFO  ActivitySkuStockActionChain - 活动责任链-商品库存处理【有效期、状态、库存(sku)】成功。sku:9011 activityId:100301
26-04-20.17:01:53.877 [main            ] INFO  RaffleOrderTest        - 测试结果：462170958819
26-04-20.17:01:53.976 [main            ] INFO  ActivityBaseActionChain - 活动责任链-基础信息【有效期、状态、库存(sku)】校验开始。sku:9011 activityId:100301
26-04-20.17:01:53.976 [main            ] INFO  ActivitySkuStockActionChain - 活动责任链-商品库存处理【有效期、状态、库存(sku)】开始。sku:9011 activityId:100301
26-04-20.17:01:54.040 [main            ] INFO  ActivitySkuStockActionChain - 活动责任链-商品库存处理【有效期、状态、库存(sku)】成功。sku:9011 activityId:100301
26-04-20.17:01:54.333 [main            ] INFO  RaffleOrderTest        - 测试结果：663352413096
26-04-20.17:01:54.437 [main            ] INFO  ActivityBaseActionChain - 活动责任链-基础信息【有效期、状态、库存(sku)】校验开始。sku:9011 activityId:100301
26-04-20.17:01:54.437 [main            ] INFO  ActivitySkuStockActionChain - 活动责任链-商品库存处理【有效期、状态、库存(sku)】开始。sku:9011 activityId:100301
26-04-20.17:01:54.505 [main            ] INFO  ActivitySkuStockActionChain - 活动责任链-商品库存处理【有效期、状态、库存(sku)】成功。sku:9011 activityId:100301
26-04-20.17:01:54.792 [main            ] INFO  RaffleOrderTest        - 测试结果：430337047497
26-04-20.17:01:54.895 [main            ] INFO  ActivityBaseActionChain - 活动责任链-基础信息【有效期、状态、库存(sku)】校验开始。sku:9011 activityId:100301
26-04-20.17:01:54.895 [main            ] INFO  ActivitySkuStockActionChain - 活动责任链-商品库存处理【有效期、状态、库存(sku)】开始。sku:9011 activityId:100301
26-04-20.17:01:54.962 [main            ] INFO  ActivitySkuStockActionChain - 活动责任链-商品库存处理【有效期、状态、库存(sku)】成功。sku:9011 activityId:100301
26-04-20.17:01:55.012 [scheduling-1    ] INFO  updateActivitySkuStockJob - 定时任务，更新活动sku库存【延迟队列获取，降低对数据库的更新频次，不要产生竞争】
26-04-20.17:01:55.045 [scheduling-1    ] INFO  updateActivitySkuStockJob - 定时任务，更新活动sku库存 sku:9011 activityId:100301
26-04-20.17:01:55.122 [scheduling-1    ] INFO  UpdateAwardStockJob    - 定时任务，更新奖品消耗库存【延迟队列获取，降低对数据库的更新频次，不要产生竞争】
26-04-20.17:01:55.252 [main            ] INFO  RaffleOrderTest        - 测试结果：109554671409
26-04-20.17:01:55.354 [main            ] INFO  ActivityBaseActionChain - 活动责任链-基础信息【有效期、状态、库存(sku)】校验开始。sku:9011 activityId:100301
26-04-20.17:01:55.354 [main            ] INFO  ActivitySkuStockActionChain - 活动责任链-商品库存处理【有效期、状态、库存(sku)】开始。sku:9011 activityId:100301
26-04-20.17:01:55.421 [main            ] INFO  ActivitySkuStockActionChain - 活动责任链-商品库存处理【有效期、状态、库存(sku)】成功。sku:9011 activityId:100301
26-04-20.17:01:55.714 [main            ] INFO  RaffleOrderTest        - 测试结果：634018904657
26-04-20.17:01:55.811 [main            ] INFO  ActivityBaseActionChain - 活动责任链-基础信息【有效期、状态、库存(sku)】校验开始。sku:9011 activityId:100301
26-04-20.17:01:55.811 [main            ] INFO  ActivitySkuStockActionChain - 活动责任链-商品库存处理【有效期、状态、库存(sku)】开始。sku:9011 activityId:100301
26-04-20.17:01:55.880 [main            ] INFO  ActivitySkuStockActionChain - 活动责任链-商品库存处理【有效期、状态、库存(sku)】成功。sku:9011 activityId:100301
26-04-20.17:01:56.169 [main            ] INFO  RaffleOrderTest        - 测试结果：543154958065
26-04-20.17:01:56.270 [main            ] INFO  ActivityBaseActionChain - 活动责任链-基础信息【有效期、状态、库存(sku)】校验开始。sku:9011 activityId:100301
26-04-20.17:01:56.270 [main            ] INFO  ActivitySkuStockActionChain - 活动责任链-商品库存处理【有效期、状态、库存(sku)】开始。sku:9011 activityId:100301
26-04-20.17:01:56.335 [main            ] INFO  ActivitySkuStockActionChain - 活动责任链-商品库存处理【有效期、状态、库存(sku)】成功。sku:9011 activityId:100301
26-04-20.17:01:56.620 [main            ] INFO  RaffleOrderTest        - 测试结果：870309785161
26-04-20.17:01:56.722 [main            ] INFO  ActivityBaseActionChain - 活动责任链-基础信息【有效期、状态、库存(sku)】校验开始。sku:9011 activityId:100301
26-04-20.17:01:56.722 [main            ] INFO  ActivitySkuStockActionChain - 活动责任链-商品库存处理【有效期、状态、库存(sku)】开始。sku:9011 activityId:100301
26-04-20.17:01:56.785 [main            ] INFO  ActivitySkuStockActionChain - 活动责任链-商品库存处理【有效期、状态、库存(sku)】成功。sku:9011 activityId:100301
26-04-20.17:01:57.076 [main            ] INFO  RaffleOrderTest        - 测试结果：497736787884
26-04-20.17:02:00.005 [scheduling-1    ] INFO  updateActivitySkuStockJob - 定时任务，更新活动sku库存【延迟队列获取，降低对数据库的更新频次，不要产生竞争】
26-04-20.17:02:00.038 [scheduling-1    ] INFO  updateActivitySkuStockJob - 定时任务，更新活动sku库存 sku:9011 activityId:100301
26-04-20.17:02:00.152 [scheduling-1    ] INFO  UpdateAwardStockJob    - 定时任务，更新奖品消耗库存【延迟队列获取，降低对数据库的更新频次，不要产生竞争】
26-04-20.17:02:05.000 [scheduling-1    ] INFO  updateActivitySkuStockJob - 定时任务，更新活动sku库存【延迟队列获取，降低对数据库的更新频次，不要产生竞争】
26-04-20.17:02:05.034 [scheduling-1    ] INFO  updateActivitySkuStockJob - 定时任务，更新活动sku库存 sku:9011 activityId:100301
26-04-20.17:02:05.150 [scheduling-1    ] INFO  UpdateAwardStockJob    - 定时任务，更新奖品消耗库存【延迟队列获取，降低对数据库的更新频次，不要产生竞争】
26-04-20.17:02:10.005 [scheduling-1    ] INFO  UpdateAwardStockJob    - 定时任务，更新奖品消耗库存【延迟队列获取，降低对数据库的更新频次，不要产生竞争】
26-04-20.17:02:10.038 [scheduling-1    ] INFO  updateActivitySkuStockJob - 定时任务，更新活动sku库存【延迟队列获取，降低对数据库的更新频次，不要产生竞争】
26-04-20.17:02:10.071 [scheduling-1    ] INFO  updateActivitySkuStockJob - 定时任务，更新活动sku库存 sku:9011 activityId:100301
26-04-20.17:02:12.322 [org.springframework.amqp.rabbit.RabbitListenerEndpointContainer#0-2] ERROR SimpleMessageListenerContainer - Failed to check/redeclare auto-delete queue(s).
26-04-20.17:02:12.322 [org.springframework.amqp.rabbit.RabbitListenerEndpointContainer#0-2] INFO  CachingConnectionFactory - Attempting to connect to: [36.151.145.207:5672]
26-04-20.17:02:15.014 [scheduling-1    ] INFO  updateActivitySkuStockJob - 定时任务，更新活动sku库存【延迟队列获取，降低对数据库的更新频次，不要产生竞争】
26-04-20.17:02:15.045 [scheduling-1    ] INFO  updateActivitySkuStockJob - 定时任务，更新活动sku库存 sku:9011 activityId:100301
26-04-20.17:02:15.166 [scheduling-1    ] INFO  UpdateAwardStockJob    - 定时任务，更新奖品消耗库存【延迟队列获取，降低对数据库的更新频次，不要产生竞争】
26-04-20.17:02:20.007 [scheduling-1    ] INFO  updateActivitySkuStockJob - 定时任务，更新活动sku库存【延迟队列获取，降低对数据库的更新频次，不要产生竞争】
26-04-20.17:02:20.042 [scheduling-1    ] INFO  updateActivitySkuStockJob - 定时任务，更新活动sku库存 sku:9011 activityId:100301
26-04-20.17:02:20.150 [scheduling-1    ] INFO  UpdateAwardStockJob    - 定时任务，更新奖品消耗库存【延迟队列获取，降低对数据库的更新频次，不要产生竞争】
26-04-20.17:02:25.013 [scheduling-1    ] INFO  updateActivitySkuStockJob - 定时任务，更新活动sku库存【延迟队列获取，降低对数据库的更新频次，不要产生竞争】
26-04-20.17:02:25.046 [scheduling-1    ] INFO  updateActivitySkuStockJob - 定时任务，更新活动sku库存 sku:9011 activityId:100301
26-04-20.17:02:25.157 [scheduling-1    ] INFO  UpdateAwardStockJob    - 定时任务，更新奖品消耗库存【延迟队列获取，降低对数据库的更新频次，不要产生竞争】
26-04-20.17:02:30.012 [scheduling-1    ] INFO  UpdateAwardStockJob    - 定时任务，更新奖品消耗库存【延迟队列获取，降低对数据库的更新频次，不要产生竞争】
26-04-20.17:02:30.045 [scheduling-1    ] INFO  updateActivitySkuStockJob - 定时任务，更新活动sku库存【延迟队列获取，降低对数据库的更新频次，不要产生竞争】
26-04-20.17:02:30.081 [scheduling-1    ] INFO  updateActivitySkuStockJob - 定时任务，更新活动sku库存 sku:9011 activityId:100301
26-04-20.17:02:35.008 [scheduling-1    ] INFO  updateActivitySkuStockJob - 定时任务，更新活动sku库存【延迟队列获取，降低对数据库的更新频次，不要产生竞争】
26-04-20.17:02:35.041 [scheduling-1    ] INFO  updateActivitySkuStockJob - 定时任务，更新活动sku库存 sku:9011 activityId:100301
26-04-20.17:02:35.145 [scheduling-1    ] INFO  UpdateAwardStockJob    - 定时任务，更新奖品消耗库存【延迟队列获取，降低对数据库的更新频次，不要产生竞争】
26-04-20.17:02:38.494 [org.springframework.amqp.rabbit.RabbitListenerEndpointContainer#0-2] WARN  SimpleMessageListenerContainer - Consumer raised exception, processing can restart if the connection factory supports it. Exception summary: org.springframework.amqp.AmqpConnectException: java.net.ConnectException: Connection timed out: connect
26-04-20.17:02:38.495 [org.springframework.amqp.rabbit.RabbitListenerEndpointContainer#0-2] INFO  SimpleMessageListenerContainer - Restarting Consumer@183d08f6: tags=[[]], channel=null, acknowledgeMode=AUTO local queue size=0
26-04-20.17:02:38.496 [org.springframework.amqp.rabbit.RabbitListenerEndpointContainer#0-3] INFO  CachingConnectionFactory - Attempting to connect to: [36.151.145.207:5672]
26-04-20.17:02:40.014 [scheduling-1    ] INFO  updateActivitySkuStockJob - 定时任务，更新活动sku库存【延迟队列获取，降低对数据库的更新频次，不要产生竞争】
26-04-20.17:02:40.046 [scheduling-1    ] INFO  updateActivitySkuStockJob - 定时任务，更新活动sku库存 sku:9011 activityId:100301
26-04-20.17:02:40.152 [scheduling-1    ] INFO  UpdateAwardStockJob    - 定时任务，更新奖品消耗库存【延迟队列获取，降低对数据库的更新频次，不要产生竞争】
26-04-20.17:02:45.007 [scheduling-1    ] INFO  updateActivitySkuStockJob - 定时任务，更新活动sku库存【延迟队列获取，降低对数据库的更新频次，不要产生竞争】
26-04-20.17:02:45.041 [scheduling-1    ] INFO  updateActivitySkuStockJob - 定时任务，更新活动sku库存 sku:9011 activityId:100301
26-04-20.17:02:45.147 [scheduling-1    ] INFO  UpdateAwardStockJob    - 定时任务，更新奖品消耗库存【延迟队列获取，降低对数据库的更新频次，不要产生竞争】
26-04-20.17:02:50.012 [scheduling-1    ] INFO  UpdateAwardStockJob    - 定时任务，更新奖品消耗库存【延迟队列获取，降低对数据库的更新频次，不要产生竞争】
26-04-20.17:02:50.045 [scheduling-1    ] INFO  updateActivitySkuStockJob - 定时任务，更新活动sku库存【延迟队列获取，降低对数据库的更新频次，不要产生竞争】
26-04-20.17:02:50.076 [scheduling-1    ] INFO  updateActivitySkuStockJob - 定时任务，更新活动sku库存 sku:9011 activityId:100301
26-04-20.17:02:55.004 [scheduling-1    ] INFO  updateActivitySkuStockJob - 定时任务，更新活动sku库存【延迟队列获取，降低对数据库的更新频次，不要产生竞争】
26-04-20.17:02:55.037 [scheduling-1    ] INFO  updateActivitySkuStockJob - 定时任务，更新活动sku库存 sku:9011 activityId:100301
26-04-20.17:02:55.143 [scheduling-1    ] INFO  UpdateAwardStockJob    - 定时任务，更新奖品消耗库存【延迟队列获取，降低对数据库的更新频次，不要产生竞争】
26-04-20.17:02:59.542 [org.springframework.amqp.rabbit.RabbitListenerEndpointContainer#0-3] ERROR SimpleMessageListenerContainer - Failed to check/redeclare auto-delete queue(s).
26-04-20.17:02:59.542 [org.springframework.amqp.rabbit.RabbitListenerEndpointContainer#0-3] INFO  CachingConnectionFactory - Attempting to connect to: [36.151.145.207:5672]
26-04-20.17:03:00.006 [scheduling-1    ] INFO  UpdateAwardStockJob    - 定时任务，更新奖品消耗库存【延迟队列获取，降低对数据库的更新频次，不要产生竞争】
26-04-20.17:03:00.040 [scheduling-1    ] INFO  updateActivitySkuStockJob - 定时任务，更新活动sku库存【延迟队列获取，降低对数据库的更新频次，不要产生竞争】
26-04-20.17:03:00.074 [scheduling-1    ] INFO  updateActivitySkuStockJob - 定时任务，更新活动sku库存 sku:9011 activityId:100301
26-04-20.17:03:05.008 [scheduling-1    ] INFO  updateActivitySkuStockJob - 定时任务，更新活动sku库存【延迟队列获取，降低对数据库的更新频次，不要产生竞争】
26-04-20.17:03:05.040 [scheduling-1    ] INFO  updateActivitySkuStockJob - 定时任务，更新活动sku库存 sku:9011 activityId:100301
26-04-20.17:03:05.141 [scheduling-1    ] INFO  UpdateAwardStockJob    - 定时任务，更新奖品消耗库存【延迟队列获取，降低对数据库的更新频次，不要产生竞争】
26-04-20.17:03:10.000 [scheduling-1    ] INFO  UpdateAwardStockJob    - 定时任务，更新奖品消耗库存【延迟队列获取，降低对数据库的更新频次，不要产生竞争】
26-04-20.17:03:10.036 [scheduling-1    ] INFO  updateActivitySkuStockJob - 定时任务，更新活动sku库存【延迟队列获取，降低对数据库的更新频次，不要产生竞争】
26-04-20.17:03:10.070 [scheduling-1    ] INFO  updateActivitySkuStockJob - 定时任务，更新活动sku库存 sku:9011 activityId:100301
26-04-20.17:03:15.000 [scheduling-1    ] INFO  UpdateAwardStockJob    - 定时任务，更新奖品消耗库存【延迟队列获取，降低对数据库的更新频次，不要产生竞争】
26-04-20.17:03:15.034 [scheduling-1    ] INFO  updateActivitySkuStockJob - 定时任务，更新活动sku库存【延迟队列获取，降低对数据库的更新频次，不要产生竞争】
26-04-20.17:03:15.066 [scheduling-1    ] INFO  updateActivitySkuStockJob - 定时任务，更新活动sku库存 sku:9011 activityId:100301
26-04-20.17:03:20.008 [scheduling-1    ] INFO  updateActivitySkuStockJob - 定时任务，更新活动sku库存【延迟队列获取，降低对数据库的更新频次，不要产生竞争】
26-04-20.17:03:20.040 [scheduling-1    ] INFO  updateActivitySkuStockJob - 定时任务，更新活动sku库存 sku:9011 activityId:100301
26-04-20.17:03:20.144 [scheduling-1    ] INFO  UpdateAwardStockJob    - 定时任务，更新奖品消耗库存【延迟队列获取，降低对数据库的更新频次，不要产生竞争】
26-04-20.17:03:25.005 [scheduling-1    ] INFO  updateActivitySkuStockJob - 定时任务，更新活动sku库存【延迟队列获取，降低对数据库的更新频次，不要产生竞争】
26-04-20.17:03:25.040 [scheduling-1    ] INFO  updateActivitySkuStockJob - 定时任务，更新活动sku库存 sku:9011 activityId:100301
26-04-20.17:03:25.140 [scheduling-1    ] INFO  UpdateAwardStockJob    - 定时任务，更新奖品消耗库存【延迟队列获取，降低对数据库的更新频次，不要产生竞争】
26-04-20.17:03:25.751 [org.springframework.amqp.rabbit.RabbitListenerEndpointContainer#0-3] WARN  SimpleMessageListenerContainer - Consumer raised exception, processing can restart if the connection factory supports it. Exception summary: org.springframework.amqp.AmqpConnectException: java.net.ConnectException: Connection timed out: connect
26-04-20.17:03:25.751 [org.springframework.amqp.rabbit.RabbitListenerEndpointContainer#0-3] INFO  SimpleMessageListenerContainer - Restarting Consumer@320de6d4: tags=[[]], channel=null, acknowledgeMode=AUTO local queue size=0
26-04-20.17:03:25.752 [org.springframework.amqp.rabbit.RabbitListenerEndpointContainer#0-4] INFO  CachingConnectionFactory - Attempting to connect to: [36.151.145.207:5672]
26-04-20.17:03:30.010 [scheduling-1    ] INFO  UpdateAwardStockJob    - 定时任务，更新奖品消耗库存【延迟队列获取，降低对数据库的更新频次，不要产生竞争】
26-04-20.17:03:30.043 [scheduling-1    ] INFO  updateActivitySkuStockJob - 定时任务，更新活动sku库存【延迟队列获取，降低对数据库的更新频次，不要产生竞争】
26-04-20.17:03:30.075 [scheduling-1    ] INFO  updateActivitySkuStockJob - 定时任务，更新活动sku库存 sku:9011 activityId:100301
26-04-20.17:03:35.013 [scheduling-1    ] INFO  updateActivitySkuStockJob - 定时任务，更新活动sku库存【延迟队列获取，降低对数据库的更新频次，不要产生竞争】
26-04-20.17:03:35.048 [scheduling-1    ] INFO  UpdateAwardStockJob    - 定时任务，更新奖品消耗库存【延迟队列获取，降低对数据库的更新频次，不要产生竞争】
26-04-20.17:03:40.016 [scheduling-1    ] INFO  UpdateAwardStockJob    - 定时任务，更新奖品消耗库存【延迟队列获取，降低对数据库的更新频次，不要产生竞争】
26-04-20.17:03:40.050 [scheduling-1    ] INFO  updateActivitySkuStockJob - 定时任务，更新活动sku库存【延迟队列获取，降低对数据库的更新频次，不要产生竞争】
26-04-20.17:03:45.007 [scheduling-1    ] INFO  UpdateAwardStockJob    - 定时任务，更新奖品消耗库存【延迟队列获取，降低对数据库的更新频次，不要产生竞争】
26-04-20.17:03:45.040 [scheduling-1    ] INFO  updateActivitySkuStockJob - 定时任务，更新活动sku库存【延迟队列获取，降低对数据库的更新频次，不要产生竞争】
26-04-20.17:03:46.782 [org.springframework.amqp.rabbit.RabbitListenerEndpointContainer#0-4] ERROR SimpleMessageListenerContainer - Failed to check/redeclare auto-delete queue(s).
26-04-20.17:03:46.782 [org.springframework.amqp.rabbit.RabbitListenerEndpointContainer#0-4] INFO  CachingConnectionFactory - Attempting to connect to: [36.151.145.207:5672]
26-04-20.17:03:50.013 [scheduling-1    ] INFO  UpdateAwardStockJob    - 定时任务，更新奖品消耗库存【延迟队列获取，降低对数据库的更新频次，不要产生竞争】
26-04-20.17:03:50.047 [scheduling-1    ] INFO  updateActivitySkuStockJob - 定时任务，更新活动sku库存【延迟队列获取，降低对数据库的更新频次，不要产生竞争】
26-04-20.17:03:55.009 [scheduling-1    ] INFO  updateActivitySkuStockJob - 定时任务，更新活动sku库存【延迟队列获取，降低对数据库的更新频次，不要产生竞争】
26-04-20.17:03:55.041 [scheduling-1    ] INFO  UpdateAwardStockJob    - 定时任务，更新奖品消耗库存【延迟队列获取，降低对数据库的更新频次，不要产生竞争】
26-04-20.17:04:00.001 [scheduling-1    ] INFO  UpdateAwardStockJob    - 定时任务，更新奖品消耗库存【延迟队列获取，降低对数据库的更新频次，不要产生竞争】
26-04-20.17:04:00.035 [scheduling-1    ] INFO  updateActivitySkuStockJob - 定时任务，更新活动sku库存【延迟队列获取，降低对数据库的更新频次，不要产生竞争】
26-04-20.17:04:05.009 [scheduling-1    ] INFO  updateActivitySkuStockJob - 定时任务，更新活动sku库存【延迟队列获取，降低对数据库的更新频次，不要产生竞争】
26-04-20.17:04:05.043 [scheduling-1    ] INFO  UpdateAwardStockJob    - 定时任务，更新奖品消耗库存【延迟队列获取，降低对数据库的更新频次，不要产生竞争】
26-04-20.17:04:10.003 [scheduling-1    ] INFO  UpdateAwardStockJob    - 定时任务，更新奖品消耗库存【延迟队列获取，降低对数据库的更新频次，不要产生竞争】
26-04-20.17:04:10.037 [scheduling-1    ] INFO  updateActivitySkuStockJob - 定时任务，更新活动sku库存【延迟队列获取，降低对数据库的更新频次，不要产生竞争】
26-04-20.17:04:12.974 [org.springframework.amqp.rabbit.RabbitListenerEndpointContainer#0-4] WARN  SimpleMessageListenerContainer - Consumer raised exception, processing can restart if the connection factory supports it. Exception summary: org.springframework.amqp.AmqpConnectException: java.net.ConnectException: Connection timed out: connect
26-04-20.17:04:12.974 [org.springframework.amqp.rabbit.RabbitListenerEndpointContainer#0-4] INFO  SimpleMessageListenerContainer - Restarting Consumer@6e25e5d7: tags=[[]], channel=null, acknowledgeMode=AUTO local queue size=0
26-04-20.17:04:12.976 [org.springframework.amqp.rabbit.RabbitListenerEndpointContainer#0-5] INFO  CachingConnectionFactory - Attempting to connect to: [36.151.145.207:5672]
26-04-20.17:04:15.002 [scheduling-1    ] INFO  updateActivitySkuStockJob - 定时任务，更新活动sku库存【延迟队列获取，降低对数据库的更新频次，不要产生竞争】
26-04-20.17:04:15.036 [scheduling-1    ] INFO  UpdateAwardStockJob    - 定时任务，更新奖品消耗库存【延迟队列获取，降低对数据库的更新频次，不要产生竞争】
26-04-20.17:04:20.002 [scheduling-1    ] INFO  UpdateAwardStockJob    - 定时任务，更新奖品消耗库存【延迟队列获取，降低对数据库的更新频次，不要产生竞争】
26-04-20.17:04:20.036 [scheduling-1    ] INFO  updateActivitySkuStockJob - 定时任务，更新活动sku库存【延迟队列获取，降低对数据库的更新频次，不要产生竞争】
26-04-20.17:04:25.012 [scheduling-1    ] INFO  UpdateAwardStockJob    - 定时任务，更新奖品消耗库存【延迟队列获取，降低对数据库的更新频次，不要产生竞争】
26-04-20.17:04:25.047 [scheduling-1    ] INFO  updateActivitySkuStockJob - 定时任务，更新活动sku库存【延迟队列获取，降低对数据库的更新频次，不要产生竞争】
26-04-20.17:04:30.015 [scheduling-1    ] INFO  updateActivitySkuStockJob - 定时任务，更新活动sku库存【延迟队列获取，降低对数据库的更新频次，不要产生竞争】
26-04-20.17:04:30.051 [scheduling-1    ] INFO  UpdateAwardStockJob    - 定时任务，更新奖品消耗库存【延迟队列获取，降低对数据库的更新频次，不要产生竞争】
26-04-20.17:04:34.016 [org.springframework.amqp.rabbit.RabbitListenerEndpointContainer#0-5] ERROR SimpleMessageListenerContainer - Failed to check/redeclare auto-delete queue(s).
26-04-20.17:04:34.016 [org.springframework.amqp.rabbit.RabbitListenerEndpointContainer#0-5] INFO  CachingConnectionFactory - Attempting to connect to: [36.151.145.207:5672]
26-04-20.17:04:35.009 [scheduling-1    ] INFO  updateActivitySkuStockJob - 定时任务，更新活动sku库存【延迟队列获取，降低对数据库的更新频次，不要产生竞争】
26-04-20.17:04:35.043 [scheduling-1    ] INFO  UpdateAwardStockJob    - 定时任务，更新奖品消耗库存【延迟队列获取，降低对数据库的更新频次，不要产生竞争】
26-04-20.17:04:40.003 [scheduling-1    ] INFO  updateActivitySkuStockJob - 定时任务，更新活动sku库存【延迟队列获取，降低对数据库的更新频次，不要产生竞争】
26-04-20.17:04:40.038 [scheduling-1    ] INFO  UpdateAwardStockJob    - 定时任务，更新奖品消耗库存【延迟队列获取，降低对数据库的更新频次，不要产生竞争】
26-04-20.17:04:45.002 [scheduling-1    ] INFO  UpdateAwardStockJob    - 定时任务，更新奖品消耗库存【延迟队列获取，降低对数据库的更新频次，不要产生竞争】
26-04-20.17:04:45.035 [scheduling-1    ] INFO  updateActivitySkuStockJob - 定时任务，更新活动sku库存【延迟队列获取，降低对数据库的更新频次，不要产生竞争】
26-04-20.17:04:50.014 [scheduling-1    ] INFO  UpdateAwardStockJob    - 定时任务，更新奖品消耗库存【延迟队列获取，降低对数据库的更新频次，不要产生竞争】
26-04-20.17:04:50.049 [scheduling-1    ] INFO  updateActivitySkuStockJob - 定时任务，更新活动sku库存【延迟队列获取，降低对数据库的更新频次，不要产生竞争】
26-04-20.17:04:55.001 [scheduling-1    ] INFO  UpdateAwardStockJob    - 定时任务，更新奖品消耗库存【延迟队列获取，降低对数据库的更新频次，不要产生竞争】
26-04-20.17:04:55.035 [scheduling-1    ] INFO  updateActivitySkuStockJob - 定时任务，更新活动sku库存【延迟队列获取，降低对数据库的更新频次，不要产生竞争】
26-04-20.17:05:00.005 [scheduling-1    ] INFO  UpdateAwardStockJob    - 定时任务，更新奖品消耗库存【延迟队列获取，降低对数据库的更新频次，不要产生竞争】
26-04-20.17:05:00.037 [scheduling-1    ] INFO  updateActivitySkuStockJob - 定时任务，更新活动sku库存【延迟队列获取，降低对数据库的更新频次，不要产生竞争】
26-04-20.17:05:00.192 [org.springframework.amqp.rabbit.RabbitListenerEndpointContainer#0-5] WARN  SimpleMessageListenerContainer - Consumer raised exception, processing can restart if the connection factory supports it. Exception summary: org.springframework.amqp.AmqpConnectException: java.net.ConnectException: Connection timed out: connect
26-04-20.17:05:00.192 [org.springframework.amqp.rabbit.RabbitListenerEndpointContainer#0-5] INFO  SimpleMessageListenerContainer - Restarting Consumer@63f6abc3: tags=[[]], channel=null, acknowledgeMode=AUTO local queue size=0
26-04-20.17:05:00.193 [org.springframework.amqp.rabbit.RabbitListenerEndpointContainer#0-6] INFO  CachingConnectionFactory - Attempting to connect to: [36.151.145.207:5672]
26-04-20.17:05:05.004 [scheduling-1    ] INFO  updateActivitySkuStockJob - 定时任务，更新活动sku库存【延迟队列获取，降低对数据库的更新频次，不要产生竞争】
26-04-20.17:05:05.036 [scheduling-1    ] INFO  UpdateAwardStockJob    - 定时任务，更新奖品消耗库存【延迟队列获取，降低对数据库的更新频次，不要产生竞争】
26-04-20.17:05:10.008 [scheduling-1    ] INFO  UpdateAwardStockJob    - 定时任务，更新奖品消耗库存【延迟队列获取，降低对数据库的更新频次，不要产生竞争】
26-04-20.17:05:10.039 [scheduling-1    ] INFO  updateActivitySkuStockJob - 定时任务，更新活动sku库存【延迟队列获取，降低对数据库的更新频次，不要产生竞争】
26-04-20.17:05:15.006 [scheduling-1    ] INFO  UpdateAwardStockJob    - 定时任务，更新奖品消耗库存【延迟队列获取，降低对数据库的更新频次，不要产生竞争】
26-04-20.17:05:15.049 [scheduling-1    ] INFO  updateActivitySkuStockJob - 定时任务，更新活动sku库存【延迟队列获取，降低对数据库的更新频次，不要产生竞争】
26-04-20.17:05:20.007 [scheduling-1    ] INFO  UpdateAwardStockJob    - 定时任务，更新奖品消耗库存【延迟队列获取，降低对数据库的更新频次，不要产生竞争】
26-04-20.17:05:20.040 [scheduling-1    ] INFO  updateActivitySkuStockJob - 定时任务，更新活动sku库存【延迟队列获取，降低对数据库的更新频次，不要产生竞争】
26-04-20.17:05:21.222 [org.springframework.amqp.rabbit.RabbitListenerEndpointContainer#0-6] ERROR SimpleMessageListenerContainer - Failed to check/redeclare auto-delete queue(s).
26-04-20.17:05:21.222 [org.springframework.amqp.rabbit.RabbitListenerEndpointContainer#0-6] INFO  CachingConnectionFactory - Attempting to connect to: [36.151.145.207:5672]
26-04-20.17:05:25.003 [scheduling-1    ] INFO  UpdateAwardStockJob    - 定时任务，更新奖品消耗库存【延迟队列获取，降低对数据库的更新频次，不要产生竞争】
26-04-20.17:05:25.037 [scheduling-1    ] INFO  updateActivitySkuStockJob - 定时任务，更新活动sku库存【延迟队列获取，降低对数据库的更新频次，不要产生竞争】
26-04-20.17:05:30.009 [scheduling-1    ] INFO  updateActivitySkuStockJob - 定时任务，更新活动sku库存【延迟队列获取，降低对数据库的更新频次，不要产生竞争】
26-04-20.17:05:30.043 [scheduling-1    ] INFO  UpdateAwardStockJob    - 定时任务，更新奖品消耗库存【延迟队列获取，降低对数据库的更新频次，不要产生竞争】
26-04-20.17:05:35.014 [scheduling-1    ] INFO  updateActivitySkuStockJob - 定时任务，更新活动sku库存【延迟队列获取，降低对数据库的更新频次，不要产生竞争】
26-04-20.17:05:35.046 [scheduling-1    ] INFO  UpdateAwardStockJob    - 定时任务，更新奖品消耗库存【延迟队列获取，降低对数据库的更新频次，不要产生竞争】
26-04-20.17:05:40.005 [scheduling-1    ] INFO  updateActivitySkuStockJob - 定时任务，更新活动sku库存【延迟队列获取，降低对数据库的更新频次，不要产生竞争】
26-04-20.17:05:40.041 [scheduling-1    ] INFO  UpdateAwardStockJob    - 定时任务，更新奖品消耗库存【延迟队列获取，降低对数据库的更新频次，不要产生竞争】
26-04-20.17:05:45.004 [scheduling-1    ] INFO  UpdateAwardStockJob    - 定时任务，更新奖品消耗库存【延迟队列获取，降低对数据库的更新频次，不要产生竞争】
26-04-20.17:05:45.037 [scheduling-1    ] INFO  updateActivitySkuStockJob - 定时任务，更新活动sku库存【延迟队列获取，降低对数据库的更新频次，不要产生竞争】
26-04-20.17:05:47.375 [org.springframework.amqp.rabbit.RabbitListenerEndpointContainer#0-6] WARN  SimpleMessageListenerContainer - Consumer raised exception, processing can restart if the connection factory supports it. Exception summary: org.springframework.amqp.AmqpConnectException: java.net.ConnectException: Connection timed out: connect
26-04-20.17:05:47.375 [org.springframework.amqp.rabbit.RabbitListenerEndpointContainer#0-6] INFO  SimpleMessageListenerContainer - Restarting Consumer@5fbfb857: tags=[[]], channel=null, acknowledgeMode=AUTO local queue size=0
26-04-20.17:05:47.376 [org.springframework.amqp.rabbit.RabbitListenerEndpointContainer#0-7] INFO  CachingConnectionFactory - Attempting to connect to: [36.151.145.207:5672]
26-04-20.17:05:50.013 [scheduling-1    ] INFO  UpdateAwardStockJob    - 定时任务，更新奖品消耗库存【延迟队列获取，降低对数据库的更新频次，不要产生竞争】
26-04-20.17:05:50.046 [scheduling-1    ] INFO  updateActivitySkuStockJob - 定时任务，更新活动sku库存【延迟队列获取，降低对数据库的更新频次，不要产生竞争】
26-04-20.17:05:55.003 [scheduling-1    ] INFO  UpdateAwardStockJob    - 定时任务，更新奖品消耗库存【延迟队列获取，降低对数据库的更新频次，不要产生竞争】
26-04-20.17:05:55.036 [scheduling-1    ] INFO  updateActivitySkuStockJob - 定时任务，更新活动sku库存【延迟队列获取，降低对数据库的更新频次，不要产生竞争】
26-04-20.17:06:00.005 [scheduling-1    ] INFO  updateActivitySkuStockJob - 定时任务，更新活动sku库存【延迟队列获取，降低对数据库的更新频次，不要产生竞争】
26-04-20.17:06:00.037 [scheduling-1    ] INFO  UpdateAwardStockJob    - 定时任务，更新奖品消耗库存【延迟队列获取，降低对数据库的更新频次，不要产生竞争】
26-04-20.17:06:05.010 [scheduling-1    ] INFO  updateActivitySkuStockJob - 定时任务，更新活动sku库存【延迟队列获取，降低对数据库的更新频次，不要产生竞争】
26-04-20.17:06:05.045 [scheduling-1    ] INFO  UpdateAwardStockJob    - 定时任务，更新奖品消耗库存【延迟队列获取，降低对数据库的更新频次，不要产生竞争】
26-04-20.17:06:06.994 [org.springframework.amqp.rabbit.RabbitListenerEndpointContainer#0-8] INFO  SimpleMessageListenerContainer - Waiting for workers to finish.
26-04-20.17:06:06.994 [org.springframework.amqp.rabbit.RabbitListenerEndpointContainer#0-8] INFO  SimpleMessageListenerContainer - Successfully waited for workers to finish.
26-04-20.17:06:06.997 [SpringApplicationShutdownHook] INFO  SimpleMessageListenerContainer - Shutdown ignored - container is already stopped
26-04-20.17:06:08.425 [org.springframework.amqp.rabbit.RabbitListenerEndpointContainer#0-7] ERROR SimpleMessageListenerContainer - Failed to check/redeclare auto-delete queue(s).
26-04-20.17:07:42.957 [main            ] INFO  RaffleOrderTest        - Starting RaffleOrderTest using Java 1.8.0_202 on DESKTOP-RNEPHEV with PID 20456 (started by hp-pc in E:\project_java\big-market\big-market-app)
26-04-20.17:07:42.957 [main            ] INFO  RaffleOrderTest        - The following 1 profile is active: "dev"
26-04-20.17:07:43.731 [main            ] INFO  RepositoryConfigurationDelegate - Multiple Spring Data modules found, entering strict repository configuration mode
26-04-20.17:07:43.733 [main            ] INFO  RepositoryConfigurationDelegate - Bootstrapping Spring Data Redis repositories in DEFAULT mode.
26-04-20.17:07:43.759 [main            ] INFO  RepositoryConfigurationDelegate - Finished Spring Data repository scanning in 16 ms. Found 0 Redis repository interfaces.
26-04-20.17:07:45.050 [main            ] INFO  Version                - Redisson 3.23.4
26-04-20.17:07:45.434 [redisson-netty-2-4] INFO  MasterPubSubConnectionPool - 1 connections initialized for 36.151.145.207/36.151.145.207:16379
26-04-20.17:07:45.710 [redisson-netty-2-13] INFO  MasterConnectionPool   - 5 connections initialized for 36.151.145.207/36.151.145.207:16379
26-04-20.17:07:48.045 [main            ] INFO  EndpointLinksResolver  - Exposing 1 endpoint(s) beneath base path '/actuator'
26-04-20.17:07:48.118 [main            ] INFO  CachingConnectionFactory - Attempting to connect to: [36.151.145.207:5672]
26-04-20.17:08:09.154 [main            ] INFO  SimpleMessageListenerContainer - Broker not available; cannot force queue declarations during start: java.net.ConnectException: Connection timed out: connect
26-04-20.17:08:09.170 [org.springframework.amqp.rabbit.RabbitListenerEndpointContainer#0-1] INFO  CachingConnectionFactory - Attempting to connect to: [36.151.145.207:5672]
26-04-20.17:08:24.368 [org.springframework.amqp.rabbit.RabbitListenerEndpointContainer#0-1] INFO  CachingConnectionFactory - Created new connection: rabbitConnectionFactory#36211bbc:1/SimpleConnection@584e38ec [delegate=amqp://admin@36.151.145.207:5672/, localPort= 53781]
26-04-20.17:08:24.632 [main            ] INFO  RaffleOrderTest        - Started RaffleOrderTest in 42.093 seconds (JVM running for 42.684)
26-04-20.17:08:24.779 [main            ] INFO  HikariDataSource       - Retail_HikariCP - Starting...
26-04-20.17:08:25.004 [scheduling-1    ] INFO  UpdateAwardStockJob    - 定时任务，更新奖品消耗库存【延迟队列获取，降低对数据库的更新频次，不要产生竞争】
26-04-20.17:08:25.053 [scheduling-1    ] INFO  updateActivitySkuStockJob - 定时任务，更新活动sku库存【延迟队列获取，降低对数据库的更新频次，不要产生竞争】
26-04-20.17:08:25.360 [main            ] INFO  HikariDataSource       - Retail_HikariCP - Start completed.
26-04-20.17:08:25.728 [main            ] INFO  RaffleOrderTest        - 装配活动：true
26-04-20.17:08:25.841 [main            ] INFO  ActivityBaseActionChain - 活动责任链-基础信息【有效期、状态、库存(sku)】校验开始。sku:9011 activityId:100301
26-04-20.17:08:25.841 [main            ] INFO  ActivitySkuStockActionChain - 活动责任链-商品库存处理【有效期、状态、库存(sku)】开始。sku:9011 activityId:100301
26-04-20.17:08:25.907 [main            ] INFO  ActivitySkuStockActionChain - 活动责任链-商品库存处理【有效期、状态、库存(sku)】成功。sku:9011 activityId:100301
26-04-20.17:08:25.989 [main            ] INFO  HikariDataSource       - Retail_HikariCP - Starting...
26-04-20.17:08:26.415 [main            ] INFO  HikariDataSource       - Retail_HikariCP - Start completed.
26-04-20.17:08:26.655 [main            ] INFO  RaffleOrderTest        - 测试结果：390017632683
26-04-20.17:08:26.793 [main            ] INFO  ActivityBaseActionChain - 活动责任链-基础信息【有效期、状态、库存(sku)】校验开始。sku:9011 activityId:100301
26-04-20.17:08:26.793 [main            ] INFO  ActivitySkuStockActionChain - 活动责任链-商品库存处理【有效期、状态、库存(sku)】开始。sku:9011 activityId:100301
26-04-20.17:08:26.861 [main            ] INFO  ActivitySkuStockActionChain - 活动责任链-商品库存处理【有效期、状态、库存(sku)】成功。sku:9011 activityId:100301
26-04-20.17:08:27.130 [main            ] INFO  RaffleOrderTest        - 测试结果：139040074478
26-04-20.17:08:27.232 [main            ] INFO  ActivityBaseActionChain - 活动责任链-基础信息【有效期、状态、库存(sku)】校验开始。sku:9011 activityId:100301
26-04-20.17:08:27.232 [main            ] INFO  ActivitySkuStockActionChain - 活动责任链-商品库存处理【有效期、状态、库存(sku)】开始。sku:9011 activityId:100301
26-04-20.17:08:27.300 [main            ] INFO  ActivitySkuStockActionChain - 活动责任链-商品库存处理【有效期、状态、库存(sku)】成功。sku:9011 activityId:100301
26-04-20.17:08:27.564 [main            ] INFO  RaffleOrderTest        - 测试结果：109966353900
26-04-20.17:08:27.668 [main            ] INFO  ActivityBaseActionChain - 活动责任链-基础信息【有效期、状态、库存(sku)】校验开始。sku:9011 activityId:100301
26-04-20.17:08:27.668 [main            ] INFO  ActivitySkuStockActionChain - 活动责任链-商品库存处理【有效期、状态、库存(sku)】开始。sku:9011 activityId:100301
26-04-20.17:08:27.736 [main            ] INFO  ActivitySkuStockActionChain - 活动责任链-商品库存处理【有效期、状态、库存(sku)】成功。sku:9011 activityId:100301
26-04-20.17:08:28.004 [main            ] INFO  RaffleOrderTest        - 测试结果：180337076524
26-04-20.17:08:28.108 [main            ] INFO  ActivityBaseActionChain - 活动责任链-基础信息【有效期、状态、库存(sku)】校验开始。sku:9011 activityId:100301
26-04-20.17:08:28.108 [main            ] INFO  ActivitySkuStockActionChain - 活动责任链-商品库存处理【有效期、状态、库存(sku)】开始。sku:9011 activityId:100301
26-04-20.17:08:28.176 [main            ] INFO  ActivitySkuStockActionChain - 活动责任链-商品库存处理【有效期、状态、库存(sku)】成功。sku:9011 activityId:100301
26-04-20.17:08:28.489 [main            ] INFO  RaffleOrderTest        - 测试结果：687534590235
26-04-20.17:08:28.593 [main            ] INFO  ActivityBaseActionChain - 活动责任链-基础信息【有效期、状态、库存(sku)】校验开始。sku:9011 activityId:100301
26-04-20.17:08:28.593 [main            ] INFO  ActivitySkuStockActionChain - 活动责任链-商品库存处理【有效期、状态、库存(sku)】开始。sku:9011 activityId:100301
26-04-20.17:08:28.662 [main            ] INFO  ActivitySkuStockActionChain - 活动责任链-商品库存处理【有效期、状态、库存(sku)】成功。sku:9011 activityId:100301
26-04-20.17:08:28.928 [main            ] INFO  RaffleOrderTest        - 测试结果：526317622240
26-04-20.17:08:29.033 [main            ] INFO  ActivityBaseActionChain - 活动责任链-基础信息【有效期、状态、库存(sku)】校验开始。sku:9011 activityId:100301
26-04-20.17:08:29.033 [main            ] INFO  ActivitySkuStockActionChain - 活动责任链-商品库存处理【有效期、状态、库存(sku)】开始。sku:9011 activityId:100301
26-04-20.17:08:29.099 [main            ] INFO  ActivitySkuStockActionChain - 活动责任链-商品库存处理【有效期、状态、库存(sku)】成功。sku:9011 activityId:100301
26-04-20.17:08:29.375 [main            ] INFO  RaffleOrderTest        - 测试结果：725702973939
26-04-20.17:08:29.478 [main            ] INFO  ActivityBaseActionChain - 活动责任链-基础信息【有效期、状态、库存(sku)】校验开始。sku:9011 activityId:100301
26-04-20.17:08:29.478 [main            ] INFO  ActivitySkuStockActionChain - 活动责任链-商品库存处理【有效期、状态、库存(sku)】开始。sku:9011 activityId:100301
26-04-20.17:08:29.544 [main            ] INFO  ActivitySkuStockActionChain - 活动责任链-商品库存处理【有效期、状态、库存(sku)】成功。sku:9011 activityId:100301
26-04-20.17:08:29.810 [main            ] INFO  RaffleOrderTest        - 测试结果：418867497850
26-04-20.17:08:29.913 [main            ] INFO  ActivityBaseActionChain - 活动责任链-基础信息【有效期、状态、库存(sku)】校验开始。sku:9011 activityId:100301
26-04-20.17:08:29.913 [main            ] INFO  ActivitySkuStockActionChain - 活动责任链-商品库存处理【有效期、状态、库存(sku)】开始。sku:9011 activityId:100301
26-04-20.17:08:29.980 [main            ] INFO  ActivitySkuStockActionChain - 活动责任链-商品库存处理【有效期、状态、库存(sku)】成功。sku:9011 activityId:100301
26-04-20.17:08:30.012 [scheduling-1    ] INFO  updateActivitySkuStockJob - 定时任务，更新活动sku库存【延迟队列获取，降低对数据库的更新频次，不要产生竞争】
26-04-20.17:08:30.047 [scheduling-1    ] INFO  updateActivitySkuStockJob - 定时任务，更新活动sku库存 sku:9011 activityId:100301
26-04-20.17:08:30.123 [scheduling-1    ] INFO  UpdateAwardStockJob    - 定时任务，更新奖品消耗库存【延迟队列获取，降低对数据库的更新频次，不要产生竞争】
26-04-20.17:08:30.248 [main            ] INFO  RaffleOrderTest        - 测试结果：046916073893
26-04-20.17:08:30.353 [main            ] INFO  ActivityBaseActionChain - 活动责任链-基础信息【有效期、状态、库存(sku)】校验开始。sku:9011 activityId:100301
26-04-20.17:08:30.353 [main            ] INFO  ActivitySkuStockActionChain - 活动责任链-商品库存处理【有效期、状态、库存(sku)】开始。sku:9011 activityId:100301
26-04-20.17:08:30.420 [main            ] INFO  ActivitySkuStockActionChain - 活动责任链-商品库存处理【有效期、状态、库存(sku)】成功。sku:9011 activityId:100301
26-04-20.17:08:30.690 [main            ] INFO  RaffleOrderTest        - 测试结果：546220521556
26-04-20.17:08:30.791 [main            ] INFO  ActivityBaseActionChain - 活动责任链-基础信息【有效期、状态、库存(sku)】校验开始。sku:9011 activityId:100301
26-04-20.17:08:30.791 [main            ] INFO  ActivitySkuStockActionChain - 活动责任链-商品库存处理【有效期、状态、库存(sku)】开始。sku:9011 activityId:100301
26-04-20.17:08:30.858 [main            ] INFO  ActivitySkuStockActionChain - 活动责任链-商品库存处理【有效期、状态、库存(sku)】成功。sku:9011 activityId:100301
26-04-20.17:08:31.124 [main            ] INFO  RaffleOrderTest        - 测试结果：952679413761
26-04-20.17:08:31.224 [main            ] INFO  ActivityBaseActionChain - 活动责任链-基础信息【有效期、状态、库存(sku)】校验开始。sku:9011 activityId:100301
26-04-20.17:08:31.224 [main            ] INFO  ActivitySkuStockActionChain - 活动责任链-商品库存处理【有效期、状态、库存(sku)】开始。sku:9011 activityId:100301
26-04-20.17:08:31.297 [main            ] INFO  ActivitySkuStockActionChain - 活动责任链-商品库存处理【有效期、状态、库存(sku)】成功。sku:9011 activityId:100301
26-04-20.17:08:31.564 [main            ] INFO  RaffleOrderTest        - 测试结果：179058055726
26-04-20.17:08:31.667 [main            ] INFO  ActivityBaseActionChain - 活动责任链-基础信息【有效期、状态、库存(sku)】校验开始。sku:9011 activityId:100301
26-04-20.17:08:31.667 [main            ] INFO  ActivitySkuStockActionChain - 活动责任链-商品库存处理【有效期、状态、库存(sku)】开始。sku:9011 activityId:100301
26-04-20.17:08:31.731 [main            ] INFO  ActivitySkuStockActionChain - 活动责任链-商品库存处理【有效期、状态、库存(sku)】成功。sku:9011 activityId:100301
26-04-20.17:08:32.000 [main            ] INFO  RaffleOrderTest        - 测试结果：215721583546
26-04-20.17:08:32.105 [main            ] INFO  ActivityBaseActionChain - 活动责任链-基础信息【有效期、状态、库存(sku)】校验开始。sku:9011 activityId:100301
26-04-20.17:08:32.105 [main            ] INFO  ActivitySkuStockActionChain - 活动责任链-商品库存处理【有效期、状态、库存(sku)】开始。sku:9011 activityId:100301
26-04-20.17:08:32.178 [main            ] INFO  ActivitySkuStockActionChain - 活动责任链-商品库存处理【有效期、状态、库存(sku)】成功。sku:9011 activityId:100301
26-04-20.17:08:32.442 [main            ] INFO  RaffleOrderTest        - 测试结果：533205026738
26-04-20.17:08:32.545 [main            ] INFO  ActivityBaseActionChain - 活动责任链-基础信息【有效期、状态、库存(sku)】校验开始。sku:9011 activityId:100301
26-04-20.17:08:32.545 [main            ] INFO  ActivitySkuStockActionChain - 活动责任链-商品库存处理【有效期、状态、库存(sku)】开始。sku:9011 activityId:100301
26-04-20.17:08:32.610 [main            ] INFO  ActivitySkuStockActionChain - 活动责任链-商品库存处理【有效期、状态、库存(sku)】成功。sku:9011 activityId:100301
26-04-20.17:08:32.873 [main            ] INFO  RaffleOrderTest        - 测试结果：027210952210
26-04-20.17:08:32.976 [main            ] INFO  ActivityBaseActionChain - 活动责任链-基础信息【有效期、状态、库存(sku)】校验开始。sku:9011 activityId:100301
26-04-20.17:08:32.976 [main            ] INFO  ActivitySkuStockActionChain - 活动责任链-商品库存处理【有效期、状态、库存(sku)】开始。sku:9011 activityId:100301
26-04-20.17:08:33.042 [main            ] INFO  ActivitySkuStockActionChain - 活动责任链-商品库存处理【有效期、状态、库存(sku)】成功。sku:9011 activityId:100301
26-04-20.17:08:33.318 [main            ] INFO  RaffleOrderTest        - 测试结果：945723980454
26-04-20.17:08:33.420 [main            ] INFO  ActivityBaseActionChain - 活动责任链-基础信息【有效期、状态、库存(sku)】校验开始。sku:9011 activityId:100301
26-04-20.17:08:33.420 [main            ] INFO  ActivitySkuStockActionChain - 活动责任链-商品库存处理【有效期、状态、库存(sku)】开始。sku:9011 activityId:100301
26-04-20.17:08:33.489 [main            ] INFO  ActivitySkuStockActionChain - 活动责任链-商品库存处理【有效期、状态、库存(sku)】成功。sku:9011 activityId:100301
26-04-20.17:08:33.759 [main            ] INFO  RaffleOrderTest        - 测试结果：646554979953
26-04-20.17:08:33.863 [main            ] INFO  ActivityBaseActionChain - 活动责任链-基础信息【有效期、状态、库存(sku)】校验开始。sku:9011 activityId:100301
26-04-20.17:08:33.863 [main            ] INFO  ActivitySkuStockActionChain - 活动责任链-商品库存处理【有效期、状态、库存(sku)】开始。sku:9011 activityId:100301
26-04-20.17:08:33.929 [main            ] INFO  ActivitySkuStockActionChain - 活动责任链-商品库存处理【有效期、状态、库存(sku)】成功。sku:9011 activityId:100301
26-04-20.17:08:34.196 [main            ] INFO  RaffleOrderTest        - 测试结果：088004087638
26-04-20.17:08:34.298 [main            ] INFO  ActivityBaseActionChain - 活动责任链-基础信息【有效期、状态、库存(sku)】校验开始。sku:9011 activityId:100301
26-04-20.17:08:34.298 [main            ] INFO  ActivitySkuStockActionChain - 活动责任链-商品库存处理【有效期、状态、库存(sku)】开始。sku:9011 activityId:100301
26-04-20.17:08:34.365 [main            ] INFO  ActivitySkuStockActionChain - 活动责任链-商品库存处理【有效期、状态、库存(sku)】成功。sku:9011 activityId:100301
26-04-20.17:08:34.637 [main            ] INFO  RaffleOrderTest        - 测试结果：843561168643
26-04-20.17:08:34.743 [main            ] INFO  ActivityBaseActionChain - 活动责任链-基础信息【有效期、状态、库存(sku)】校验开始。sku:9011 activityId:100301
26-04-20.17:08:34.743 [main            ] INFO  ActivitySkuStockActionChain - 活动责任链-商品库存处理【有效期、状态、库存(sku)】开始。sku:9011 activityId:100301
26-04-20.17:08:34.945 [main            ] INFO  EventPublisher         - 发送MQ消息 topic:activity_sku_stock_zero message:{"data":9011,"id":"19883482479","timestamp":1776676114775}
26-04-20.17:08:34.981 [main            ] INFO  ActivitySkuStockActionChain - 活动责任链-商品库存处理【有效期、状态、库存(sku)】成功。sku:9011 activityId:100301
26-04-20.17:08:34.986 [org.springframework.amqp.rabbit.RabbitListenerEndpointContainer#0-1] INFO  ActivitySkuStockZeroCustomer - 监听活动sku库存消耗为0消息 topic: activity_sku_stock_zero message: {"data":9011,"id":"19883482479","timestamp":1776676114775}
26-04-20.17:08:35.015 [scheduling-1    ] INFO  updateActivitySkuStockJob - 定时任务，更新活动sku库存【延迟队列获取，降低对数据库的更新频次，不要产生竞争】
26-04-20.17:08:35.050 [scheduling-1    ] INFO  updateActivitySkuStockJob - 定时任务，更新活动sku库存 sku:9011 activityId:100301
26-04-20.17:08:35.150 [scheduling-1    ] INFO  UpdateAwardStockJob    - 定时任务，更新奖品消耗库存【延迟队列获取，降低对数据库的更新频次，不要产生竞争】
26-04-20.17:08:35.250 [main            ] INFO  RaffleOrderTest        - 测试结果：007154271996
26-04-20.17:08:40.010 [scheduling-1    ] INFO  updateActivitySkuStockJob - 定时任务，更新活动sku库存【延迟队列获取，降低对数据库的更新频次，不要产生竞争】
26-04-20.17:08:40.045 [scheduling-1    ] INFO  updateActivitySkuStockJob - 定时任务，更新活动sku库存 sku:9011 activityId:100301
26-04-20.17:08:40.144 [scheduling-1    ] INFO  UpdateAwardStockJob    - 定时任务，更新奖品消耗库存【延迟队列获取，降低对数据库的更新频次，不要产生竞争】
26-04-20.17:08:45.007 [scheduling-1    ] INFO  UpdateAwardStockJob    - 定时任务，更新奖品消耗库存【延迟队列获取，降低对数据库的更新频次，不要产生竞争】
26-04-20.17:08:45.039 [scheduling-1    ] INFO  updateActivitySkuStockJob - 定时任务，更新活动sku库存【延迟队列获取，降低对数据库的更新频次，不要产生竞争】
26-04-20.17:08:45.074 [scheduling-1    ] INFO  updateActivitySkuStockJob - 定时任务，更新活动sku库存 sku:9011 activityId:100301
26-04-20.17:08:50.002 [scheduling-1    ] INFO  UpdateAwardStockJob    - 定时任务，更新奖品消耗库存【延迟队列获取，降低对数据库的更新频次，不要产生竞争】
26-04-20.17:08:50.036 [scheduling-1    ] INFO  updateActivitySkuStockJob - 定时任务，更新活动sku库存【延迟队列获取，降低对数据库的更新频次，不要产生竞争】
26-04-20.17:08:50.070 [scheduling-1    ] INFO  updateActivitySkuStockJob - 定时任务，更新活动sku库存 sku:9011 activityId:100301
26-04-20.17:08:55.003 [scheduling-1    ] INFO  UpdateAwardStockJob    - 定时任务，更新奖品消耗库存【延迟队列获取，降低对数据库的更新频次，不要产生竞争】
26-04-20.17:08:55.036 [scheduling-1    ] INFO  updateActivitySkuStockJob - 定时任务，更新活动sku库存【延迟队列获取，降低对数据库的更新频次，不要产生竞争】
26-04-20.17:08:55.069 [scheduling-1    ] INFO  updateActivitySkuStockJob - 定时任务，更新活动sku库存 sku:9011 activityId:100301
26-04-20.17:09:00.010 [scheduling-1    ] INFO  UpdateAwardStockJob    - 定时任务，更新奖品消耗库存【延迟队列获取，降低对数据库的更新频次，不要产生竞争】
26-04-20.17:09:00.046 [scheduling-1    ] INFO  updateActivitySkuStockJob - 定时任务，更新活动sku库存【延迟队列获取，降低对数据库的更新频次，不要产生竞争】
26-04-20.17:09:00.080 [scheduling-1    ] INFO  updateActivitySkuStockJob - 定时任务，更新活动sku库存 sku:9011 activityId:100301
26-04-20.17:09:05.003 [scheduling-1    ] INFO  updateActivitySkuStockJob - 定时任务，更新活动sku库存【延迟队列获取，降低对数据库的更新频次，不要产生竞争】
26-04-20.17:09:05.038 [scheduling-1    ] INFO  updateActivitySkuStockJob - 定时任务，更新活动sku库存 sku:9011 activityId:100301
26-04-20.17:09:05.137 [scheduling-1    ] INFO  UpdateAwardStockJob    - 定时任务，更新奖品消耗库存【延迟队列获取，降低对数据库的更新频次，不要产生竞争】
26-04-20.17:09:10.005 [scheduling-1    ] INFO  updateActivitySkuStockJob - 定时任务，更新活动sku库存【延迟队列获取，降低对数据库的更新频次，不要产生竞争】
26-04-20.17:09:10.039 [scheduling-1    ] INFO  updateActivitySkuStockJob - 定时任务，更新活动sku库存 sku:9011 activityId:100301
26-04-20.17:09:10.136 [scheduling-1    ] INFO  UpdateAwardStockJob    - 定时任务，更新奖品消耗库存【延迟队列获取，降低对数据库的更新频次，不要产生竞争】
26-04-20.17:09:15.012 [scheduling-1    ] INFO  UpdateAwardStockJob    - 定时任务，更新奖品消耗库存【延迟队列获取，降低对数据库的更新频次，不要产生竞争】
26-04-20.17:09:15.045 [scheduling-1    ] INFO  updateActivitySkuStockJob - 定时任务，更新活动sku库存【延迟队列获取，降低对数据库的更新频次，不要产生竞争】
26-04-20.17:09:20.013 [scheduling-1    ] INFO  updateActivitySkuStockJob - 定时任务，更新活动sku库存【延迟队列获取，降低对数据库的更新频次，不要产生竞争】
26-04-20.17:09:20.046 [scheduling-1    ] INFO  UpdateAwardStockJob    - 定时任务，更新奖品消耗库存【延迟队列获取，降低对数据库的更新频次，不要产生竞争】
26-04-20.17:09:25.007 [scheduling-1    ] INFO  updateActivitySkuStockJob - 定时任务，更新活动sku库存【延迟队列获取，降低对数据库的更新频次，不要产生竞争】
26-04-20.17:09:25.042 [scheduling-1    ] INFO  UpdateAwardStockJob    - 定时任务，更新奖品消耗库存【延迟队列获取，降低对数据库的更新频次，不要产生竞争】
26-04-20.17:09:30.008 [scheduling-1    ] INFO  updateActivitySkuStockJob - 定时任务，更新活动sku库存【延迟队列获取，降低对数据库的更新频次，不要产生竞争】
26-04-20.17:09:30.043 [scheduling-1    ] INFO  UpdateAwardStockJob    - 定时任务，更新奖品消耗库存【延迟队列获取，降低对数据库的更新频次，不要产生竞争】
26-04-20.17:09:35.009 [scheduling-1    ] INFO  updateActivitySkuStockJob - 定时任务，更新活动sku库存【延迟队列获取，降低对数据库的更新频次，不要产生竞争】
26-04-20.17:09:35.043 [scheduling-1    ] INFO  UpdateAwardStockJob    - 定时任务，更新奖品消耗库存【延迟队列获取，降低对数据库的更新频次，不要产生竞争】
26-04-20.17:09:40.005 [scheduling-1    ] INFO  UpdateAwardStockJob    - 定时任务，更新奖品消耗库存【延迟队列获取，降低对数据库的更新频次，不要产生竞争】
26-04-20.17:09:40.040 [scheduling-1    ] INFO  updateActivitySkuStockJob - 定时任务，更新活动sku库存【延迟队列获取，降低对数据库的更新频次，不要产生竞争】
26-04-20.17:09:45.003 [scheduling-1    ] INFO  updateActivitySkuStockJob - 定时任务，更新活动sku库存【延迟队列获取，降低对数据库的更新频次，不要产生竞争】
26-04-20.17:09:45.036 [scheduling-1    ] INFO  UpdateAwardStockJob    - 定时任务，更新奖品消耗库存【延迟队列获取，降低对数据库的更新频次，不要产生竞争】
26-04-20.17:09:46.644 [org.springframework.amqp.rabbit.RabbitListenerEndpointContainer#0-2] INFO  SimpleMessageListenerContainer - Waiting for workers to finish.
26-04-20.17:09:46.774 [org.springframework.amqp.rabbit.RabbitListenerEndpointContainer#0-2] INFO  SimpleMessageListenerContainer - Successfully waited for workers to finish.
26-04-20.17:09:46.776 [SpringApplicationShutdownHook] INFO  SimpleMessageListenerContainer - Shutdown ignored - container is already stopped
26-04-20.17:10:13.769 [main            ] INFO  RaffleOrderTest        - Starting RaffleOrderTest using Java 1.8.0_202 on DESKTOP-RNEPHEV with PID 30376 (started by hp-pc in E:\project_java\big-market\big-market-app)
26-04-20.17:10:13.770 [main            ] INFO  RaffleOrderTest        - The following 1 profile is active: "dev"
26-04-20.17:10:14.463 [main            ] INFO  RepositoryConfigurationDelegate - Multiple Spring Data modules found, entering strict repository configuration mode
26-04-20.17:10:14.465 [main            ] INFO  RepositoryConfigurationDelegate - Bootstrapping Spring Data Redis repositories in DEFAULT mode.
26-04-20.17:10:14.489 [main            ] INFO  RepositoryConfigurationDelegate - Finished Spring Data repository scanning in 13 ms. Found 0 Redis repository interfaces.
26-04-20.17:10:15.792 [main            ] INFO  Version                - Redisson 3.23.4
26-04-20.17:10:16.260 [redisson-netty-2-4] INFO  MasterPubSubConnectionPool - 1 connections initialized for 36.151.145.207/36.151.145.207:16379
26-04-20.17:10:16.527 [redisson-netty-2-13] INFO  MasterConnectionPool   - 5 connections initialized for 36.151.145.207/36.151.145.207:16379
26-04-20.17:10:18.881 [main            ] INFO  EndpointLinksResolver  - Exposing 1 endpoint(s) beneath base path '/actuator'
26-04-20.17:10:18.960 [main            ] INFO  CachingConnectionFactory - Attempting to connect to: [36.151.145.207:5672]
26-04-20.17:10:19.146 [main            ] INFO  CachingConnectionFactory - Created new connection: rabbitConnectionFactory#36211bbc:0/SimpleConnection@1c62d2ad [delegate=amqp://admin@36.151.145.207:5672/, localPort= 54029]
26-04-20.17:10:19.402 [main            ] INFO  RaffleOrderTest        - Started RaffleOrderTest in 5.958 seconds (JVM running for 6.531)
26-04-20.17:10:19.563 [main            ] INFO  HikariDataSource       - Retail_HikariCP - Starting...
26-04-20.17:10:20.015 [scheduling-1    ] INFO  UpdateAwardStockJob    - 定时任务，更新奖品消耗库存【延迟队列获取，降低对数据库的更新频次，不要产生竞争】
26-04-20.17:10:20.066 [scheduling-1    ] INFO  updateActivitySkuStockJob - 定时任务，更新活动sku库存【延迟队列获取，降低对数据库的更新频次，不要产生竞争】
26-04-20.17:10:21.131 [main            ] INFO  HikariDataSource       - Retail_HikariCP - Start completed.
26-04-20.17:10:21.314 [main            ] INFO  RaffleOrderTest        - 装配活动：true
26-04-20.17:10:21.429 [main            ] INFO  ActivityBaseActionChain - 活动责任链-基础信息【有效期、状态、库存(sku)】校验开始。sku:9011 activityId:100301
26-04-20.17:10:21.429 [main            ] INFO  ActivitySkuStockActionChain - 活动责任链-商品库存处理【有效期、状态、库存(sku)】开始。sku:9011 activityId:100301
26-04-20.17:10:21.549 [org.springframework.amqp.rabbit.RabbitListenerEndpointContainer#0-2] INFO  SimpleMessageListenerContainer - Waiting for workers to finish.
26-04-20.17:10:22.448 [org.springframework.amqp.rabbit.RabbitListenerEndpointContainer#0-2] INFO  SimpleMessageListenerContainer - Successfully waited for workers to finish.
26-04-20.17:10:22.451 [SpringApplicationShutdownHook] INFO  SimpleMessageListenerContainer - Shutdown ignored - container is already stopped
26-04-20.17:11:12.466 [main            ] INFO  RaffleOrderTest        - Starting RaffleOrderTest using Java 1.8.0_202 on DESKTOP-RNEPHEV with PID 24920 (started by hp-pc in E:\project_java\big-market\big-market-app)
26-04-20.17:11:12.467 [main            ] INFO  RaffleOrderTest        - The following 1 profile is active: "dev"
26-04-20.17:11:13.131 [main            ] INFO  RepositoryConfigurationDelegate - Multiple Spring Data modules found, entering strict repository configuration mode
26-04-20.17:11:13.133 [main            ] INFO  RepositoryConfigurationDelegate - Bootstrapping Spring Data Redis repositories in DEFAULT mode.
26-04-20.17:11:13.158 [main            ] INFO  RepositoryConfigurationDelegate - Finished Spring Data repository scanning in 14 ms. Found 0 Redis repository interfaces.
26-04-20.17:11:14.266 [main            ] INFO  Version                - Redisson 3.23.4
26-04-20.17:11:14.618 [redisson-netty-2-4] INFO  MasterPubSubConnectionPool - 1 connections initialized for 36.151.145.207/36.151.145.207:16379
26-04-20.17:11:14.884 [redisson-netty-2-13] INFO  MasterConnectionPool   - 5 connections initialized for 36.151.145.207/36.151.145.207:16379
26-04-20.17:11:17.026 [main            ] INFO  EndpointLinksResolver  - Exposing 1 endpoint(s) beneath base path '/actuator'
26-04-20.17:11:17.146 [main            ] INFO  CachingConnectionFactory - Attempting to connect to: [36.151.145.207:5672]
26-04-20.17:11:17.330 [main            ] INFO  CachingConnectionFactory - Created new connection: rabbitConnectionFactory#36211bbc:0/SimpleConnection@1c62d2ad [delegate=amqp://admin@36.151.145.207:5672/, localPort= 54961]
26-04-20.17:11:17.570 [main            ] INFO  RaffleOrderTest        - Started RaffleOrderTest in 5.434 seconds (JVM running for 6.011)
26-04-20.17:11:17.720 [main            ] INFO  HikariDataSource       - Retail_HikariCP - Starting...
26-04-20.17:11:18.269 [main            ] INFO  HikariDataSource       - Retail_HikariCP - Start completed.
26-04-20.17:11:18.638 [main            ] INFO  RaffleOrderTest        - 装配活动：true
26-04-20.17:11:18.749 [main            ] INFO  ActivityBaseActionChain - 活动责任链-基础信息【有效期、状态、库存(sku)】校验开始。sku:9011 activityId:100301
26-04-20.17:11:18.749 [main            ] INFO  ActivitySkuStockActionChain - 活动责任链-商品库存处理【有效期、状态、库存(sku)】开始。sku:9011 activityId:100301
26-04-20.17:11:18.814 [main            ] INFO  ActivitySkuStockActionChain - 活动责任链-商品库存处理【有效期、状态、库存(sku)】成功。sku:9011 activityId:100301
26-04-20.17:11:18.905 [main            ] INFO  HikariDataSource       - Retail_HikariCP - Starting...
26-04-20.17:11:20.010 [scheduling-1    ] INFO  UpdateAwardStockJob    - 定时任务，更新奖品消耗库存【延迟队列获取，降低对数据库的更新频次，不要产生竞争】
26-04-20.17:11:20.049 [scheduling-1    ] INFO  updateActivitySkuStockJob - 定时任务，更新活动sku库存【延迟队列获取，降低对数据库的更新频次，不要产生竞争】
26-04-20.17:11:20.327 [main            ] INFO  HikariDataSource       - Retail_HikariCP - Start completed.
26-04-20.17:11:20.464 [main            ] ERROR ActivityRepository     - 写入订单记录，唯一索引冲突 userId: xiaofuge activityId: 100301 sku: 9011
org.springframework.dao.DuplicateKeyException: 
### Error updating database.  Cause: java.sql.SQLIntegrityConstraintViolationException: Duplicate entry '700091009111' for key 'raffle_activity_order_001.uq_out_business_no'
### The error may exist in file [E:\project_java\big-market\big-market-app\target\classes\mybatis\mapper\raffle_activity_order_mapper.xml]
### The error may involve cn.gzy.infrastructure.persistent.dao.IRaffleActivityOrderDao.insert-Inline
### The error occurred while setting parameters
### SQL: insert into raffle_activity_order_001         (user_id, sku, activity_id, activity_name, strategy_id, order_id, order_time, state, out_business_no, total_count, day_count, month_count,          create_time, update_time)         values             (?, ?, ?, ?, ?, ?, ?, ?, ?, ?, ?, ?,              now(), now())
### Cause: java.sql.SQLIntegrityConstraintViolationException: Duplicate entry '700091009111' for key 'raffle_activity_order_001.uq_out_business_no'
; Duplicate entry '700091009111' for key 'raffle_activity_order_001.uq_out_business_no'; nested exception is java.sql.SQLIntegrityConstraintViolationException: Duplicate entry '700091009111' for key 'raffle_activity_order_001.uq_out_business_no'
	at org.springframework.jdbc.support.SQLErrorCodeSQLExceptionTranslator.doTranslate(SQLErrorCodeSQLExceptionTranslator.java:247)
	at org.springframework.jdbc.support.AbstractFallbackSQLExceptionTranslator.translate(AbstractFallbackSQLExceptionTranslator.java:70)
	at org.mybatis.spring.MyBatisExceptionTranslator.translateExceptionIfPossible(MyBatisExceptionTranslator.java:91)
	at org.mybatis.spring.SqlSessionTemplate$SqlSessionInterceptor.invoke(SqlSessionTemplate.java:441)
	at com.sun.proxy.$Proxy107.insert(Unknown Source)
	at org.mybatis.spring.SqlSessionTemplate.insert(SqlSessionTemplate.java:272)
	at org.apache.ibatis.binding.MapperMethod.execute(MapperMethod.java:62)
	at org.apache.ibatis.binding.MapperProxy$PlainMethodInvoker.invoke(MapperProxy.java:152)
	at org.apache.ibatis.binding.MapperProxy.invoke(MapperProxy.java:85)
	at com.sun.proxy.$Proxy120.insert(Unknown Source)
	at sun.reflect.NativeMethodAccessorImpl.invoke0(Native Method)
	at sun.reflect.NativeMethodAccessorImpl.invoke(NativeMethodAccessorImpl.java:62)
	at sun.reflect.DelegatingMethodAccessorImpl.invoke(DelegatingMethodAccessorImpl.java:43)
	at java.lang.reflect.Method.invoke(Method.java:498)
	at org.springframework.aop.support.AopUtils.invokeJoinpointUsingReflection(AopUtils.java:344)
	at org.springframework.aop.framework.ReflectiveMethodInvocation.invokeJoinpoint(ReflectiveMethodInvocation.java:198)
	at org.springframework.aop.framework.ReflectiveMethodInvocation.proceed(ReflectiveMethodInvocation.java:163)
	at org.springframework.aop.aspectj.MethodInvocationProceedingJoinPoint.proceed(MethodInvocationProceedingJoinPoint.java:89)
	at cn.bugstack.middleware.db.router.DBRouterJoinPoint.doRouter(DBRouterJoinPoint.java:65)
	at sun.reflect.NativeMethodAccessorImpl.invoke0(Native Method)
	at sun.reflect.NativeMethodAccessorImpl.invoke(NativeMethodAccessorImpl.java:62)
	at sun.reflect.DelegatingMethodAccessorImpl.invoke(DelegatingMethodAccessorImpl.java:43)
	at java.lang.reflect.Method.invoke(Method.java:498)
	at org.springframework.aop.aspectj.AbstractAspectJAdvice.invokeAdviceMethodWithGivenArgs(AbstractAspectJAdvice.java:634)
	at org.springframework.aop.aspectj.AbstractAspectJAdvice.invokeAdviceMethod(AbstractAspectJAdvice.java:624)
	at org.springframework.aop.aspectj.AspectJAroundAdvice.invoke(AspectJAroundAdvice.java:72)
	at org.springframework.aop.framework.ReflectiveMethodInvocation.proceed(ReflectiveMethodInvocation.java:175)
	at org.springframework.aop.interceptor.ExposeInvocationInterceptor.invoke(ExposeInvocationInterceptor.java:97)
	at org.springframework.aop.framework.ReflectiveMethodInvocation.proceed(ReflectiveMethodInvocation.java:186)
	at org.springframework.aop.framework.JdkDynamicAopProxy.invoke(JdkDynamicAopProxy.java:220)
	at com.sun.proxy.$Proxy121.insert(Unknown Source)
	at cn.gzy.infrastructure.persistent.repository.ActivityRepository.lambda$doSaveOrder$0(ActivityRepository.java:152)
	at org.springframework.transaction.support.TransactionTemplate.execute(TransactionTemplate.java:140)
	at cn.gzy.infrastructure.persistent.repository.ActivityRepository.doSaveOrder(ActivityRepository.java:149)
	at cn.gzy.infrastructure.persistent.repository.ActivityRepository$$FastClassBySpringCGLIB$$9abb50c6.invoke(<generated>)
	at org.springframework.cglib.proxy.MethodProxy.invoke(MethodProxy.java:218)
	at org.springframework.aop.framework.CglibAopProxy$CglibMethodInvocation.invokeJoinpoint(CglibAopProxy.java:793)
	at org.springframework.aop.framework.ReflectiveMethodInvocation.proceed(ReflectiveMethodInvocation.java:163)
	at org.springframework.aop.framework.CglibAopProxy$CglibMethodInvocation.proceed(CglibAopProxy.java:763)
	at org.springframework.dao.support.PersistenceExceptionTranslationInterceptor.invoke(PersistenceExceptionTranslationInterceptor.java:137)
	at org.springframework.aop.framework.ReflectiveMethodInvocation.proceed(ReflectiveMethodInvocation.java:186)
	at org.springframework.aop.framework.CglibAopProxy$CglibMethodInvocation.proceed(CglibAopProxy.java:763)
	at org.springframework.aop.framework.CglibAopProxy$DynamicAdvisedInterceptor.intercept(CglibAopProxy.java:708)
	at cn.gzy.infrastructure.persistent.repository.ActivityRepository$$EnhancerBySpringCGLIB$$55aaaf98.doSaveOrder(<generated>)
	at cn.gzy.domain.activity.service.RaffleActivityService.doSaveOrder(RaffleActivityService.java:57)
	at cn.gzy.domain.activity.service.AbstractRaffleActivity.createSkuRechargeOrder(AbstractRaffleActivity.java:51)
	at cn.gzy.test.domain.activity.RaffleOrderTest.test_createSkuRechargeOrder_duplicate(RaffleOrderTest.java:45)
	at sun.reflect.NativeMethodAccessorImpl.invoke0(Native Method)
	at sun.reflect.NativeMethodAccessorImpl.invoke(NativeMethodAccessorImpl.java:62)
	at sun.reflect.DelegatingMethodAccessorImpl.invoke(DelegatingMethodAccessorImpl.java:43)
	at java.lang.reflect.Method.invoke(Method.java:498)
	at org.junit.runners.model.FrameworkMethod$1.runReflectiveCall(FrameworkMethod.java:59)
	at org.junit.internal.runners.model.ReflectiveCallable.run(ReflectiveCallable.java:12)
	at org.junit.runners.model.FrameworkMethod.invokeExplosively(FrameworkMethod.java:56)
	at org.junit.internal.runners.statements.InvokeMethod.evaluate(InvokeMethod.java:17)
	at org.springframework.test.context.junit4.statements.RunBeforeTestExecutionCallbacks.evaluate(RunBeforeTestExecutionCallbacks.java:74)
	at org.springframework.test.context.junit4.statements.RunAfterTestExecutionCallbacks.evaluate(RunAfterTestExecutionCallbacks.java:84)
	at org.junit.internal.runners.statements.RunBefores.evaluate(RunBefores.java:26)
	at org.springframework.test.context.junit4.statements.RunBeforeTestMethodCallbacks.evaluate(RunBeforeTestMethodCallbacks.java:75)
	at org.springframework.test.context.junit4.statements.RunAfterTestMethodCallbacks.evaluate(RunAfterTestMethodCallbacks.java:86)
	at org.springframework.test.context.junit4.statements.SpringRepeat.evaluate(SpringRepeat.java:84)
	at org.junit.runners.ParentRunner.runLeaf(ParentRunner.java:366)
	at org.springframework.test.context.junit4.SpringJUnit4ClassRunner.runChild(SpringJUnit4ClassRunner.java:251)
	at org.springframework.test.context.junit4.SpringJUnit4ClassRunner.runChild(SpringJUnit4ClassRunner.java:97)
	at org.junit.runners.ParentRunner$4.run(ParentRunner.java:331)
	at org.junit.runners.ParentRunner$1.schedule(ParentRunner.java:79)
	at org.junit.runners.ParentRunner.runChildren(ParentRunner.java:329)
	at org.junit.runners.ParentRunner.access$100(ParentRunner.java:66)
	at org.junit.runners.ParentRunner$2.evaluate(ParentRunner.java:293)
	at org.springframework.test.context.junit4.statements.RunBeforeTestClassCallbacks.evaluate(RunBeforeTestClassCallbacks.java:61)
	at org.springframework.test.context.junit4.statements.RunAfterTestClassCallbacks.evaluate(RunAfterTestClassCallbacks.java:70)
	at org.junit.runners.ParentRunner$3.evaluate(ParentRunner.java:306)
	at org.junit.runners.ParentRunner.run(ParentRunner.java:413)
	at org.springframework.test.context.junit4.SpringJUnit4ClassRunner.run(SpringJUnit4ClassRunner.java:190)
	at org.junit.runner.JUnitCore.run(JUnitCore.java:137)
	at com.intellij.junit4.JUnit4IdeaTestRunner.startRunnerWithArgs(JUnit4IdeaTestRunner.java:69)
	at com.intellij.rt.junit.IdeaTestRunner$Repeater$1.execute(IdeaTestRunner.java:38)
	at com.intellij.rt.execution.junit.TestsRepeater.repeat(TestsRepeater.java:11)
	at com.intellij.rt.junit.IdeaTestRunner$Repeater.startRunnerWithArgs(IdeaTestRunner.java:35)
	at com.intellij.rt.junit.JUnitStarter.prepareStreamsAndStart(JUnitStarter.java:232)
	at com.intellij.rt.junit.JUnitStarter.main(JUnitStarter.java:55)
Caused by: java.sql.SQLIntegrityConstraintViolationException: Duplicate entry '700091009111' for key 'raffle_activity_order_001.uq_out_business_no'
	at com.mysql.cj.jdbc.exceptions.SQLError.createSQLException(SQLError.java:117)
	at com.mysql.cj.jdbc.exceptions.SQLError.createSQLException(SQLError.java:97)
	at com.mysql.cj.jdbc.exceptions.SQLExceptionsMapping.translateException(SQLExceptionsMapping.java:122)
	at com.mysql.cj.jdbc.ClientPreparedStatement.executeInternal(ClientPreparedStatement.java:953)
	at com.mysql.cj.jdbc.ClientPreparedStatement.execute(ClientPreparedStatement.java:370)
	at com.zaxxer.hikari.pool.ProxyPreparedStatement.execute(ProxyPreparedStatement.java:44)
	at com.zaxxer.hikari.pool.HikariProxyPreparedStatement.execute(HikariProxyPreparedStatement.java)
	at org.apache.ibatis.executor.statement.PreparedStatementHandler.update(PreparedStatementHandler.java:47)
	at org.apache.ibatis.executor.statement.RoutingStatementHandler.update(RoutingStatementHandler.java:74)
	at sun.reflect.NativeMethodAccessorImpl.invoke0(Native Method)
	at sun.reflect.NativeMethodAccessorImpl.invoke(NativeMethodAccessorImpl.java:62)
	at sun.reflect.DelegatingMethodAccessorImpl.invoke(DelegatingMethodAccessorImpl.java:43)
	at java.lang.reflect.Method.invoke(Method.java:498)
	at org.apache.ibatis.plugin.Plugin.invoke(Plugin.java:63)
	at com.sun.proxy.$Proxy193.update(Unknown Source)
	at org.apache.ibatis.executor.SimpleExecutor.doUpdate(SimpleExecutor.java:50)
	at org.apache.ibatis.executor.BaseExecutor.update(BaseExecutor.java:117)
	at org.apache.ibatis.executor.CachingExecutor.update(CachingExecutor.java:76)
	at org.apache.ibatis.session.defaults.DefaultSqlSession.update(DefaultSqlSession.java:197)
	at org.apache.ibatis.session.defaults.DefaultSqlSession.insert(DefaultSqlSession.java:184)
	at sun.reflect.NativeMethodAccessorImpl.invoke0(Native Method)
	at sun.reflect.NativeMethodAccessorImpl.invoke(NativeMethodAccessorImpl.java:62)
	at sun.reflect.DelegatingMethodAccessorImpl.invoke(DelegatingMethodAccessorImpl.java:43)
	at java.lang.reflect.Method.invoke(Method.java:498)
	at org.mybatis.spring.SqlSessionTemplate$SqlSessionInterceptor.invoke(SqlSessionTemplate.java:427)
	... 77 common frames omitted
26-04-20.17:11:20.581 [org.springframework.amqp.rabbit.RabbitListenerEndpointContainer#0-2] INFO  SimpleMessageListenerContainer - Waiting for workers to finish.
26-04-20.17:11:20.617 [org.springframework.amqp.rabbit.RabbitListenerEndpointContainer#0-2] INFO  SimpleMessageListenerContainer - Successfully waited for workers to finish.
26-04-20.17:11:20.619 [SpringApplicationShutdownHook] INFO  SimpleMessageListenerContainer - Shutdown ignored - container is already stopped
26-04-20.17:12:02.677 [main            ] INFO  RaffleOrderTest        - Starting RaffleOrderTest using Java 1.8.0_202 on DESKTOP-RNEPHEV with PID 20628 (started by hp-pc in E:\project_java\big-market\big-market-app)
26-04-20.17:12:02.677 [main            ] INFO  RaffleOrderTest        - The following 1 profile is active: "dev"
26-04-20.17:12:03.339 [main            ] INFO  RepositoryConfigurationDelegate - Multiple Spring Data modules found, entering strict repository configuration mode
26-04-20.17:12:03.342 [main            ] INFO  RepositoryConfigurationDelegate - Bootstrapping Spring Data Redis repositories in DEFAULT mode.
26-04-20.17:12:03.362 [main            ] INFO  RepositoryConfigurationDelegate - Finished Spring Data repository scanning in 12 ms. Found 0 Redis repository interfaces.
26-04-20.17:12:04.461 [main            ] INFO  Version                - Redisson 3.23.4
26-04-20.17:12:04.793 [redisson-netty-2-4] INFO  MasterPubSubConnectionPool - 1 connections initialized for 36.151.145.207/36.151.145.207:16379
26-04-20.17:12:05.082 [redisson-netty-2-13] INFO  MasterConnectionPool   - 5 connections initialized for 36.151.145.207/36.151.145.207:16379
26-04-20.17:12:07.417 [main            ] INFO  EndpointLinksResolver  - Exposing 1 endpoint(s) beneath base path '/actuator'
26-04-20.17:12:07.493 [main            ] INFO  CachingConnectionFactory - Attempting to connect to: [36.151.145.207:5672]
26-04-20.17:12:07.706 [main            ] INFO  CachingConnectionFactory - Created new connection: rabbitConnectionFactory#36211bbc:0/SimpleConnection@433ae0b0 [delegate=amqp://admin@36.151.145.207:5672/, localPort= 56139]
26-04-20.17:12:07.947 [main            ] INFO  RaffleOrderTest        - Started RaffleOrderTest in 5.584 seconds (JVM running for 6.167)
26-04-20.17:12:08.108 [main            ] INFO  HikariDataSource       - Retail_HikariCP - Starting...
26-04-20.17:12:08.694 [main            ] INFO  HikariDataSource       - Retail_HikariCP - Start completed.
26-04-20.17:12:08.884 [main            ] INFO  RaffleOrderTest        - 装配活动：true
26-04-20.17:12:08.998 [main            ] INFO  ActivityBaseActionChain - 活动责任链-基础信息【有效期、状态、库存(sku)】校验开始。sku:9011 activityId:100301
26-04-20.17:12:08.998 [main            ] INFO  ActivitySkuStockActionChain - 活动责任链-商品库存处理【有效期、状态、库存(sku)】开始。sku:9011 activityId:100301
26-04-20.17:12:09.067 [main            ] INFO  ActivitySkuStockActionChain - 活动责任链-商品库存处理【有效期、状态、库存(sku)】成功。sku:9011 activityId:100301
26-04-20.17:12:09.159 [main            ] INFO  HikariDataSource       - Retail_HikariCP - Starting...
26-04-20.17:12:10.001 [scheduling-1    ] INFO  updateActivitySkuStockJob - 定时任务，更新活动sku库存【延迟队列获取，降低对数据库的更新频次，不要产生竞争】
26-04-20.17:12:10.039 [scheduling-1    ] INFO  updateActivitySkuStockJob - 定时任务，更新活动sku库存 sku:9011 activityId:100301
26-04-20.17:12:10.151 [scheduling-1    ] INFO  UpdateAwardStockJob    - 定时任务，更新奖品消耗库存【延迟队列获取，降低对数据库的更新频次，不要产生竞争】
26-04-20.17:12:10.622 [main            ] INFO  HikariDataSource       - Retail_HikariCP - Start completed.
26-04-20.17:12:10.769 [main            ] ERROR ActivityRepository     - 写入订单记录，唯一索引冲突 userId: xiaofuge activityId: 100301 sku: 9011
org.springframework.dao.DuplicateKeyException: 
### Error updating database.  Cause: java.sql.SQLIntegrityConstraintViolationException: Duplicate entry '700091009111' for key 'raffle_activity_order_001.uq_out_business_no'
### The error may exist in file [E:\project_java\big-market\big-market-app\target\classes\mybatis\mapper\raffle_activity_order_mapper.xml]
### The error may involve cn.gzy.infrastructure.persistent.dao.IRaffleActivityOrderDao.insert-Inline
### The error occurred while setting parameters
### SQL: insert into raffle_activity_order_001         (user_id, sku, activity_id, activity_name, strategy_id, order_id, order_time, state, out_business_no, total_count, day_count, month_count,          create_time, update_time)         values             (?, ?, ?, ?, ?, ?, ?, ?, ?, ?, ?, ?,              now(), now())
### Cause: java.sql.SQLIntegrityConstraintViolationException: Duplicate entry '700091009111' for key 'raffle_activity_order_001.uq_out_business_no'
; Duplicate entry '700091009111' for key 'raffle_activity_order_001.uq_out_business_no'; nested exception is java.sql.SQLIntegrityConstraintViolationException: Duplicate entry '700091009111' for key 'raffle_activity_order_001.uq_out_business_no'
	at org.springframework.jdbc.support.SQLErrorCodeSQLExceptionTranslator.doTranslate(SQLErrorCodeSQLExceptionTranslator.java:247)
	at org.springframework.jdbc.support.AbstractFallbackSQLExceptionTranslator.translate(AbstractFallbackSQLExceptionTranslator.java:70)
	at org.mybatis.spring.MyBatisExceptionTranslator.translateExceptionIfPossible(MyBatisExceptionTranslator.java:91)
	at org.mybatis.spring.SqlSessionTemplate$SqlSessionInterceptor.invoke(SqlSessionTemplate.java:441)
	at com.sun.proxy.$Proxy107.insert(Unknown Source)
	at org.mybatis.spring.SqlSessionTemplate.insert(SqlSessionTemplate.java:272)
	at org.apache.ibatis.binding.MapperMethod.execute(MapperMethod.java:62)
	at org.apache.ibatis.binding.MapperProxy$PlainMethodInvoker.invoke(MapperProxy.java:152)
	at org.apache.ibatis.binding.MapperProxy.invoke(MapperProxy.java:85)
	at com.sun.proxy.$Proxy120.insert(Unknown Source)
	at sun.reflect.NativeMethodAccessorImpl.invoke0(Native Method)
	at sun.reflect.NativeMethodAccessorImpl.invoke(NativeMethodAccessorImpl.java:62)
	at sun.reflect.DelegatingMethodAccessorImpl.invoke(DelegatingMethodAccessorImpl.java:43)
	at java.lang.reflect.Method.invoke(Method.java:498)
	at org.springframework.aop.support.AopUtils.invokeJoinpointUsingReflection(AopUtils.java:344)
	at org.springframework.aop.framework.ReflectiveMethodInvocation.invokeJoinpoint(ReflectiveMethodInvocation.java:198)
	at org.springframework.aop.framework.ReflectiveMethodInvocation.proceed(ReflectiveMethodInvocation.java:163)
	at org.springframework.aop.aspectj.MethodInvocationProceedingJoinPoint.proceed(MethodInvocationProceedingJoinPoint.java:89)
	at cn.bugstack.middleware.db.router.DBRouterJoinPoint.doRouter(DBRouterJoinPoint.java:65)
	at sun.reflect.NativeMethodAccessorImpl.invoke0(Native Method)
	at sun.reflect.NativeMethodAccessorImpl.invoke(NativeMethodAccessorImpl.java:62)
	at sun.reflect.DelegatingMethodAccessorImpl.invoke(DelegatingMethodAccessorImpl.java:43)
	at java.lang.reflect.Method.invoke(Method.java:498)
	at org.springframework.aop.aspectj.AbstractAspectJAdvice.invokeAdviceMethodWithGivenArgs(AbstractAspectJAdvice.java:634)
	at org.springframework.aop.aspectj.AbstractAspectJAdvice.invokeAdviceMethod(AbstractAspectJAdvice.java:624)
	at org.springframework.aop.aspectj.AspectJAroundAdvice.invoke(AspectJAroundAdvice.java:72)
	at org.springframework.aop.framework.ReflectiveMethodInvocation.proceed(ReflectiveMethodInvocation.java:175)
	at org.springframework.aop.interceptor.ExposeInvocationInterceptor.invoke(ExposeInvocationInterceptor.java:97)
	at org.springframework.aop.framework.ReflectiveMethodInvocation.proceed(ReflectiveMethodInvocation.java:186)
	at org.springframework.aop.framework.JdkDynamicAopProxy.invoke(JdkDynamicAopProxy.java:220)
	at com.sun.proxy.$Proxy121.insert(Unknown Source)
	at cn.gzy.infrastructure.persistent.repository.ActivityRepository.lambda$doSaveOrder$0(ActivityRepository.java:152)
	at org.springframework.transaction.support.TransactionTemplate.execute(TransactionTemplate.java:140)
	at cn.gzy.infrastructure.persistent.repository.ActivityRepository.doSaveOrder(ActivityRepository.java:149)
	at cn.gzy.infrastructure.persistent.repository.ActivityRepository$$FastClassBySpringCGLIB$$9abb50c6.invoke(<generated>)
	at org.springframework.cglib.proxy.MethodProxy.invoke(MethodProxy.java:218)
	at org.springframework.aop.framework.CglibAopProxy$CglibMethodInvocation.invokeJoinpoint(CglibAopProxy.java:793)
	at org.springframework.aop.framework.ReflectiveMethodInvocation.proceed(ReflectiveMethodInvocation.java:163)
	at org.springframework.aop.framework.CglibAopProxy$CglibMethodInvocation.proceed(CglibAopProxy.java:763)
	at org.springframework.dao.support.PersistenceExceptionTranslationInterceptor.invoke(PersistenceExceptionTranslationInterceptor.java:137)
	at org.springframework.aop.framework.ReflectiveMethodInvocation.proceed(ReflectiveMethodInvocation.java:186)
	at org.springframework.aop.framework.CglibAopProxy$CglibMethodInvocation.proceed(CglibAopProxy.java:763)
	at org.springframework.aop.framework.CglibAopProxy$DynamicAdvisedInterceptor.intercept(CglibAopProxy.java:708)
	at cn.gzy.infrastructure.persistent.repository.ActivityRepository$$EnhancerBySpringCGLIB$$55aaaf98.doSaveOrder(<generated>)
	at cn.gzy.domain.activity.service.RaffleActivityService.doSaveOrder(RaffleActivityService.java:57)
	at cn.gzy.domain.activity.service.AbstractRaffleActivity.createSkuRechargeOrder(AbstractRaffleActivity.java:51)
	at cn.gzy.test.domain.activity.RaffleOrderTest.test_createSkuRechargeOrder_duplicate(RaffleOrderTest.java:45)
	at sun.reflect.NativeMethodAccessorImpl.invoke0(Native Method)
	at sun.reflect.NativeMethodAccessorImpl.invoke(NativeMethodAccessorImpl.java:62)
	at sun.reflect.DelegatingMethodAccessorImpl.invoke(DelegatingMethodAccessorImpl.java:43)
	at java.lang.reflect.Method.invoke(Method.java:498)
	at org.junit.runners.model.FrameworkMethod$1.runReflectiveCall(FrameworkMethod.java:59)
	at org.junit.internal.runners.model.ReflectiveCallable.run(ReflectiveCallable.java:12)
	at org.junit.runners.model.FrameworkMethod.invokeExplosively(FrameworkMethod.java:56)
	at org.junit.internal.runners.statements.InvokeMethod.evaluate(InvokeMethod.java:17)
	at org.springframework.test.context.junit4.statements.RunBeforeTestExecutionCallbacks.evaluate(RunBeforeTestExecutionCallbacks.java:74)
	at org.springframework.test.context.junit4.statements.RunAfterTestExecutionCallbacks.evaluate(RunAfterTestExecutionCallbacks.java:84)
	at org.junit.internal.runners.statements.RunBefores.evaluate(RunBefores.java:26)
	at org.springframework.test.context.junit4.statements.RunBeforeTestMethodCallbacks.evaluate(RunBeforeTestMethodCallbacks.java:75)
	at org.springframework.test.context.junit4.statements.RunAfterTestMethodCallbacks.evaluate(RunAfterTestMethodCallbacks.java:86)
	at org.springframework.test.context.junit4.statements.SpringRepeat.evaluate(SpringRepeat.java:84)
	at org.junit.runners.ParentRunner.runLeaf(ParentRunner.java:366)
	at org.springframework.test.context.junit4.SpringJUnit4ClassRunner.runChild(SpringJUnit4ClassRunner.java:251)
	at org.springframework.test.context.junit4.SpringJUnit4ClassRunner.runChild(SpringJUnit4ClassRunner.java:97)
	at org.junit.runners.ParentRunner$4.run(ParentRunner.java:331)
	at org.junit.runners.ParentRunner$1.schedule(ParentRunner.java:79)
	at org.junit.runners.ParentRunner.runChildren(ParentRunner.java:329)
	at org.junit.runners.ParentRunner.access$100(ParentRunner.java:66)
	at org.junit.runners.ParentRunner$2.evaluate(ParentRunner.java:293)
	at org.springframework.test.context.junit4.statements.RunBeforeTestClassCallbacks.evaluate(RunBeforeTestClassCallbacks.java:61)
	at org.springframework.test.context.junit4.statements.RunAfterTestClassCallbacks.evaluate(RunAfterTestClassCallbacks.java:70)
	at org.junit.runners.ParentRunner$3.evaluate(ParentRunner.java:306)
	at org.junit.runners.ParentRunner.run(ParentRunner.java:413)
	at org.springframework.test.context.junit4.SpringJUnit4ClassRunner.run(SpringJUnit4ClassRunner.java:190)
	at org.junit.runner.JUnitCore.run(JUnitCore.java:137)
	at com.intellij.junit4.JUnit4IdeaTestRunner.startRunnerWithArgs(JUnit4IdeaTestRunner.java:69)
	at com.intellij.rt.junit.IdeaTestRunner$Repeater$1.execute(IdeaTestRunner.java:38)
	at com.intellij.rt.execution.junit.TestsRepeater.repeat(TestsRepeater.java:11)
	at com.intellij.rt.junit.IdeaTestRunner$Repeater.startRunnerWithArgs(IdeaTestRunner.java:35)
	at com.intellij.rt.junit.JUnitStarter.prepareStreamsAndStart(JUnitStarter.java:232)
	at com.intellij.rt.junit.JUnitStarter.main(JUnitStarter.java:55)
Caused by: java.sql.SQLIntegrityConstraintViolationException: Duplicate entry '700091009111' for key 'raffle_activity_order_001.uq_out_business_no'
	at com.mysql.cj.jdbc.exceptions.SQLError.createSQLException(SQLError.java:117)
	at com.mysql.cj.jdbc.exceptions.SQLError.createSQLException(SQLError.java:97)
	at com.mysql.cj.jdbc.exceptions.SQLExceptionsMapping.translateException(SQLExceptionsMapping.java:122)
	at com.mysql.cj.jdbc.ClientPreparedStatement.executeInternal(ClientPreparedStatement.java:953)
	at com.mysql.cj.jdbc.ClientPreparedStatement.execute(ClientPreparedStatement.java:370)
	at com.zaxxer.hikari.pool.ProxyPreparedStatement.execute(ProxyPreparedStatement.java:44)
	at com.zaxxer.hikari.pool.HikariProxyPreparedStatement.execute(HikariProxyPreparedStatement.java)
	at org.apache.ibatis.executor.statement.PreparedStatementHandler.update(PreparedStatementHandler.java:47)
	at org.apache.ibatis.executor.statement.RoutingStatementHandler.update(RoutingStatementHandler.java:74)
	at sun.reflect.NativeMethodAccessorImpl.invoke0(Native Method)
	at sun.reflect.NativeMethodAccessorImpl.invoke(NativeMethodAccessorImpl.java:62)
	at sun.reflect.DelegatingMethodAccessorImpl.invoke(DelegatingMethodAccessorImpl.java:43)
	at java.lang.reflect.Method.invoke(Method.java:498)
	at org.apache.ibatis.plugin.Plugin.invoke(Plugin.java:63)
	at com.sun.proxy.$Proxy193.update(Unknown Source)
	at org.apache.ibatis.executor.SimpleExecutor.doUpdate(SimpleExecutor.java:50)
	at org.apache.ibatis.executor.BaseExecutor.update(BaseExecutor.java:117)
	at org.apache.ibatis.executor.CachingExecutor.update(CachingExecutor.java:76)
	at org.apache.ibatis.session.defaults.DefaultSqlSession.update(DefaultSqlSession.java:197)
	at org.apache.ibatis.session.defaults.DefaultSqlSession.insert(DefaultSqlSession.java:184)
	at sun.reflect.NativeMethodAccessorImpl.invoke0(Native Method)
	at sun.reflect.NativeMethodAccessorImpl.invoke(NativeMethodAccessorImpl.java:62)
	at sun.reflect.DelegatingMethodAccessorImpl.invoke(DelegatingMethodAccessorImpl.java:43)
	at java.lang.reflect.Method.invoke(Method.java:498)
	at org.mybatis.spring.SqlSessionTemplate$SqlSessionInterceptor.invoke(SqlSessionTemplate.java:427)
	... 77 common frames omitted
26-04-20.17:12:10.892 [org.springframework.amqp.rabbit.RabbitListenerEndpointContainer#0-2] INFO  SimpleMessageListenerContainer - Waiting for workers to finish.
26-04-20.17:12:11.000 [org.springframework.amqp.rabbit.RabbitListenerEndpointContainer#0-2] INFO  SimpleMessageListenerContainer - Successfully waited for workers to finish.
26-04-20.17:12:11.002 [SpringApplicationShutdownHook] INFO  SimpleMessageListenerContainer - Shutdown ignored - container is already stopped
26-04-20.17:44:08.934 [main            ] INFO  RaffleOrderTest        - Starting RaffleOrderTest using Java 1.8.0_202 on DESKTOP-RNEPHEV with PID 25832 (started by hp-pc in E:\project_java\big-market\big-market-app)
26-04-20.17:44:08.936 [main            ] INFO  RaffleOrderTest        - The following 1 profile is active: "dev"
26-04-20.17:44:09.761 [main            ] INFO  RepositoryConfigurationDelegate - Multiple Spring Data modules found, entering strict repository configuration mode
26-04-20.17:44:09.764 [main            ] INFO  RepositoryConfigurationDelegate - Bootstrapping Spring Data Redis repositories in DEFAULT mode.
26-04-20.17:44:09.794 [main            ] INFO  RepositoryConfigurationDelegate - Finished Spring Data repository scanning in 15 ms. Found 0 Redis repository interfaces.
26-04-20.17:44:11.154 [main            ] INFO  Version                - Redisson 3.23.4
26-04-20.17:44:11.553 [redisson-netty-2-5] INFO  MasterPubSubConnectionPool - 1 connections initialized for 36.151.145.207/36.151.145.207:16379
26-04-20.17:44:11.840 [redisson-netty-2-13] INFO  MasterConnectionPool   - 5 connections initialized for 36.151.145.207/36.151.145.207:16379
26-04-20.17:44:14.273 [main            ] INFO  EndpointLinksResolver  - Exposing 1 endpoint(s) beneath base path '/actuator'
26-04-20.17:44:14.376 [main            ] INFO  CachingConnectionFactory - Attempting to connect to: [36.151.145.207:5672]
26-04-20.17:44:14.558 [main            ] INFO  CachingConnectionFactory - Created new connection: rabbitConnectionFactory#36211bbc:0/SimpleConnection@1c62d2ad [delegate=amqp://admin@36.151.145.207:5672/, localPort= 58685]
26-04-20.17:44:14.796 [main            ] INFO  RaffleOrderTest        - Started RaffleOrderTest in 6.162 seconds (JVM running for 6.75)
26-04-20.17:44:15.010 [scheduling-1    ] INFO  updateActivitySkuStockJob - 定时任务，更新活动sku库存【延迟队列获取，降低对数据库的更新频次，不要产生竞争】
26-04-20.17:44:15.036 [main            ] INFO  HikariDataSource       - Retail_HikariCP - Starting...
26-04-20.17:44:15.056 [scheduling-1    ] INFO  UpdateAwardStockJob    - 定时任务，更新奖品消耗库存【延迟队列获取，降低对数据库的更新频次，不要产生竞争】
26-04-20.17:44:15.654 [main            ] INFO  HikariDataSource       - Retail_HikariCP - Start completed.
26-04-20.17:44:16.026 [main            ] INFO  RaffleOrderTest        - 装配活动：true
26-04-20.17:44:16.142 [main            ] INFO  ActivityBaseActionChain - 活动责任链-基础信息【有效期、状态、库存(sku)】校验开始。sku:9011 activityId:100301
26-04-20.17:44:16.142 [main            ] INFO  ActivitySkuStockActionChain - 活动责任链-商品库存处理【有效期、状态、库存(sku)】开始。sku:9011 activityId:100301
26-04-20.17:44:16.208 [main            ] INFO  ActivitySkuStockActionChain - 活动责任链-商品库存处理【有效期、状态、库存(sku)】成功。sku:9011 activityId:100301
26-04-20.17:44:16.294 [main            ] INFO  HikariDataSource       - Retail_HikariCP - Starting...
26-04-20.17:44:16.767 [main            ] INFO  HikariDataSource       - Retail_HikariCP - Start completed.
26-04-20.17:44:17.038 [main            ] INFO  RaffleOrderTest        - 测试结果：362466964102
26-04-20.17:44:17.175 [main            ] INFO  ActivityBaseActionChain - 活动责任链-基础信息【有效期、状态、库存(sku)】校验开始。sku:9011 activityId:100301
26-04-20.17:44:17.175 [main            ] INFO  ActivitySkuStockActionChain - 活动责任链-商品库存处理【有效期、状态、库存(sku)】开始。sku:9011 activityId:100301
26-04-20.17:44:17.241 [main            ] INFO  ActivitySkuStockActionChain - 活动责任链-商品库存处理【有效期、状态、库存(sku)】成功。sku:9011 activityId:100301
26-04-20.17:44:17.538 [main            ] INFO  RaffleOrderTest        - 测试结果：237654919182
26-04-20.17:44:17.641 [main            ] INFO  ActivityBaseActionChain - 活动责任链-基础信息【有效期、状态、库存(sku)】校验开始。sku:9011 activityId:100301
26-04-20.17:44:17.641 [main            ] INFO  ActivitySkuStockActionChain - 活动责任链-商品库存处理【有效期、状态、库存(sku)】开始。sku:9011 activityId:100301
26-04-20.17:44:17.708 [main            ] INFO  ActivitySkuStockActionChain - 活动责任链-商品库存处理【有效期、状态、库存(sku)】成功。sku:9011 activityId:100301
26-04-20.17:44:18.002 [main            ] INFO  RaffleOrderTest        - 测试结果：891301606492
26-04-20.17:44:18.102 [main            ] INFO  ActivityBaseActionChain - 活动责任链-基础信息【有效期、状态、库存(sku)】校验开始。sku:9011 activityId:100301
26-04-20.17:44:18.102 [main            ] INFO  ActivitySkuStockActionChain - 活动责任链-商品库存处理【有效期、状态、库存(sku)】开始。sku:9011 activityId:100301
26-04-20.17:44:18.167 [main            ] INFO  ActivitySkuStockActionChain - 活动责任链-商品库存处理【有效期、状态、库存(sku)】成功。sku:9011 activityId:100301
26-04-20.17:44:18.465 [main            ] INFO  RaffleOrderTest        - 测试结果：777466138328
26-04-20.17:44:18.566 [main            ] INFO  ActivityBaseActionChain - 活动责任链-基础信息【有效期、状态、库存(sku)】校验开始。sku:9011 activityId:100301
26-04-20.17:44:18.566 [main            ] INFO  ActivitySkuStockActionChain - 活动责任链-商品库存处理【有效期、状态、库存(sku)】开始。sku:9011 activityId:100301
26-04-20.17:44:18.631 [main            ] INFO  ActivitySkuStockActionChain - 活动责任链-商品库存处理【有效期、状态、库存(sku)】成功。sku:9011 activityId:100301
26-04-20.17:44:18.929 [main            ] INFO  RaffleOrderTest        - 测试结果：851518449088
26-04-20.17:44:19.031 [main            ] INFO  ActivityBaseActionChain - 活动责任链-基础信息【有效期、状态、库存(sku)】校验开始。sku:9011 activityId:100301
26-04-20.17:44:19.031 [main            ] INFO  ActivitySkuStockActionChain - 活动责任链-商品库存处理【有效期、状态、库存(sku)】开始。sku:9011 activityId:100301
26-04-20.17:44:19.096 [main            ] INFO  ActivitySkuStockActionChain - 活动责任链-商品库存处理【有效期、状态、库存(sku)】成功。sku:9011 activityId:100301
26-04-20.17:44:19.392 [main            ] INFO  RaffleOrderTest        - 测试结果：740216762719
26-04-20.17:44:19.494 [main            ] INFO  ActivityBaseActionChain - 活动责任链-基础信息【有效期、状态、库存(sku)】校验开始。sku:9011 activityId:100301
26-04-20.17:44:19.494 [main            ] INFO  ActivitySkuStockActionChain - 活动责任链-商品库存处理【有效期、状态、库存(sku)】开始。sku:9011 activityId:100301
26-04-20.17:44:19.560 [main            ] INFO  ActivitySkuStockActionChain - 活动责任链-商品库存处理【有效期、状态、库存(sku)】成功。sku:9011 activityId:100301
26-04-20.17:44:19.857 [main            ] INFO  RaffleOrderTest        - 测试结果：487894784311
26-04-20.17:44:19.958 [main            ] INFO  ActivityBaseActionChain - 活动责任链-基础信息【有效期、状态、库存(sku)】校验开始。sku:9011 activityId:100301
26-04-20.17:44:19.958 [main            ] INFO  ActivitySkuStockActionChain - 活动责任链-商品库存处理【有效期、状态、库存(sku)】开始。sku:9011 activityId:100301
26-04-20.17:44:20.006 [scheduling-1    ] INFO  UpdateAwardStockJob    - 定时任务，更新奖品消耗库存【延迟队列获取，降低对数据库的更新频次，不要产生竞争】
26-04-20.17:44:20.026 [main            ] INFO  ActivitySkuStockActionChain - 活动责任链-商品库存处理【有效期、状态、库存(sku)】成功。sku:9011 activityId:100301
26-04-20.17:44:20.040 [scheduling-1    ] INFO  updateActivitySkuStockJob - 定时任务，更新活动sku库存【延迟队列获取，降低对数据库的更新频次，不要产生竞争】
26-04-20.17:44:20.076 [scheduling-1    ] INFO  updateActivitySkuStockJob - 定时任务，更新活动sku库存 sku:9011 activityId:100301
26-04-20.17:44:20.319 [main            ] INFO  RaffleOrderTest        - 测试结果：617730571314
26-04-20.17:44:20.425 [main            ] INFO  ActivityBaseActionChain - 活动责任链-基础信息【有效期、状态、库存(sku)】校验开始。sku:9011 activityId:100301
26-04-20.17:44:20.425 [main            ] INFO  ActivitySkuStockActionChain - 活动责任链-商品库存处理【有效期、状态、库存(sku)】开始。sku:9011 activityId:100301
26-04-20.17:44:20.490 [main            ] INFO  ActivitySkuStockActionChain - 活动责任链-商品库存处理【有效期、状态、库存(sku)】成功。sku:9011 activityId:100301
26-04-20.17:44:20.780 [main            ] INFO  RaffleOrderTest        - 测试结果：293378421143
26-04-20.17:44:20.881 [main            ] INFO  ActivityBaseActionChain - 活动责任链-基础信息【有效期、状态、库存(sku)】校验开始。sku:9011 activityId:100301
26-04-20.17:44:20.881 [main            ] INFO  ActivitySkuStockActionChain - 活动责任链-商品库存处理【有效期、状态、库存(sku)】开始。sku:9011 activityId:100301
26-04-20.17:44:20.946 [main            ] INFO  ActivitySkuStockActionChain - 活动责任链-商品库存处理【有效期、状态、库存(sku)】成功。sku:9011 activityId:100301
26-04-20.17:44:21.239 [main            ] INFO  RaffleOrderTest        - 测试结果：518896635818
26-04-20.17:44:21.341 [main            ] INFO  ActivityBaseActionChain - 活动责任链-基础信息【有效期、状态、库存(sku)】校验开始。sku:9011 activityId:100301
26-04-20.17:44:21.341 [main            ] INFO  ActivitySkuStockActionChain - 活动责任链-商品库存处理【有效期、状态、库存(sku)】开始。sku:9011 activityId:100301
26-04-20.17:44:21.406 [main            ] INFO  ActivitySkuStockActionChain - 活动责任链-商品库存处理【有效期、状态、库存(sku)】成功。sku:9011 activityId:100301
26-04-20.17:44:21.708 [main            ] INFO  RaffleOrderTest        - 测试结果：002596057995
26-04-20.17:44:21.811 [main            ] INFO  ActivityBaseActionChain - 活动责任链-基础信息【有效期、状态、库存(sku)】校验开始。sku:9011 activityId:100301
26-04-20.17:44:21.811 [main            ] INFO  ActivitySkuStockActionChain - 活动责任链-商品库存处理【有效期、状态、库存(sku)】开始。sku:9011 activityId:100301
26-04-20.17:44:21.880 [main            ] INFO  ActivitySkuStockActionChain - 活动责任链-商品库存处理【有效期、状态、库存(sku)】成功。sku:9011 activityId:100301
26-04-20.17:44:22.167 [main            ] INFO  RaffleOrderTest        - 测试结果：766690751334
26-04-20.17:44:22.271 [main            ] INFO  ActivityBaseActionChain - 活动责任链-基础信息【有效期、状态、库存(sku)】校验开始。sku:9011 activityId:100301
26-04-20.17:44:22.271 [main            ] INFO  ActivitySkuStockActionChain - 活动责任链-商品库存处理【有效期、状态、库存(sku)】开始。sku:9011 activityId:100301
26-04-20.17:44:22.336 [main            ] INFO  ActivitySkuStockActionChain - 活动责任链-商品库存处理【有效期、状态、库存(sku)】成功。sku:9011 activityId:100301
26-04-20.17:44:22.635 [main            ] INFO  RaffleOrderTest        - 测试结果：733461081508
26-04-20.17:44:22.742 [main            ] INFO  ActivityBaseActionChain - 活动责任链-基础信息【有效期、状态、库存(sku)】校验开始。sku:9011 activityId:100301
26-04-20.17:44:22.742 [main            ] INFO  ActivitySkuStockActionChain - 活动责任链-商品库存处理【有效期、状态、库存(sku)】开始。sku:9011 activityId:100301
26-04-20.17:44:22.806 [main            ] INFO  ActivitySkuStockActionChain - 活动责任链-商品库存处理【有效期、状态、库存(sku)】成功。sku:9011 activityId:100301
26-04-20.17:44:23.098 [main            ] INFO  RaffleOrderTest        - 测试结果：996326525223
26-04-20.17:44:23.201 [main            ] INFO  ActivityBaseActionChain - 活动责任链-基础信息【有效期、状态、库存(sku)】校验开始。sku:9011 activityId:100301
26-04-20.17:44:23.201 [main            ] INFO  ActivitySkuStockActionChain - 活动责任链-商品库存处理【有效期、状态、库存(sku)】开始。sku:9011 activityId:100301
26-04-20.17:44:23.268 [main            ] INFO  ActivitySkuStockActionChain - 活动责任链-商品库存处理【有效期、状态、库存(sku)】成功。sku:9011 activityId:100301
26-04-20.17:44:23.565 [main            ] INFO  RaffleOrderTest        - 测试结果：704105986980
26-04-20.17:44:23.666 [main            ] INFO  ActivityBaseActionChain - 活动责任链-基础信息【有效期、状态、库存(sku)】校验开始。sku:9011 activityId:100301
26-04-20.17:44:23.666 [main            ] INFO  ActivitySkuStockActionChain - 活动责任链-商品库存处理【有效期、状态、库存(sku)】开始。sku:9011 activityId:100301
26-04-20.17:44:23.732 [main            ] INFO  ActivitySkuStockActionChain - 活动责任链-商品库存处理【有效期、状态、库存(sku)】成功。sku:9011 activityId:100301
26-04-20.17:44:24.031 [main            ] INFO  RaffleOrderTest        - 测试结果：146459569097
26-04-20.17:44:24.132 [main            ] INFO  ActivityBaseActionChain - 活动责任链-基础信息【有效期、状态、库存(sku)】校验开始。sku:9011 activityId:100301
26-04-20.17:44:24.132 [main            ] INFO  ActivitySkuStockActionChain - 活动责任链-商品库存处理【有效期、状态、库存(sku)】开始。sku:9011 activityId:100301
26-04-20.17:44:24.204 [main            ] INFO  ActivitySkuStockActionChain - 活动责任链-商品库存处理【有效期、状态、库存(sku)】成功。sku:9011 activityId:100301
26-04-20.17:44:24.495 [main            ] INFO  RaffleOrderTest        - 测试结果：710746601457
26-04-20.17:44:24.597 [main            ] INFO  ActivityBaseActionChain - 活动责任链-基础信息【有效期、状态、库存(sku)】校验开始。sku:9011 activityId:100301
26-04-20.17:44:24.598 [main            ] INFO  ActivitySkuStockActionChain - 活动责任链-商品库存处理【有效期、状态、库存(sku)】开始。sku:9011 activityId:100301
26-04-20.17:44:24.664 [main            ] INFO  ActivitySkuStockActionChain - 活动责任链-商品库存处理【有效期、状态、库存(sku)】成功。sku:9011 activityId:100301
26-04-20.17:44:24.960 [main            ] INFO  RaffleOrderTest        - 测试结果：899724961156
26-04-20.17:44:25.008 [scheduling-1    ] INFO  updateActivitySkuStockJob - 定时任务，更新活动sku库存【延迟队列获取，降低对数据库的更新频次，不要产生竞争】
26-04-20.17:44:25.043 [scheduling-1    ] INFO  updateActivitySkuStockJob - 定时任务，更新活动sku库存 sku:9011 activityId:100301
26-04-20.17:44:25.061 [main            ] INFO  ActivityBaseActionChain - 活动责任链-基础信息【有效期、状态、库存(sku)】校验开始。sku:9011 activityId:100301
26-04-20.17:44:25.062 [main            ] INFO  ActivitySkuStockActionChain - 活动责任链-商品库存处理【有效期、状态、库存(sku)】开始。sku:9011 activityId:100301
26-04-20.17:44:25.118 [scheduling-1    ] INFO  UpdateAwardStockJob    - 定时任务，更新奖品消耗库存【延迟队列获取，降低对数据库的更新频次，不要产生竞争】
26-04-20.17:44:25.126 [main            ] INFO  ActivitySkuStockActionChain - 活动责任链-商品库存处理【有效期、状态、库存(sku)】成功。sku:9011 activityId:100301
26-04-20.17:44:25.419 [main            ] INFO  RaffleOrderTest        - 测试结果：224422104011
26-04-20.17:44:25.519 [main            ] INFO  ActivityBaseActionChain - 活动责任链-基础信息【有效期、状态、库存(sku)】校验开始。sku:9011 activityId:100301
26-04-20.17:44:25.519 [main            ] INFO  ActivitySkuStockActionChain - 活动责任链-商品库存处理【有效期、状态、库存(sku)】开始。sku:9011 activityId:100301
26-04-20.17:44:25.718 [main            ] INFO  EventPublisher         - 发送MQ消息 topic:activity_sku_stock_zero message:{"data":9011,"id":"12141534900","timestamp":1776678265554}
26-04-20.17:44:25.752 [main            ] INFO  ActivitySkuStockActionChain - 活动责任链-商品库存处理【有效期、状态、库存(sku)】成功。sku:9011 activityId:100301
26-04-20.17:44:25.756 [org.springframework.amqp.rabbit.RabbitListenerEndpointContainer#0-1] INFO  ActivitySkuStockZeroCustomer - 监听活动sku库存消耗为0消息 topic: activity_sku_stock_zero message: {"data":9011,"id":"12141534900","timestamp":1776678265554}
26-04-20.17:44:26.043 [main            ] INFO  RaffleOrderTest        - 测试结果：709744737371
26-04-20.17:44:30.011 [scheduling-1    ] INFO  UpdateAwardStockJob    - 定时任务，更新奖品消耗库存【延迟队列获取，降低对数据库的更新频次，不要产生竞争】
26-04-20.17:44:30.046 [scheduling-1    ] INFO  updateActivitySkuStockJob - 定时任务，更新活动sku库存【延迟队列获取，降低对数据库的更新频次，不要产生竞争】
26-04-20.17:44:30.077 [scheduling-1    ] INFO  updateActivitySkuStockJob - 定时任务，更新活动sku库存 sku:9011 activityId:100301
26-04-20.17:44:35.001 [scheduling-1    ] INFO  UpdateAwardStockJob    - 定时任务，更新奖品消耗库存【延迟队列获取，降低对数据库的更新频次，不要产生竞争】
26-04-20.17:44:35.037 [scheduling-1    ] INFO  updateActivitySkuStockJob - 定时任务，更新活动sku库存【延迟队列获取，降低对数据库的更新频次，不要产生竞争】
26-04-20.17:44:35.067 [scheduling-1    ] INFO  updateActivitySkuStockJob - 定时任务，更新活动sku库存 sku:9011 activityId:100301
26-04-20.17:44:40.014 [scheduling-1    ] INFO  UpdateAwardStockJob    - 定时任务，更新奖品消耗库存【延迟队列获取，降低对数据库的更新频次，不要产生竞争】
26-04-20.17:44:40.050 [scheduling-1    ] INFO  updateActivitySkuStockJob - 定时任务，更新活动sku库存【延迟队列获取，降低对数据库的更新频次，不要产生竞争】
26-04-20.17:44:40.087 [scheduling-1    ] INFO  updateActivitySkuStockJob - 定时任务，更新活动sku库存 sku:9011 activityId:100301
26-04-20.17:44:45.015 [scheduling-1    ] INFO  updateActivitySkuStockJob - 定时任务，更新活动sku库存【延迟队列获取，降低对数据库的更新频次，不要产生竞争】
26-04-20.17:44:45.046 [scheduling-1    ] INFO  updateActivitySkuStockJob - 定时任务，更新活动sku库存 sku:9011 activityId:100301
26-04-20.17:44:45.153 [scheduling-1    ] INFO  UpdateAwardStockJob    - 定时任务，更新奖品消耗库存【延迟队列获取，降低对数据库的更新频次，不要产生竞争】
26-04-20.17:44:50.008 [scheduling-1    ] INFO  updateActivitySkuStockJob - 定时任务，更新活动sku库存【延迟队列获取，降低对数据库的更新频次，不要产生竞争】
26-04-20.17:44:50.040 [scheduling-1    ] INFO  updateActivitySkuStockJob - 定时任务，更新活动sku库存 sku:9011 activityId:100301
26-04-20.17:44:50.147 [scheduling-1    ] INFO  UpdateAwardStockJob    - 定时任务，更新奖品消耗库存【延迟队列获取，降低对数据库的更新频次，不要产生竞争】
26-04-20.17:44:55.008 [scheduling-1    ] INFO  UpdateAwardStockJob    - 定时任务，更新奖品消耗库存【延迟队列获取，降低对数据库的更新频次，不要产生竞争】
26-04-20.17:44:55.043 [scheduling-1    ] INFO  updateActivitySkuStockJob - 定时任务，更新活动sku库存【延迟队列获取，降低对数据库的更新频次，不要产生竞争】
26-04-20.17:44:55.074 [scheduling-1    ] INFO  updateActivitySkuStockJob - 定时任务，更新活动sku库存 sku:9011 activityId:100301
26-04-20.17:45:00.010 [scheduling-1    ] INFO  updateActivitySkuStockJob - 定时任务，更新活动sku库存【延迟队列获取，降低对数据库的更新频次，不要产生竞争】
26-04-20.17:45:00.044 [scheduling-1    ] INFO  UpdateAwardStockJob    - 定时任务，更新奖品消耗库存【延迟队列获取，降低对数据库的更新频次，不要产生竞争】
26-04-20.17:45:05.009 [scheduling-1    ] INFO  UpdateAwardStockJob    - 定时任务，更新奖品消耗库存【延迟队列获取，降低对数据库的更新频次，不要产生竞争】
26-04-20.17:45:05.045 [scheduling-1    ] INFO  updateActivitySkuStockJob - 定时任务，更新活动sku库存【延迟队列获取，降低对数据库的更新频次，不要产生竞争】
26-04-20.17:45:10.005 [scheduling-1    ] INFO  UpdateAwardStockJob    - 定时任务，更新奖品消耗库存【延迟队列获取，降低对数据库的更新频次，不要产生竞争】
26-04-20.17:45:10.036 [scheduling-1    ] INFO  updateActivitySkuStockJob - 定时任务，更新活动sku库存【延迟队列获取，降低对数据库的更新频次，不要产生竞争】
26-04-20.17:45:15.008 [scheduling-1    ] INFO  updateActivitySkuStockJob - 定时任务，更新活动sku库存【延迟队列获取，降低对数据库的更新频次，不要产生竞争】
26-04-20.17:45:15.039 [scheduling-1    ] INFO  UpdateAwardStockJob    - 定时任务，更新奖品消耗库存【延迟队列获取，降低对数据库的更新频次，不要产生竞争】
26-04-20.17:45:20.004 [scheduling-1    ] INFO  updateActivitySkuStockJob - 定时任务，更新活动sku库存【延迟队列获取，降低对数据库的更新频次，不要产生竞争】
26-04-20.17:45:20.040 [scheduling-1    ] INFO  UpdateAwardStockJob    - 定时任务，更新奖品消耗库存【延迟队列获取，降低对数据库的更新频次，不要产生竞争】
26-04-20.17:45:25.011 [scheduling-1    ] INFO  updateActivitySkuStockJob - 定时任务，更新活动sku库存【延迟队列获取，降低对数据库的更新频次，不要产生竞争】
26-04-20.17:45:25.044 [scheduling-1    ] INFO  UpdateAwardStockJob    - 定时任务，更新奖品消耗库存【延迟队列获取，降低对数据库的更新频次，不要产生竞争】
26-04-20.17:45:30.007 [scheduling-1    ] INFO  UpdateAwardStockJob    - 定时任务，更新奖品消耗库存【延迟队列获取，降低对数据库的更新频次，不要产生竞争】
26-04-20.17:45:30.043 [scheduling-1    ] INFO  updateActivitySkuStockJob - 定时任务，更新活动sku库存【延迟队列获取，降低对数据库的更新频次，不要产生竞争】
26-04-20.17:45:35.006 [scheduling-1    ] INFO  updateActivitySkuStockJob - 定时任务，更新活动sku库存【延迟队列获取，降低对数据库的更新频次，不要产生竞争】
26-04-20.17:45:35.036 [scheduling-1    ] INFO  UpdateAwardStockJob    - 定时任务，更新奖品消耗库存【延迟队列获取，降低对数据库的更新频次，不要产生竞争】
26-04-20.17:45:40.005 [scheduling-1    ] INFO  updateActivitySkuStockJob - 定时任务，更新活动sku库存【延迟队列获取，降低对数据库的更新频次，不要产生竞争】
26-04-20.17:45:40.034 [scheduling-1    ] INFO  UpdateAwardStockJob    - 定时任务，更新奖品消耗库存【延迟队列获取，降低对数据库的更新频次，不要产生竞争】
26-04-20.17:45:45.012 [scheduling-1    ] INFO  UpdateAwardStockJob    - 定时任务，更新奖品消耗库存【延迟队列获取，降低对数据库的更新频次，不要产生竞争】
26-04-20.17:45:45.047 [scheduling-1    ] INFO  updateActivitySkuStockJob - 定时任务，更新活动sku库存【延迟队列获取，降低对数据库的更新频次，不要产生竞争】
26-04-20.17:45:50.011 [scheduling-1    ] INFO  updateActivitySkuStockJob - 定时任务，更新活动sku库存【延迟队列获取，降低对数据库的更新频次，不要产生竞争】
26-04-20.17:45:50.046 [scheduling-1    ] INFO  UpdateAwardStockJob    - 定时任务，更新奖品消耗库存【延迟队列获取，降低对数据库的更新频次，不要产生竞争】
26-04-20.17:45:55.001 [scheduling-1    ] INFO  updateActivitySkuStockJob - 定时任务，更新活动sku库存【延迟队列获取，降低对数据库的更新频次，不要产生竞争】
26-04-20.17:45:55.036 [scheduling-1    ] INFO  UpdateAwardStockJob    - 定时任务，更新奖品消耗库存【延迟队列获取，降低对数据库的更新频次，不要产生竞争】
26-04-20.17:46:00.003 [scheduling-1    ] INFO  UpdateAwardStockJob    - 定时任务，更新奖品消耗库存【延迟队列获取，降低对数据库的更新频次，不要产生竞争】
26-04-20.17:46:00.034 [scheduling-1    ] INFO  updateActivitySkuStockJob - 定时任务，更新活动sku库存【延迟队列获取，降低对数据库的更新频次，不要产生竞争】
26-04-20.17:46:05.006 [scheduling-1    ] INFO  UpdateAwardStockJob    - 定时任务，更新奖品消耗库存【延迟队列获取，降低对数据库的更新频次，不要产生竞争】
26-04-20.17:46:05.038 [scheduling-1    ] INFO  updateActivitySkuStockJob - 定时任务，更新活动sku库存【延迟队列获取，降低对数据库的更新频次，不要产生竞争】
26-04-20.17:46:10.008 [scheduling-1    ] INFO  UpdateAwardStockJob    - 定时任务，更新奖品消耗库存【延迟队列获取，降低对数据库的更新频次，不要产生竞争】
26-04-20.17:46:10.043 [scheduling-1    ] INFO  updateActivitySkuStockJob - 定时任务，更新活动sku库存【延迟队列获取，降低对数据库的更新频次，不要产生竞争】
26-04-20.17:46:15.013 [scheduling-1    ] INFO  updateActivitySkuStockJob - 定时任务，更新活动sku库存【延迟队列获取，降低对数据库的更新频次，不要产生竞争】
26-04-20.17:46:15.048 [scheduling-1    ] INFO  UpdateAwardStockJob    - 定时任务，更新奖品消耗库存【延迟队列获取，降低对数据库的更新频次，不要产生竞争】
26-04-20.17:46:20.012 [scheduling-1    ] INFO  UpdateAwardStockJob    - 定时任务，更新奖品消耗库存【延迟队列获取，降低对数据库的更新频次，不要产生竞争】
26-04-20.17:46:20.048 [scheduling-1    ] INFO  updateActivitySkuStockJob - 定时任务，更新活动sku库存【延迟队列获取，降低对数据库的更新频次，不要产生竞争】
26-04-20.17:46:25.010 [scheduling-1    ] INFO  UpdateAwardStockJob    - 定时任务，更新奖品消耗库存【延迟队列获取，降低对数据库的更新频次，不要产生竞争】
26-04-20.17:46:25.039 [scheduling-1    ] INFO  updateActivitySkuStockJob - 定时任务，更新活动sku库存【延迟队列获取，降低对数据库的更新频次，不要产生竞争】
26-04-20.17:46:30.003 [scheduling-1    ] INFO  updateActivitySkuStockJob - 定时任务，更新活动sku库存【延迟队列获取，降低对数据库的更新频次，不要产生竞争】
26-04-20.17:46:30.034 [scheduling-1    ] INFO  UpdateAwardStockJob    - 定时任务，更新奖品消耗库存【延迟队列获取，降低对数据库的更新频次，不要产生竞争】
26-04-20.17:46:35.014 [scheduling-1    ] INFO  updateActivitySkuStockJob - 定时任务，更新活动sku库存【延迟队列获取，降低对数据库的更新频次，不要产生竞争】
26-04-20.17:46:35.050 [scheduling-1    ] INFO  UpdateAwardStockJob    - 定时任务，更新奖品消耗库存【延迟队列获取，降低对数据库的更新频次，不要产生竞争】
26-04-20.17:46:40.016 [scheduling-1    ] INFO  UpdateAwardStockJob    - 定时任务，更新奖品消耗库存【延迟队列获取，降低对数据库的更新频次，不要产生竞争】
26-04-20.17:46:40.051 [scheduling-1    ] INFO  updateActivitySkuStockJob - 定时任务，更新活动sku库存【延迟队列获取，降低对数据库的更新频次，不要产生竞争】
26-04-20.17:46:45.004 [scheduling-1    ] INFO  UpdateAwardStockJob    - 定时任务，更新奖品消耗库存【延迟队列获取，降低对数据库的更新频次，不要产生竞争】
26-04-20.17:46:45.040 [scheduling-1    ] INFO  updateActivitySkuStockJob - 定时任务，更新活动sku库存【延迟队列获取，降低对数据库的更新频次，不要产生竞争】
26-04-20.17:46:50.008 [scheduling-1    ] INFO  UpdateAwardStockJob    - 定时任务，更新奖品消耗库存【延迟队列获取，降低对数据库的更新频次，不要产生竞争】
26-04-20.17:46:50.040 [scheduling-1    ] INFO  updateActivitySkuStockJob - 定时任务，更新活动sku库存【延迟队列获取，降低对数据库的更新频次，不要产生竞争】
26-04-20.17:46:55.001 [scheduling-1    ] INFO  updateActivitySkuStockJob - 定时任务，更新活动sku库存【延迟队列获取，降低对数据库的更新频次，不要产生竞争】
26-04-20.17:46:55.035 [scheduling-1    ] INFO  UpdateAwardStockJob    - 定时任务，更新奖品消耗库存【延迟队列获取，降低对数据库的更新频次，不要产生竞争】
26-04-20.17:47:00.001 [scheduling-1    ] INFO  updateActivitySkuStockJob - 定时任务，更新活动sku库存【延迟队列获取，降低对数据库的更新频次，不要产生竞争】
26-04-20.17:47:00.036 [scheduling-1    ] INFO  UpdateAwardStockJob    - 定时任务，更新奖品消耗库存【延迟队列获取，降低对数据库的更新频次，不要产生竞争】
26-04-20.17:47:05.008 [scheduling-1    ] INFO  UpdateAwardStockJob    - 定时任务，更新奖品消耗库存【延迟队列获取，降低对数据库的更新频次，不要产生竞争】
26-04-20.17:47:05.044 [scheduling-1    ] INFO  updateActivitySkuStockJob - 定时任务，更新活动sku库存【延迟队列获取，降低对数据库的更新频次，不要产生竞争】
26-04-20.17:47:10.008 [scheduling-1    ] INFO  updateActivitySkuStockJob - 定时任务，更新活动sku库存【延迟队列获取，降低对数据库的更新频次，不要产生竞争】
26-04-20.17:47:10.043 [scheduling-1    ] INFO  UpdateAwardStockJob    - 定时任务，更新奖品消耗库存【延迟队列获取，降低对数据库的更新频次，不要产生竞争】
26-04-20.17:47:15.001 [scheduling-1    ] INFO  updateActivitySkuStockJob - 定时任务，更新活动sku库存【延迟队列获取，降低对数据库的更新频次，不要产生竞争】
26-04-20.17:47:15.031 [scheduling-1    ] INFO  UpdateAwardStockJob    - 定时任务，更新奖品消耗库存【延迟队列获取，降低对数据库的更新频次，不要产生竞争】
26-04-20.17:47:20.008 [scheduling-1    ] INFO  UpdateAwardStockJob    - 定时任务，更新奖品消耗库存【延迟队列获取，降低对数据库的更新频次，不要产生竞争】
26-04-20.17:47:20.040 [scheduling-1    ] INFO  updateActivitySkuStockJob - 定时任务，更新活动sku库存【延迟队列获取，降低对数据库的更新频次，不要产生竞争】
26-04-20.17:47:25.014 [scheduling-1    ] INFO  UpdateAwardStockJob    - 定时任务，更新奖品消耗库存【延迟队列获取，降低对数据库的更新频次，不要产生竞争】
26-04-20.17:47:25.049 [scheduling-1    ] INFO  updateActivitySkuStockJob - 定时任务，更新活动sku库存【延迟队列获取，降低对数据库的更新频次，不要产生竞争】
26-04-20.17:47:30.008 [scheduling-1    ] INFO  UpdateAwardStockJob    - 定时任务，更新奖品消耗库存【延迟队列获取，降低对数据库的更新频次，不要产生竞争】
26-04-20.17:47:30.043 [scheduling-1    ] INFO  updateActivitySkuStockJob - 定时任务，更新活动sku库存【延迟队列获取，降低对数据库的更新频次，不要产生竞争】
26-04-20.17:47:35.003 [scheduling-1    ] INFO  updateActivitySkuStockJob - 定时任务，更新活动sku库存【延迟队列获取，降低对数据库的更新频次，不要产生竞争】
26-04-20.17:47:35.039 [scheduling-1    ] INFO  UpdateAwardStockJob    - 定时任务，更新奖品消耗库存【延迟队列获取，降低对数据库的更新频次，不要产生竞争】
26-04-20.17:47:40.006 [scheduling-1    ] INFO  updateActivitySkuStockJob - 定时任务，更新活动sku库存【延迟队列获取，降低对数据库的更新频次，不要产生竞争】
26-04-20.17:47:40.037 [scheduling-1    ] INFO  UpdateAwardStockJob    - 定时任务，更新奖品消耗库存【延迟队列获取，降低对数据库的更新频次，不要产生竞争】
26-04-20.17:47:45.015 [scheduling-1    ] INFO  UpdateAwardStockJob    - 定时任务，更新奖品消耗库存【延迟队列获取，降低对数据库的更新频次，不要产生竞争】
26-04-20.17:47:45.046 [scheduling-1    ] INFO  updateActivitySkuStockJob - 定时任务，更新活动sku库存【延迟队列获取，降低对数据库的更新频次，不要产生竞争】
26-04-20.17:47:50.011 [scheduling-1    ] INFO  UpdateAwardStockJob    - 定时任务，更新奖品消耗库存【延迟队列获取，降低对数据库的更新频次，不要产生竞争】
26-04-20.17:47:50.046 [scheduling-1    ] INFO  updateActivitySkuStockJob - 定时任务，更新活动sku库存【延迟队列获取，降低对数据库的更新频次，不要产生竞争】
26-04-20.17:47:55.002 [scheduling-1    ] INFO  updateActivitySkuStockJob - 定时任务，更新活动sku库存【延迟队列获取，降低对数据库的更新频次，不要产生竞争】
26-04-20.17:47:55.038 [scheduling-1    ] INFO  UpdateAwardStockJob    - 定时任务，更新奖品消耗库存【延迟队列获取，降低对数据库的更新频次，不要产生竞争】
26-04-20.17:48:00.016 [scheduling-1    ] INFO  UpdateAwardStockJob    - 定时任务，更新奖品消耗库存【延迟队列获取，降低对数据库的更新频次，不要产生竞争】
26-04-20.17:48:00.052 [scheduling-1    ] INFO  updateActivitySkuStockJob - 定时任务，更新活动sku库存【延迟队列获取，降低对数据库的更新频次，不要产生竞争】
26-04-20.17:48:05.007 [scheduling-1    ] INFO  UpdateAwardStockJob    - 定时任务，更新奖品消耗库存【延迟队列获取，降低对数据库的更新频次，不要产生竞争】
26-04-20.17:48:05.039 [scheduling-1    ] INFO  updateActivitySkuStockJob - 定时任务，更新活动sku库存【延迟队列获取，降低对数据库的更新频次，不要产生竞争】
26-04-20.17:48:10.002 [scheduling-1    ] INFO  UpdateAwardStockJob    - 定时任务，更新奖品消耗库存【延迟队列获取，降低对数据库的更新频次，不要产生竞争】
26-04-20.17:48:10.034 [scheduling-1    ] INFO  updateActivitySkuStockJob - 定时任务，更新活动sku库存【延迟队列获取，降低对数据库的更新频次，不要产生竞争】
26-04-20.17:48:15.012 [scheduling-1    ] INFO  updateActivitySkuStockJob - 定时任务，更新活动sku库存【延迟队列获取，降低对数据库的更新频次，不要产生竞争】
26-04-20.17:48:15.048 [scheduling-1    ] INFO  UpdateAwardStockJob    - 定时任务，更新奖品消耗库存【延迟队列获取，降低对数据库的更新频次，不要产生竞争】
26-04-20.17:48:20.011 [scheduling-1    ] INFO  updateActivitySkuStockJob - 定时任务，更新活动sku库存【延迟队列获取，降低对数据库的更新频次，不要产生竞争】
26-04-20.17:48:20.046 [scheduling-1    ] INFO  UpdateAwardStockJob    - 定时任务，更新奖品消耗库存【延迟队列获取，降低对数据库的更新频次，不要产生竞争】
26-04-20.17:48:25.010 [scheduling-1    ] INFO  UpdateAwardStockJob    - 定时任务，更新奖品消耗库存【延迟队列获取，降低对数据库的更新频次，不要产生竞争】
26-04-20.17:48:25.046 [scheduling-1    ] INFO  updateActivitySkuStockJob - 定时任务，更新活动sku库存【延迟队列获取，降低对数据库的更新频次，不要产生竞争】
26-04-20.17:48:30.000 [scheduling-1    ] INFO  updateActivitySkuStockJob - 定时任务，更新活动sku库存【延迟队列获取，降低对数据库的更新频次，不要产生竞争】
26-04-20.17:48:30.030 [scheduling-1    ] INFO  UpdateAwardStockJob    - 定时任务，更新奖品消耗库存【延迟队列获取，降低对数据库的更新频次，不要产生竞争】
26-04-20.17:48:35.006 [scheduling-1    ] INFO  UpdateAwardStockJob    - 定时任务，更新奖品消耗库存【延迟队列获取，降低对数据库的更新频次，不要产生竞争】
26-04-20.17:48:35.037 [scheduling-1    ] INFO  updateActivitySkuStockJob - 定时任务，更新活动sku库存【延迟队列获取，降低对数据库的更新频次，不要产生竞争】
26-04-20.17:48:40.002 [scheduling-1    ] INFO  UpdateAwardStockJob    - 定时任务，更新奖品消耗库存【延迟队列获取，降低对数据库的更新频次，不要产生竞争】
26-04-20.17:48:40.037 [scheduling-1    ] INFO  updateActivitySkuStockJob - 定时任务，更新活动sku库存【延迟队列获取，降低对数据库的更新频次，不要产生竞争】
26-04-20.17:48:45.004 [scheduling-1    ] INFO  updateActivitySkuStockJob - 定时任务，更新活动sku库存【延迟队列获取，降低对数据库的更新频次，不要产生竞争】
26-04-20.17:48:45.039 [scheduling-1    ] INFO  UpdateAwardStockJob    - 定时任务，更新奖品消耗库存【延迟队列获取，降低对数据库的更新频次，不要产生竞争】
26-04-20.17:48:50.014 [scheduling-1    ] INFO  updateActivitySkuStockJob - 定时任务，更新活动sku库存【延迟队列获取，降低对数据库的更新频次，不要产生竞争】
26-04-20.17:48:50.050 [scheduling-1    ] INFO  UpdateAwardStockJob    - 定时任务，更新奖品消耗库存【延迟队列获取，降低对数据库的更新频次，不要产生竞争】
26-04-20.17:48:55.000 [scheduling-1    ] INFO  updateActivitySkuStockJob - 定时任务，更新活动sku库存【延迟队列获取，降低对数据库的更新频次，不要产生竞争】
26-04-20.17:48:55.031 [scheduling-1    ] INFO  UpdateAwardStockJob    - 定时任务，更新奖品消耗库存【延迟队列获取，降低对数据库的更新频次，不要产生竞争】
26-04-20.17:49:00.012 [scheduling-1    ] INFO  UpdateAwardStockJob    - 定时任务，更新奖品消耗库存【延迟队列获取，降低对数据库的更新频次，不要产生竞争】
26-04-20.17:49:00.043 [scheduling-1    ] INFO  updateActivitySkuStockJob - 定时任务，更新活动sku库存【延迟队列获取，降低对数据库的更新频次，不要产生竞争】
26-04-20.17:49:05.004 [scheduling-1    ] INFO  UpdateAwardStockJob    - 定时任务，更新奖品消耗库存【延迟队列获取，降低对数据库的更新频次，不要产生竞争】
26-04-20.17:49:05.041 [scheduling-1    ] INFO  updateActivitySkuStockJob - 定时任务，更新活动sku库存【延迟队列获取，降低对数据库的更新频次，不要产生竞争】
26-04-20.17:49:10.001 [scheduling-1    ] INFO  updateActivitySkuStockJob - 定时任务，更新活动sku库存【延迟队列获取，降低对数据库的更新频次，不要产生竞争】
26-04-20.17:49:10.036 [scheduling-1    ] INFO  UpdateAwardStockJob    - 定时任务，更新奖品消耗库存【延迟队列获取，降低对数据库的更新频次，不要产生竞争】
26-04-20.17:49:15.002 [scheduling-1    ] INFO  UpdateAwardStockJob    - 定时任务，更新奖品消耗库存【延迟队列获取，降低对数据库的更新频次，不要产生竞争】
26-04-20.17:49:15.037 [scheduling-1    ] INFO  updateActivitySkuStockJob - 定时任务，更新活动sku库存【延迟队列获取，降低对数据库的更新频次，不要产生竞争】
26-04-20.17:49:20.002 [scheduling-1    ] INFO  updateActivitySkuStockJob - 定时任务，更新活动sku库存【延迟队列获取，降低对数据库的更新频次，不要产生竞争】
26-04-20.17:49:20.032 [scheduling-1    ] INFO  UpdateAwardStockJob    - 定时任务，更新奖品消耗库存【延迟队列获取，降低对数据库的更新频次，不要产生竞争】
26-04-20.17:49:25.000 [scheduling-1    ] INFO  UpdateAwardStockJob    - 定时任务，更新奖品消耗库存【延迟队列获取，降低对数据库的更新频次，不要产生竞争】
26-04-20.17:49:25.032 [scheduling-1    ] INFO  updateActivitySkuStockJob - 定时任务，更新活动sku库存【延迟队列获取，降低对数据库的更新频次，不要产生竞争】
26-04-20.17:49:30.010 [scheduling-1    ] INFO  updateActivitySkuStockJob - 定时任务，更新活动sku库存【延迟队列获取，降低对数据库的更新频次，不要产生竞争】
26-04-20.17:49:30.046 [scheduling-1    ] INFO  UpdateAwardStockJob    - 定时任务，更新奖品消耗库存【延迟队列获取，降低对数据库的更新频次，不要产生竞争】
26-04-20.17:49:35.011 [scheduling-1    ] INFO  updateActivitySkuStockJob - 定时任务，更新活动sku库存【延迟队列获取，降低对数据库的更新频次，不要产生竞争】
26-04-20.17:49:35.045 [scheduling-1    ] INFO  UpdateAwardStockJob    - 定时任务，更新奖品消耗库存【延迟队列获取，降低对数据库的更新频次，不要产生竞争】
26-04-20.17:49:40.013 [scheduling-1    ] INFO  updateActivitySkuStockJob - 定时任务，更新活动sku库存【延迟队列获取，降低对数据库的更新频次，不要产生竞争】
26-04-20.17:49:40.049 [scheduling-1    ] INFO  UpdateAwardStockJob    - 定时任务，更新奖品消耗库存【延迟队列获取，降低对数据库的更新频次，不要产生竞争】
26-04-20.17:49:45.002 [scheduling-1    ] INFO  updateActivitySkuStockJob - 定时任务，更新活动sku库存【延迟队列获取，降低对数据库的更新频次，不要产生竞争】
26-04-20.17:49:45.033 [scheduling-1    ] INFO  UpdateAwardStockJob    - 定时任务，更新奖品消耗库存【延迟队列获取，降低对数据库的更新频次，不要产生竞争】
26-04-20.17:49:50.012 [scheduling-1    ] INFO  UpdateAwardStockJob    - 定时任务，更新奖品消耗库存【延迟队列获取，降低对数据库的更新频次，不要产生竞争】
26-04-20.17:49:50.042 [scheduling-1    ] INFO  updateActivitySkuStockJob - 定时任务，更新活动sku库存【延迟队列获取，降低对数据库的更新频次，不要产生竞争】
26-04-20.17:49:55.007 [scheduling-1    ] INFO  updateActivitySkuStockJob - 定时任务，更新活动sku库存【延迟队列获取，降低对数据库的更新频次，不要产生竞争】
26-04-20.17:49:55.042 [scheduling-1    ] INFO  UpdateAwardStockJob    - 定时任务，更新奖品消耗库存【延迟队列获取，降低对数据库的更新频次，不要产生竞争】
26-04-20.17:50:00.010 [scheduling-1    ] INFO  UpdateAwardStockJob    - 定时任务，更新奖品消耗库存【延迟队列获取，降低对数据库的更新频次，不要产生竞争】
26-04-20.17:50:00.044 [scheduling-1    ] INFO  updateActivitySkuStockJob - 定时任务，更新活动sku库存【延迟队列获取，降低对数据库的更新频次，不要产生竞争】
26-04-20.17:50:05.004 [scheduling-1    ] INFO  updateActivitySkuStockJob - 定时任务，更新活动sku库存【延迟队列获取，降低对数据库的更新频次，不要产生竞争】
26-04-20.17:50:05.039 [scheduling-1    ] INFO  UpdateAwardStockJob    - 定时任务，更新奖品消耗库存【延迟队列获取，降低对数据库的更新频次，不要产生竞争】
26-04-20.17:50:10.001 [scheduling-1    ] INFO  UpdateAwardStockJob    - 定时任务，更新奖品消耗库存【延迟队列获取，降低对数据库的更新频次，不要产生竞争】
26-04-20.17:50:10.032 [scheduling-1    ] INFO  updateActivitySkuStockJob - 定时任务，更新活动sku库存【延迟队列获取，降低对数据库的更新频次，不要产生竞争】
26-04-20.17:50:15.007 [scheduling-1    ] INFO  updateActivitySkuStockJob - 定时任务，更新活动sku库存【延迟队列获取，降低对数据库的更新频次，不要产生竞争】
26-04-20.17:50:15.039 [scheduling-1    ] INFO  UpdateAwardStockJob    - 定时任务，更新奖品消耗库存【延迟队列获取，降低对数据库的更新频次，不要产生竞争】
26-04-20.17:50:20.009 [scheduling-1    ] INFO  UpdateAwardStockJob    - 定时任务，更新奖品消耗库存【延迟队列获取，降低对数据库的更新频次，不要产生竞争】
26-04-20.17:50:20.044 [scheduling-1    ] INFO  updateActivitySkuStockJob - 定时任务，更新活动sku库存【延迟队列获取，降低对数据库的更新频次，不要产生竞争】
26-04-20.17:50:25.002 [scheduling-1    ] INFO  UpdateAwardStockJob    - 定时任务，更新奖品消耗库存【延迟队列获取，降低对数据库的更新频次，不要产生竞争】
26-04-20.17:50:25.039 [scheduling-1    ] INFO  updateActivitySkuStockJob - 定时任务，更新活动sku库存【延迟队列获取，降低对数据库的更新频次，不要产生竞争】
26-04-20.17:50:30.010 [scheduling-1    ] INFO  updateActivitySkuStockJob - 定时任务，更新活动sku库存【延迟队列获取，降低对数据库的更新频次，不要产生竞争】
26-04-20.17:50:30.046 [scheduling-1    ] INFO  UpdateAwardStockJob    - 定时任务，更新奖品消耗库存【延迟队列获取，降低对数据库的更新频次，不要产生竞争】
26-04-20.17:50:35.006 [scheduling-1    ] INFO  updateActivitySkuStockJob - 定时任务，更新活动sku库存【延迟队列获取，降低对数据库的更新频次，不要产生竞争】
26-04-20.17:50:35.037 [scheduling-1    ] INFO  UpdateAwardStockJob    - 定时任务，更新奖品消耗库存【延迟队列获取，降低对数据库的更新频次，不要产生竞争】
26-04-20.17:50:40.003 [scheduling-1    ] INFO  updateActivitySkuStockJob - 定时任务，更新活动sku库存【延迟队列获取，降低对数据库的更新频次，不要产生竞争】
26-04-20.17:50:40.034 [scheduling-1    ] INFO  UpdateAwardStockJob    - 定时任务，更新奖品消耗库存【延迟队列获取，降低对数据库的更新频次，不要产生竞争】
26-04-20.17:50:45.004 [scheduling-1    ] INFO  UpdateAwardStockJob    - 定时任务，更新奖品消耗库存【延迟队列获取，降低对数据库的更新频次，不要产生竞争】
26-04-20.17:50:45.040 [scheduling-1    ] INFO  updateActivitySkuStockJob - 定时任务，更新活动sku库存【延迟队列获取，降低对数据库的更新频次，不要产生竞争】
26-04-20.17:50:50.004 [scheduling-1    ] INFO  UpdateAwardStockJob    - 定时任务，更新奖品消耗库存【延迟队列获取，降低对数据库的更新频次，不要产生竞争】
26-04-20.17:50:50.038 [scheduling-1    ] INFO  updateActivitySkuStockJob - 定时任务，更新活动sku库存【延迟队列获取，降低对数据库的更新频次，不要产生竞争】
26-04-20.17:50:55.009 [scheduling-1    ] INFO  UpdateAwardStockJob    - 定时任务，更新奖品消耗库存【延迟队列获取，降低对数据库的更新频次，不要产生竞争】
26-04-20.17:50:55.045 [scheduling-1    ] INFO  updateActivitySkuStockJob - 定时任务，更新活动sku库存【延迟队列获取，降低对数据库的更新频次，不要产生竞争】
26-04-20.17:51:00.009 [scheduling-1    ] INFO  UpdateAwardStockJob    - 定时任务，更新奖品消耗库存【延迟队列获取，降低对数据库的更新频次，不要产生竞争】
26-04-20.17:51:00.040 [scheduling-1    ] INFO  updateActivitySkuStockJob - 定时任务，更新活动sku库存【延迟队列获取，降低对数据库的更新频次，不要产生竞争】
26-04-20.17:51:05.009 [scheduling-1    ] INFO  UpdateAwardStockJob    - 定时任务，更新奖品消耗库存【延迟队列获取，降低对数据库的更新频次，不要产生竞争】
26-04-20.17:51:05.040 [scheduling-1    ] INFO  updateActivitySkuStockJob - 定时任务，更新活动sku库存【延迟队列获取，降低对数据库的更新频次，不要产生竞争】
26-04-20.17:51:09.999 [scheduling-1    ] INFO  updateActivitySkuStockJob - 定时任务，更新活动sku库存【延迟队列获取，降低对数据库的更新频次，不要产生竞争】
26-04-20.17:51:10.034 [scheduling-1    ] INFO  UpdateAwardStockJob    - 定时任务，更新奖品消耗库存【延迟队列获取，降低对数据库的更新频次，不要产生竞争】
26-04-20.17:51:15.004 [scheduling-1    ] INFO  UpdateAwardStockJob    - 定时任务，更新奖品消耗库存【延迟队列获取，降低对数据库的更新频次，不要产生竞争】
26-04-20.17:51:15.039 [scheduling-1    ] INFO  updateActivitySkuStockJob - 定时任务，更新活动sku库存【延迟队列获取，降低对数据库的更新频次，不要产生竞争】
26-04-20.17:51:20.012 [scheduling-1    ] INFO  updateActivitySkuStockJob - 定时任务，更新活动sku库存【延迟队列获取，降低对数据库的更新频次，不要产生竞争】
26-04-20.17:51:20.048 [scheduling-1    ] INFO  UpdateAwardStockJob    - 定时任务，更新奖品消耗库存【延迟队列获取，降低对数据库的更新频次，不要产生竞争】
26-04-20.17:51:25.016 [scheduling-1    ] INFO  UpdateAwardStockJob    - 定时任务，更新奖品消耗库存【延迟队列获取，降低对数据库的更新频次，不要产生竞争】
26-04-20.17:51:25.046 [scheduling-1    ] INFO  updateActivitySkuStockJob - 定时任务，更新活动sku库存【延迟队列获取，降低对数据库的更新频次，不要产生竞争】
26-04-20.17:51:30.014 [scheduling-1    ] INFO  UpdateAwardStockJob    - 定时任务，更新奖品消耗库存【延迟队列获取，降低对数据库的更新频次，不要产生竞争】
26-04-20.17:51:30.046 [scheduling-1    ] INFO  updateActivitySkuStockJob - 定时任务，更新活动sku库存【延迟队列获取，降低对数据库的更新频次，不要产生竞争】
26-04-20.17:51:35.007 [scheduling-1    ] INFO  UpdateAwardStockJob    - 定时任务，更新奖品消耗库存【延迟队列获取，降低对数据库的更新频次，不要产生竞争】
26-04-20.17:51:35.042 [scheduling-1    ] INFO  updateActivitySkuStockJob - 定时任务，更新活动sku库存【延迟队列获取，降低对数据库的更新频次，不要产生竞争】
26-04-20.17:51:40.001 [scheduling-1    ] INFO  updateActivitySkuStockJob - 定时任务，更新活动sku库存【延迟队列获取，降低对数据库的更新频次，不要产生竞争】
26-04-20.17:51:40.036 [scheduling-1    ] INFO  UpdateAwardStockJob    - 定时任务，更新奖品消耗库存【延迟队列获取，降低对数据库的更新频次，不要产生竞争】
26-04-20.17:51:45.004 [scheduling-1    ] INFO  updateActivitySkuStockJob - 定时任务，更新活动sku库存【延迟队列获取，降低对数据库的更新频次，不要产生竞争】
26-04-20.17:51:45.040 [scheduling-1    ] INFO  UpdateAwardStockJob    - 定时任务，更新奖品消耗库存【延迟队列获取，降低对数据库的更新频次，不要产生竞争】
26-04-20.17:51:50.013 [scheduling-1    ] INFO  UpdateAwardStockJob    - 定时任务，更新奖品消耗库存【延迟队列获取，降低对数据库的更新频次，不要产生竞争】
26-04-20.17:51:50.044 [scheduling-1    ] INFO  updateActivitySkuStockJob - 定时任务，更新活动sku库存【延迟队列获取，降低对数据库的更新频次，不要产生竞争】
26-04-20.17:51:55.004 [scheduling-1    ] INFO  UpdateAwardStockJob    - 定时任务，更新奖品消耗库存【延迟队列获取，降低对数据库的更新频次，不要产生竞争】
26-04-20.17:51:55.034 [scheduling-1    ] INFO  updateActivitySkuStockJob - 定时任务，更新活动sku库存【延迟队列获取，降低对数据库的更新频次，不要产生竞争】
26-04-20.17:52:00.004 [scheduling-1    ] INFO  updateActivitySkuStockJob - 定时任务，更新活动sku库存【延迟队列获取，降低对数据库的更新频次，不要产生竞争】
26-04-20.17:52:00.039 [scheduling-1    ] INFO  UpdateAwardStockJob    - 定时任务，更新奖品消耗库存【延迟队列获取，降低对数据库的更新频次，不要产生竞争】
26-04-20.17:52:03.964 [org.springframework.amqp.rabbit.RabbitListenerEndpointContainer#0-2] INFO  SimpleMessageListenerContainer - Waiting for workers to finish.
26-04-20.17:52:04.947 [org.springframework.amqp.rabbit.RabbitListenerEndpointContainer#0-2] INFO  SimpleMessageListenerContainer - Successfully waited for workers to finish.
26-04-20.17:52:04.948 [SpringApplicationShutdownHook] INFO  SimpleMessageListenerContainer - Shutdown ignored - container is already stopped
